N,P,K,temperature,humidity,ph,rainfall,label,soil_type
116.1,66.6,84.7,29.83,62.33,7.23,1536.6,sugarcane,alluvial soil
76.9,54.5,57.1,23.01,64.76,6.32,856.9,chilli,black soil
29.4,40.7,29.7,29.92,51.6,6.68,796.1,pigeonpeas,black soil
109.3,60.9,68.7,32.45,56.8,7.4,765.3,pomegranate,red soil
53.2,34.1,39.0,29.39,48.28,7.77,554.9,bajra,red soil
25.3,22.0,27.1,31.59,60.78,6.65,703.6,greengram,alluvial soil
52.6,28.3,31.6,30.72,59.37,7.63,609.9,bajra,red soil
17.1,24.4,28.3,29.38,61.98,6.63,742.6,greengram,black soil
100.7,45.9,59.3,20.19,66.82,6.69,808.7,tomato,alluvial soil
103.5,51.4,2.1,19.44,92.78,6.59,1029.1,cotton,red soil
49.3,25.0,38.8,29.08,51.03,7.05,610.8,bajra,alluvial soil
54.9,35.0,32.2,29.02,44.71,7.76,592.4,bajra,red soil
70.3,47.6,10.7,26.2,62.56,9.15,2497.4,grapes,black soil
88.5,42.1,42.7,29.29,62.83,7.61,761.3,cotton,red soil
4.4,56.6,51.2,40.46,59.76,8.38,201.3,soybean,alluvial soil
105.7,69.9,88.0,26.92,69.52,6.68,838.3,grapes,black soil
66.6,40.3,54.2,27.84,68.73,7.25,713.4,cotton,black soil
17.6,31.3,16.5,31.71,50.46,6.71,562.8,blackgram,red soil
20.2,32.9,28.5,26.64,68.88,7.09,677.8,greengram,alluvial soil
94.3,44.0,48.2,27.34,66.45,6.75,806.8,chilli,red soil
62.4,43.2,54.4,19.48,53.71,6.0,497.0,wheat,black soil
104.2,43.3,62.9,24.85,61.79,6.81,790.5,onion,alluvial soil
49.4,38.7,37.1,23.34,63.56,7.23,658.9,ragi,red soil
112.3,51.1,40.8,14.64,21.76,9.25,1412.5,safflower,alluvial soil
108.4,53.4,87.9,25.52,61.87,7.26,751.6,grapes,red soil
39.6,20.1,31.8,32.22,57.3,6.33,441.9,bajra,red soil
52.1,27.9,34.9,31.14,42.61,6.56,440.6,bajra,red soil
27.2,34.4,21.5,31.6,64.34,6.88,640.1,blackgram,red soil
20.3,36.5,30.0,28.41,47.59,7.11,420.4,chickpea,black soil
99.5,35.4,64.8,25.4,59.8,6.55,951.8,chilli,red soil
50.1,33.1,40.1,19.65,36.08,7.5,462.4,safflower,red soil
69.2,30.5,46.3,31.36,55.75,4.59,941.5,tomato,alluvial soil
81.6,37.6,52.8,30.04,71.29,7.06,848.8,chilli,red soil
39.7,37.9,26.4,33.64,45.23,6.82,821.5,pigeonpeas,black soil
105.9,58.1,71.2,21.37,77.25,6.45,695.5,tomato,red soil
74.9,47.3,54.8,28.15,66.66,7.7,615.8,cotton,red soil
57.6,34.2,39.7,22.87,69.19,6.14,968.4,ragi,red soil
120.6,2.1,87.3,19.04,33.43,6.77,2100.3,lentil,red soil
75.0,40.8,63.5,25.58,62.99,6.88,793.4,maize,black soil
82.4,47.6,63.8,27.93,72.37,6.22,612.1,maize,red soil
108.8,66.7,69.3,28.21,42.54,7.04,565.0,pomegranate,black soil
108.7,45.8,59.2,22.99,66.55,6.85,604.6,tomato,red soil
45.6,44.5,48.0,26.15,66.38,7.47,630.1,ragi,red soil
55.5,37.7,34.2,23.18,48.6,7.03,623.6,safflower,red soil
43.2,31.4,40.4,23.89,41.01,6.5,450.0,safflower,red soil
26.0,31.7,29.5,23.26,51.64,6.91,712.5,pigeonpeas,red soil
48.4,35.5,49.8,21.62,57.53,5.7,852.4,ragi,red soil
120.6,50.7,88.4,32.52,76.82,6.53,1996.6,sugarcane,black soil
61.4,39.5,41.5,23.81,60.24,6.43,571.3,wheat,black soil
101.9,55.1,88.2,28.26,50.86,6.57,808.3,grapes,red soil
18.9,33.1,25.0,20.44,63.98,6.44,495.6,lentil,black soil
122.1,68.7,71.6,34.21,69.6,6.91,1430.4,sugarcane,alluvial soil
67.1,37.5,36.3,25.19,58.98,6.87,645.0,sunflower,red soil
27.6,38.7,29.5,34.61,46.82,6.52,756.7,pigeonpeas,red soil
50.5,25.7,44.2,31.32,52.82,8.06,627.5,jowar,red soil
123.6,49.2,81.3,32.46,52.1,8.18,1433.1,soybean,alluvial soil
53.7,40.9,45.5,22.06,58.41,7.1,664.8,sunflower,red soil
87.2,35.3,49.0,30.85,63.87,6.72,939.4,cotton,red soil
86.5,52.8,54.4,23.9,71.85,7.1,966.7,onion,red soil
32.4,14.4,91.1,17.41,29.48,4.51,1580.7,chickpea,alluvial soil
30.5,43.3,31.5,31.75,60.0,6.62,800.3,groundnut,red soil
45.1,31.0,39.8,21.54,53.92,6.65,597.8,safflower,black soil
46.2,28.3,26.9,32.42,46.48,7.07,580.5,bajra,red soil
101.9,58.0,59.1,23.95,68.7,6.37,973.3,tomato,red soil
87.2,56.7,55.8,12.64,37.67,4.74,2374.7,soybean,red soil
35.3,32.2,38.5,27.94,42.45,6.9,549.4,bajra,red soil
26.5,32.5,32.3,26.91,53.38,7.56,818.0,pigeonpeas,red soil
49.2,35.4,39.1,26.3,65.34,6.26,656.7,ragi,red soil
38.0,21.3,39.3,29.3,44.22,6.26,470.8,bajra,alluvial soil
66.2,52.6,45.9,27.74,67.52,6.92,871.1,cotton,red soil
64.3,6.3,43.5,37.32,25.64,9.35,1701.6,onion,alluvial soil
102.0,62.1,68.2,22.68,74.55,6.42,675.6,tomato,alluvial soil
17.3,29.6,26.9,25.12,52.13,6.79,588.9,greengram,black soil
38.9,15.5,31.5,21.19,75.16,7.29,531.4,pigeonpeas,laterite soil
16.0,23.0,18.2,28.59,52.05,7.26,610.5,blackgram,red soil
43.8,23.8,36.1,33.02,50.9,6.58,468.5,bajra,red soil
125.6,62.5,77.2,26.7,61.68,7.27,1477.1,sugarcane,alluvial soil
48.2,21.8,35.4,30.0,50.17,6.47,539.7,bajra,alluvial soil
26.7,44.7,35.8,23.48,68.31,7.38,676.3,pigeonpeas,black soil
22.8,31.1,35.4,30.9,61.22,6.96,605.5,groundnut,red soil
22.3,30.3,23.8,20.28,54.65,7.15,492.8,lentil,black soil
104.7,63.7,69.3,26.71,77.23,6.94,1665.6,sugarcane,black soil
85.7,45.4,59.5,25.79,59.91,6.46,945.6,cotton,red soil
138.1,11.7,51.6,36.35,59.86,5.58,2380.4,pomegranate,black soil
101.8,62.3,76.4,28.94,57.84,6.51,762.9,grapes,red soil
96.1,71.6,87.6,41.06,81.08,8.86,1323.8,jowar,black soil
26.9,31.7,29.1,31.26,52.31,7.32,798.4,blackgram,red soil
3.2,11.7,42.9,18.8,63.98,5.91,373.2,jowar,red soil
98.0,74.4,21.9,42.68,54.11,5.18,1962.6,greengram,black soil
91.2,61.1,20.6,17.78,35.94,4.57,1642.0,groundnut,laterite soil
29.9,30.1,99.3,40.97,92.27,9.37,2414.8,wheat,black soil
95.4,47.0,59.8,29.41,72.4,7.34,805.3,chilli,red soil
37.3,33.2,40.3,30.82,63.62,6.88,882.4,groundnut,alluvial soil
24.7,22.7,19.7,33.16,55.8,7.16,714.5,blackgram,black soil
80.5,43.0,56.5,38.63,69.68,8.5,1571.9,pigeonpeas,laterite soil
61.5,48.1,52.0,16.99,53.78,6.06,538.9,wheat,alluvial soil
64.6,48.4,40.5,17.51,62.94,7.36,597.6,wheat,black soil
20.9,29.9,26.8,30.74,58.35,6.87,679.7,blackgram,black soil
28.8,31.6,25.2,31.08,66.24,7.49,512.5,greengram,alluvial soil
19.6,74.4,17.3,42.88,55.59,8.46,1899.0,sugarcane,laterite soil
19.6,29.0,15.9,27.35,54.46,7.18,743.4,blackgram,black soil
104.6,71.5,94.5,42.38,84.92,8.94,2394.5,jowar,black soil
121.5,53.4,70.2,32.72,70.84,6.52,1455.3,sugarcane,alluvial soil
9.2,75.7,0.5,38.92,80.95,7.5,2147.2,lentil,red soil
84.2,48.6,65.0,27.15,71.66,6.61,817.6,chilli,red soil
29.4,49.2,98.3,14.59,46.77,6.81,1938.4,tomato,red soil
23.6,27.6,24.8,21.04,41.35,6.8,518.0,chickpea,black soil
28.4,37.5,29.8,29.35,64.03,6.7,802.8,pigeonpeas,black soil
93.7,49.3,56.2,24.31,64.21,6.16,693.8,onion,alluvial soil
41.9,41.2,41.2,29.68,58.08,6.78,987.3,ragi,laterite soil
30.1,33.3,36.7,25.06,51.95,6.66,869.2,pigeonpeas,red soil
20.6,33.0,10.2,43.64,62.15,8.65,988.3,blackgram,alluvial soil
34.3,34.7,44.3,25.99,74.65,6.28,954.4,soybean,alluvial soil
24.8,22.2,61.9,28.31,40.59,8.87,549.6,wheat,black soil
83.2,46.2,58.2,23.59,62.97,5.63,634.5,maize,black soil
41.8,62.9,35.8,25.42,58.99,4.9,494.4,pigeonpeas,red soil
38.5,34.5,30.6,29.87,67.3,7.38,788.8,pigeonpeas,red soil
113.9,47.8,82.7,20.07,75.58,9.09,2492.3,chilli,black soil
76.1,40.6,49.1,27.12,66.65,6.38,891.9,chilli,black soil
68.0,51.9,55.2,30.3,69.37,6.84,554.0,cotton,red soil
108.4,57.2,61.2,22.65,70.74,6.63,678.3,tomato,red soil
19.5,34.6,24.3,29.44,53.78,6.58,626.8,greengram,black soil
56.9,43.6,42.6,28.89,56.54,6.78,899.2,ragi,laterite soil
41.6,33.9,35.4,15.29,41.62,7.24,485.9,safflower,red soil
114.5,64.6,59.2,27.48,71.4,6.6,841.4,tomato,red soil
57.3,1.9,69.1,22.49,24.48,8.53,1236.5,blackgram,black soil
69.6,64.8,44.4,20.29,73.91,9.34,242.9,chickpea,black soil
36.5,27.0,42.6,28.17,53.97,6.8,621.8,groundnut,alluvial soil
112.3,62.3,76.5,29.02,67.66,7.02,793.7,grapes,red soil
60.4,41.2,41.3,29.45,66.08,6.89,982.3,ragi,red soil
54.9,30.7,31.0,31.79,59.08,8.06,486.1,jowar,red soil
21.9,26.9,21.6,26.79,60.55,7.3,489.2,lentil,black soil
31.5,33.2,34.1,25.16,47.52,7.84,402.7,chickpea,black soil
51.7,33.2,47.0,26.56,58.85,6.66,809.3,ragi,red soil
2.3,20.9,53.1,15.66,90.86,6.28,1246.9,cotton,black soil
110.7,59.0,73.0,27.91,70.74,6.88,1586.8,sugarcane,alluvial soil
40.3,39.6,30.7,21.2,38.87,6.67,415.0,safflower,red soil
69.9,44.3,53.8,33.75,58.87,7.18,771.7,cotton,black soil
24.4,33.9,23.4,28.1,48.82,7.8,424.0,chickpea,black soil
105.1,56.1,70.9,31.28,40.41,7.39,676.0,pomegranate,red soil
113.1,55.1,65.3,24.66,62.13,7.96,511.5,wheat,black soil
18.5,27.8,27.7,24.87,51.99,7.02,578.5,lentil,black soil
63.0,32.8,41.1,23.3,65.27,6.04,935.8,ragi,red soil
26.9,33.7,36.6,22.98,63.6,7.27,679.0,pigeonpeas,red soil
137.4,54.5,75.1,26.5,69.35,6.59,1376.8,sugarcane,black soil
130.2,10.4,61.2,38.05,28.94,6.45,1774.1,maize,red soil
103.2,53.3,59.9,23.94,67.33,6.04,735.3,onion,black soil
36.1,43.0,27.0,26.2,56.51,6.53,790.9,pigeonpeas,black soil
27.9,39.6,44.3,25.45,60.23,6.4,796.4,groundnut,red soil
77.1,40.5,48.8,29.56,65.63,6.97,557.3,cotton,red soil
1.1,34.1,2.4,21.24,74.94,7.03,2242.4,sugarcane,laterite soil
20.3,27.2,64.9,42.97,70.0,6.96,637.8,sunflower,laterite soil
40.6,45.3,37.3,28.53,70.55,6.13,600.3,soybean,black soil
36.4,27.2,27.5,30.1,59.76,6.98,441.5,bajra,red soil
17.0,29.3,29.2,18.09,53.91,7.4,445.3,lentil,alluvial soil
65.0,38.8,41.3,18.71,57.03,6.11,540.1,wheat,alluvial soil
26.9,38.2,34.4,27.18,69.2,6.42,681.0,groundnut,alluvial soil
131.9,26.6,3.8,31.37,37.12,6.05,1026.0,groundnut,black soil
23.9,30.6,21.2,18.08,62.86,6.87,564.6,lentil,alluvial soil
78.9,42.9,56.1,34.27,56.52,7.59,647.9,cotton,black soil
25.9,37.5,26.0,34.24,67.41,7.14,726.7,pigeonpeas,red soil
86.0,52.9,52.5,25.63,51.39,6.57,685.6,cotton,red soil
69.9,39.1,49.1,27.83,56.05,6.41,820.1,cotton,red soil
17.2,33.2,22.3,26.65,58.25,7.05,570.6,greengram,black soil
118.4,53.6,75.9,27.5,79.84,7.39,1241.0,sugarcane,alluvial soil
128.7,10.8,37.6,33.46,22.26,4.64,1952.6,sunflower,alluvial soil
90.3,62.5,83.6,32.89,41.36,6.98,572.1,pomegranate,black soil
95.8,56.8,53.4,23.45,73.33,6.94,826.5,onion,alluvial soil
55.5,39.5,46.1,27.28,46.25,7.65,754.2,sunflower,alluvial soil
110.0,65.5,94.7,26.34,50.57,6.57,742.3,grapes,black soil
20.3,26.0,22.2,20.77,61.41,6.28,430.2,lentil,alluvial soil
29.8,76.5,27.9,38.58,54.02,8.06,1790.4,pomegranate,laterite soil
96.6,62.4,71.0,22.4,76.57,6.77,620.5,tomato,alluvial soil
49.2,37.4,32.0,25.24,65.13,6.09,701.0,soybean,alluvial soil
102.9,73.0,76.9,25.11,33.34,6.77,1240.7,chilli,black soil
16.1,31.9,26.7,22.17,48.56,7.04,562.5,lentil,alluvial soil
35.1,29.8,27.4,29.52,51.6,7.76,576.4,bajra,red soil
57.3,25.9,39.9,16.14,36.43,7.06,595.3,safflower,black soil
37.3,41.5,32.7,26.54,56.39,7.1,661.1,pigeonpeas,red soil
41.4,40.5,27.0,25.82,79.27,6.45,743.4,soybean,alluvial soil
10.6,78.8,48.3,13.29,55.07,5.29,2353.3,bajra,black soil
63.2,49.8,42.9,24.86,55.09,7.32,784.2,sunflower,red soil
66.9,48.1,38.6,29.09,42.38,7.41,587.5,sunflower,alluvial soil
16.1,22.6,29.3,26.16,62.53,7.14,529.7,greengram,alluvial soil
102.4,32.2,28.3,35.6,46.59,5.28,318.0,blackgram,red soil
55.9,34.3,37.8,27.65,57.69,7.59,514.0,jowar,black soil
72.0,78.5,99.8,37.88,60.41,4.56,1882.3,wheat,alluvial soil
19.8,31.6,26.5,33.69,67.59,7.34,639.3,blackgram,black soil
19.8,29.9,20.2,31.66,54.18,6.78,602.3,greengram,alluvial soil
7.3,65.9,23.4,22.04,34.6,4.63,2288.5,bajra,laterite soil
44.8,18.1,19.1,22.96,79.3,6.07,830.0,pigeonpeas,black soil
44.2,27.3,30.7,34.47,40.1,7.71,555.1,bajra,alluvial soil
54.3,43.3,21.0,31.59,83.44,4.59,441.2,chilli,black soil
80.7,59.2,60.9,24.09,63.91,6.49,766.7,maize,red soil
129.9,61.3,99.6,43.66,43.92,4.56,2195.8,ragi,black soil
42.2,39.9,36.8,22.25,66.31,7.16,647.7,soybean,alluvial soil
41.8,36.7,30.5,22.61,46.44,6.58,466.0,safflower,red soil
76.7,41.7,44.6,32.35,56.76,6.71,777.0,cotton,black soil
75.0,31.6,31.5,32.38,27.01,5.88,2278.6,groundnut,alluvial soil
88.5,54.2,52.2,28.47,68.53,6.68,659.3,chilli,black soil
59.3,34.3,41.3,27.52,53.58,5.63,777.2,ragi,laterite soil
45.2,26.8,32.4,20.38,44.76,7.52,596.3,safflower,black soil
96.3,53.1,55.5,25.58,69.17,6.15,864.8,chilli,black soil
61.5,37.3,40.1,25.01,54.05,7.66,686.1,sunflower,red soil
65.3,49.7,45.1,16.55,63.13,6.23,630.5,wheat,black soil
12.5,79.7,19.4,13.59,92.18,8.27,319.6,sugarcane,red soil
51.4,11.5,61.1,34.03,27.42,7.28,1222.7,ragi,laterite soil
99.9,56.6,72.5,21.96,63.68,6.76,881.5,tomato,red soil
96.9,43.6,63.3,29.63,74.83,6.04,679.3,chilli,red soil
22.6,32.5,19.5,29.23,52.81,6.34,762.4,blackgram,black soil
83.6,59.1,60.4,23.2,66.29,6.88,900.2,onion,red soil
52.2,25.2,41.7,24.38,38.04,6.72,549.6,safflower,black soil
48.3,37.7,37.3,23.4,49.17,7.48,479.5,safflower,black soil
97.9,42.6,46.4,22.13,71.97,6.81,612.9,maize,red soil
37.1,41.7,25.9,27.01,76.74,7.09,758.3,soybean,black soil
21.2,23.1,17.0,33.46,58.43,6.57,734.7,blackgram,black soil
55.4,31.6,38.1,22.23,65.63,6.15,660.4,ragi,red soil
97.1,51.3,64.5,27.18,68.8,5.54,941.1,maize,alluvial soil
28.6,40.4,43.6,42.62,26.3,5.53,925.7,soybean,red soil
20.6,31.6,43.5,29.11,57.27,6.84,603.0,groundnut,red soil
51.9,24.8,35.3,30.22,40.35,6.6,416.5,bajra,alluvial soil
24.2,21.9,23.2,31.46,55.65,6.65,608.0,blackgram,red soil
69.7,20.9,55.7,15.6,64.53,7.47,302.8,onion,alluvial soil
5.5,48.4,31.3,14.07,75.64,8.89,1193.3,groundnut,red soil
39.5,43.5,38.1,26.22,50.97,7.48,654.7,pigeonpeas,black soil
119.4,38.0,64.8,28.62,68.34,5.25,2496.8,tomato,black soil
16.6,34.8,20.6,28.78,60.96,6.88,643.9,greengram,black soil
58.3,36.7,38.7,27.77,58.04,5.72,992.4,ragi,red soil
108.9,34.6,11.4,19.97,34.18,7.34,1722.8,onion,black soil
100.7,61.2,62.1,23.64,65.21,6.63,948.3,tomato,red soil
120.7,63.9,88.3,26.28,62.55,7.33,1820.9,sugarcane,alluvial soil
106.3,41.7,52.8,30.01,34.19,7.79,848.9,groundnut,red soil
28.2,25.2,24.1,27.41,50.48,6.41,566.0,blackgram,red soil
96.0,51.1,51.0,26.12,61.09,6.58,950.6,onion,alluvial soil
38.4,32.0,29.6,26.05,55.98,6.65,541.0,bajra,alluvial soil
75.5,53.0,40.8,34.54,65.45,7.46,879.4,cotton,black soil
107.9,58.6,82.5,27.34,53.41,6.74,608.4,grapes,black soil
58.2,35.5,40.9,22.17,48.84,7.23,462.7,safflower,black soil
116.7,7.7,2.7,36.22,55.45,4.93,2396.3,grapes,alluvial soil
47.3,27.3,32.1,27.34,58.21,7.95,497.0,jowar,red soil
28.6,31.2,37.1,26.68,56.83,7.48,763.8,pigeonpeas,black soil
119.2,54.1,65.5,34.4,70.23,7.46,1758.5,sugarcane,black soil
120.4,69.4,85.4,29.31,63.29,6.63,1661.6,sugarcane,black soil
55.7,35.3,39.4,22.02,36.31,6.6,435.3,safflower,red soil
25.4,33.6,23.8,33.69,64.78,7.21,628.7,greengram,black soil
107.9,63.8,72.9,29.07,45.98,6.55,734.2,pomegranate,black soil
71.3,32.7,58.0,19.84,92.31,7.43,1920.7,cotton,red soil
107.1,57.7,65.5,29.43,53.97,6.76,773.3,pomegranate,black soil
35.5,23.7,35.5,28.6,51.4,7.06,590.1,bajra,red soil
123.9,43.9,13.6,32.83,58.57,6.65,706.5,sunflower,black soil
96.0,66.7,72.2,34.46,55.23,7.02,635.3,pomegranate,black soil
98.8,44.0,52.3,22.59,64.76,6.29,601.7,chilli,black soil
60.2,35.8,53.1,21.85,43.02,7.04,501.5,sunflower,black soil
19.0,26.8,21.3,30.21,55.48,6.8,744.4,greengram,black soil
38.8,33.7,32.8,34.98,57.64,7.74,826.8,pigeonpeas,black soil
33.6,49.0,37.1,22.22,65.48,6.69,776.2,soybean,black soil
68.4,44.2,36.8,26.18,45.88,7.42,532.4,sunflower,black soil
29.5,6.4,31.8,11.29,83.55,5.04,455.2,onion,red soil
130.4,4.1,27.8,44.95,67.32,6.54,2041.3,groundnut,black soil
58.0,37.6,50.7,26.97,44.71,7.37,778.0,sunflower,black soil
77.5,48.6,53.5,26.95,61.29,7.48,925.2,chilli,black soil
41.6,57.7,60.2,40.33,21.49,8.02,2396.9,ragi,black soil
109.4,69.1,82.7,29.87,59.83,6.76,739.2,grapes,black soil
54.2,1.0,93.8,12.49,87.91,6.79,2409.9,safflower,laterite soil
83.2,48.0,55.5,30.88,65.33,7.93,632.1,cotton,black soil
43.6,4.2,40.3,42.64,73.41,5.47,1400.8,maize,black soil
49.2,5.4,50.3,29.51,88.01,7.09,2296.1,chickpea,laterite soil
105.2,51.7,68.0,19.08,63.38,6.15,928.1,onion,black soil
87.9,43.4,66.0,19.28,60.01,6.73,955.9,onion,black soil
21.1,28.9,28.7,20.65,49.3,7.77,612.0,chickpea,black soil
110.5,53.0,95.9,28.17,60.74,7.02,811.2,grapes,red soil
78.8,37.2,42.1,22.07,68.68,7.48,485.8,wheat,alluvial soil
38.6,31.2,35.2,27.02,63.25,7.93,893.6,pigeonpeas,black soil
41.1,36.9,43.5,28.32,79.59,6.68,760.2,soybean,alluvial soil
107.7,25.2,80.2,17.14,91.76,7.22,1777.6,groundnut,black soil
38.9,27.4,41.1,25.31,52.19,7.35,779.7,groundnut,red soil
42.4,41.0,37.4,25.68,62.37,7.24,636.8,soybean,black soil
43.9,32.0,27.6,22.56,66.85,6.89,868.5,soybean,alluvial soil
20.9,27.6,21.3,18.09,50.59,7.04,479.4,lentil,alluvial soil
72.4,41.8,50.0,29.74,50.62,6.14,935.5,cotton,red soil
21.7,33.6,26.3,27.95,45.72,6.82,453.3,lentil,black soil
22.3,25.9,24.6,27.42,58.72,6.55,575.3,lentil,black soil
27.0,32.7,36.5,28.69,60.3,6.57,740.9,pigeonpeas,black soil
35.4,33.0,29.2,33.05,45.39,7.18,858.9,pigeonpeas,red soil
62.7,60.5,33.0,19.16,24.29,6.31,1497.6,wheat,black soil
25.8,70.8,35.0,18.17,68.11,6.19,1517.1,chickpea,laterite soil
37.6,30.4,38.8,27.13,66.09,7.41,816.4,soybean,black soil
83.1,45.8,17.1,12.33,93.8,5.15,1692.2,blackgram,laterite soil
22.3,24.2,16.0,30.85,62.91,6.98,541.2,blackgram,red soil
104.6,55.7,80.6,27.74,47.45,6.92,501.4,pomegranate,black soil
67.8,48.6,54.6,28.23,52.23,6.71,839.0,cotton,black soil
19.4,31.8,15.6,26.09,65.19,6.19,540.4,blackgram,black soil
109.8,15.4,56.3,29.52,60.2,6.7,1501.7,jowar,laterite soil
58.4,38.2,52.1,23.32,43.43,7.28,739.9,sunflower,red soil
64.4,45.8,47.7,27.76,50.93,8.0,692.9,cotton,red soil
1.3,53.2,39.4,38.42,42.51,5.18,218.7,tomato,alluvial soil
82.8,50.6,53.9,25.35,64.81,7.08,965.6,maize,red soil
24.9,44.7,40.2,29.46,60.44,6.54,587.4,groundnut,alluvial soil
73.4,49.3,40.3,31.68,52.16,6.26,721.2,cotton,black soil
117.4,58.1,70.1,42.45,82.84,7.3,1189.5,chickpea,alluvial soil
52.3,28.6,29.9,30.39,51.7,7.77,645.1,bajra,red soil
16.2,22.7,23.5,32.27,54.34,7.17,674.8,greengram,black soil
47.2,36.3,33.3,30.18,63.31,8.06,656.2,jowar,red soil
18.0,26.8,28.4,22.82,55.34,7.15,542.4,lentil,black soil
73.2,41.3,42.9,25.23,54.14,6.4,736.0,cotton,black soil
41.8,37.5,29.9,23.38,64.04,6.21,643.3,soybean,black soil
82.9,65.3,73.4,28.52,54.3,6.86,731.5,pomegranate,black soil
112.2,50.7,73.7,20.07,64.69,6.87,858.7,tomato,red soil
100.4,58.7,74.7,20.12,77.12,6.78,825.2,tomato,alluvial soil
32.3,42.3,30.6,32.47,45.66,7.47,844.6,pigeonpeas,red soil
3.4,22.7,59.2,43.58,26.51,6.01,2207.4,safflower,alluvial soil
0.1,75.6,78.6,44.6,69.81,7.42,874.0,sunflower,black soil
104.3,69.9,80.8,28.21,54.3,7.42,622.1,pomegranate,red soil
31.8,41.6,35.8,24.22,65.78,6.3,896.3,soybean,alluvial soil
113.1,53.1,10.9,35.31,82.36,8.56,724.5,pigeonpeas,alluvial soil
75.3,58.2,56.6,24.11,60.46,6.51,616.0,maize,black soil
26.7,30.1,26.0,22.15,58.32,6.7,824.7,pigeonpeas,black soil
48.7,39.6,40.0,25.81,53.21,6.79,633.4,jowar,black soil
36.8,32.7,37.2,27.57,60.81,7.0,743.5,pigeonpeas,red soil
34.4,33.3,39.0,27.42,66.4,6.38,804.7,soybean,alluvial soil
45.7,37.1,37.2,24.18,39.29,7.16,520.3,safflower,red soil
97.8,40.7,64.1,29.07,69.42,7.14,836.7,chilli,red soil
94.5,57.3,51.2,24.03,72.5,6.62,901.9,onion,alluvial soil
134.3,1.6,34.8,19.76,50.25,8.82,2448.4,soybean,black soil
118.1,3.7,89.5,32.95,22.9,8.58,839.9,blackgram,black soil
41.5,56.3,92.3,12.73,70.13,7.02,309.0,tomato,black soil
105.1,46.1,50.8,20.2,62.67,7.19,784.8,onion,black soil
74.9,53.6,55.1,22.81,72.88,6.94,647.6,maize,black soil
17.6,22.3,17.6,30.07,69.21,7.23,526.0,blackgram,red soil
31.4,35.0,24.3,27.42,52.58,6.79,554.3,chickpea,red soil
49.7,28.5,26.0,28.93,58.25,6.4,522.6,bajra,red soil
18.8,24.2,26.4,30.26,53.36,7.08,674.7,greengram,alluvial soil
114.8,26.8,28.3,23.55,47.99,8.1,739.8,ragi,red soil
113.3,45.9,56.2,27.3,76.7,6.05,661.5,tomato,alluvial soil
13.2,65.4,27.1,41.71,36.72,6.36,774.9,tomato,black soil
45.6,30.7,38.8,27.43,77.99,6.98,966.3,soybean,alluvial soil
24.3,28.3,24.3,26.67,46.71,6.9,553.3,lentil,black soil
120.7,57.5,83.1,34.27,71.26,6.55,1683.8,sugarcane,black soil
57.1,47.3,54.1,25.58,46.89,6.93,690.9,sunflower,alluvial soil
26.3,30.0,18.9,28.5,61.94,6.93,708.5,blackgram,black soil
105.8,58.9,87.7,32.0,59.13,6.95,530.5,pomegranate,red soil
31.5,28.7,41.9,31.98,66.89,6.55,625.9,groundnut,red soil
101.3,61.8,87.2,39.97,66.54,7.82,1219.8,jowar,black soil
104.7,51.9,53.4,27.29,64.01,6.27,632.5,onion,red soil
113.3,66.7,79.9,30.02,83.49,6.94,1775.1,sugarcane,black soil
30.3,31.8,43.8,29.9,61.37,6.98,731.6,soybean,black soil
97.6,55.9,70.5,22.89,75.68,6.93,976.3,tomato,alluvial soil
132.7,21.4,15.6,11.1,63.69,6.04,840.4,sunflower,black soil
83.0,35.0,48.0,28.09,67.67,6.57,607.4,cotton,red soil
42.9,30.5,41.7,23.02,78.15,7.33,675.6,soybean,black soil
103.1,14.1,98.9,29.82,83.92,8.68,850.1,safflower,alluvial soil
30.0,41.1,37.4,22.38,56.59,7.48,782.5,pigeonpeas,red soil
135.2,61.6,79.1,30.94,77.01,6.62,1577.4,sugarcane,black soil
44.5,39.0,42.9,25.0,56.42,6.7,734.5,ragi,red soil
117.9,62.1,69.9,21.8,75.76,6.54,887.4,tomato,red soil
44.3,33.6,44.2,28.93,51.41,7.75,482.5,jowar,black soil
50.3,47.5,40.2,35.29,55.53,7.44,1813.7,maize,alluvial soil
73.7,37.8,53.1,31.24,71.35,6.09,772.9,chilli,black soil
37.3,33.5,40.0,22.87,62.41,7.2,631.4,soybean,black soil
30.7,33.2,33.6,23.06,60.98,6.28,868.8,soybean,alluvial soil
36.7,35.4,38.7,22.87,74.55,6.93,758.3,soybean,black soil
28.7,31.9,28.0,22.92,59.63,7.89,645.3,pigeonpeas,black soil
98.2,60.4,66.3,28.28,46.46,6.98,536.9,pomegranate,red soil
49.9,30.4,41.4,31.81,61.07,7.65,668.6,jowar,red soil
109.1,21.8,82.7,18.45,61.2,7.41,1045.9,bajra,alluvial soil
52.8,23.1,30.5,33.7,53.04,7.78,542.4,bajra,red soil
27.7,23.2,29.1,29.26,57.85,7.24,550.2,greengram,alluvial soil
65.9,43.5,53.4,28.47,54.43,6.21,598.4,cotton,black soil
41.7,36.2,37.7,28.18,58.93,6.63,689.7,ragi,red soil
100.1,61.7,94.0,29.84,69.8,7.25,768.5,grapes,black soil
119.5,54.7,86.5,25.76,69.83,6.85,1909.2,sugarcane,alluvial soil
29.0,26.9,25.0,27.45,61.68,6.51,769.7,blackgram,red soil
51.7,38.2,49.7,24.25,63.78,7.01,813.6,ragi,red soil
42.9,47.9,70.8,23.25,84.81,7.76,1277.0,pomegranate,red soil
63.7,50.5,46.0,24.73,61.84,7.79,612.7,cotton,red soil
47.0,27.7,34.3,21.94,52.35,7.69,508.5,safflower,black soil
21.1,34.9,26.0,26.75,52.63,7.07,518.2,lentil,alluvial soil
27.2,43.0,37.3,34.93,53.27,7.58,721.1,pigeonpeas,red soil
34.2,28.5,33.7,20.59,47.97,7.88,516.7,chickpea,black soil
94.8,53.0,60.7,29.75,61.75,6.0,993.5,tomato,red soil
100.6,65.0,81.0,22.43,60.57,6.89,751.6,grapes,black soil
73.3,42.6,66.7,28.2,48.46,7.34,988.9,cotton,alluvial soil
102.9,50.1,73.4,30.06,72.01,6.72,1530.0,sugarcane,alluvial soil
121.3,6.9,20.6,31.44,72.88,7.36,784.4,sunflower,alluvial soil
53.4,23.0,33.4,27.73,51.25,6.0,584.1,bajra,alluvial soil
95.8,43.8,47.6,25.06,66.57,6.15,693.8,maize,alluvial soil
74.5,11.3,89.5,19.37,87.66,7.81,1604.3,blackgram,red soil
48.3,35.2,43.6,20.68,60.56,7.08,893.7,ragi,laterite soil
105.1,52.2,64.6,25.17,64.98,6.33,787.7,tomato,alluvial soil
50.5,37.1,47.7,26.73,48.35,7.03,718.8,sunflower,red soil
133.5,11.1,74.7,30.42,55.15,5.62,734.2,pomegranate,black soil
59.6,35.6,39.1,24.94,59.19,6.88,506.5,sunflower,alluvial soil
85.4,59.2,48.0,23.35,67.46,5.88,698.5,maize,alluvial soil
32.0,1.8,13.8,32.67,87.16,5.09,1004.9,chickpea,red soil
53.6,30.1,34.6,21.43,54.38,7.59,529.9,safflower,red soil
65.0,45.3,42.7,28.0,59.85,6.79,713.1,sunflower,alluvial soil
82.6,41.2,68.7,20.48,65.54,6.2,955.5,onion,alluvial soil
93.6,43.0,91.1,13.77,37.95,8.78,630.3,tomato,red soil
85.4,55.4,64.4,28.92,73.74,7.14,698.1,maize,alluvial soil
59.4,40.7,37.0,22.02,66.42,6.25,900.0,ragi,laterite soil
39.0,41.0,37.5,31.83,69.19,7.06,761.3,pigeonpeas,black soil
95.5,48.6,60.5,21.93,64.04,6.23,755.0,maize,black soil
47.7,27.2,72.0,23.33,32.0,4.64,2198.9,cotton,black soil
21.5,49.0,100.0,21.05,47.01,8.91,1992.2,onion,red soil
36.2,36.0,29.3,26.2,60.65,7.22,792.0,soybean,alluvial soil
77.4,40.3,54.1,31.24,56.97,6.49,760.9,chilli,red soil
74.5,36.2,94.9,16.66,51.64,6.85,2177.4,sunflower,black soil
95.9,60.2,55.6,22.81,72.9,6.72,965.7,tomato,alluvial soil
25.3,33.6,20.2,28.15,56.41,6.96,476.7,chickpea,black soil
19.3,27.6,21.0,24.98,58.98,7.2,445.9,lentil,alluvial soil
52.3,35.5,30.2,29.1,62.54,7.58,575.9,jowar,red soil
46.2,38.2,44.0,22.99,75.83,7.23,828.2,soybean,black soil
94.3,36.4,49.7,22.26,57.68,6.5,861.0,chilli,red soil
94.6,55.5,59.3,29.29,60.63,6.01,802.5,maize,black soil
22.8,37.8,33.9,25.79,46.93,6.88,609.1,chickpea,red soil
27.8,47.0,32.5,39.75,77.89,5.41,1616.2,chickpea,black soil
42.8,26.9,37.0,26.23,51.68,6.92,538.3,bajra,alluvial soil
139.4,63.1,82.3,30.2,80.72,7.44,1450.1,sugarcane,alluvial soil
87.9,52.7,48.4,27.2,70.44,6.72,916.5,chilli,red soil
51.4,41.4,47.3,27.91,50.26,6.07,989.9,ragi,laterite soil
10.6,72.2,5.8,39.07,51.21,7.27,1838.6,chilli,alluvial soil
33.7,25.4,48.3,29.73,59.54,7.3,650.3,groundnut,red soil
25.7,22.0,26.4,25.91,67.09,7.08,596.9,blackgram,red soil
93.2,55.7,73.3,24.3,51.46,7.49,730.3,grapes,black soil
29.5,20.2,25.4,28.6,57.2,6.48,635.9,blackgram,black soil
43.8,27.8,31.0,28.98,54.03,6.19,444.2,bajra,alluvial soil
84.7,51.2,82.8,34.29,47.32,7.06,605.4,pomegranate,red soil
106.1,56.2,55.6,24.83,59.09,6.93,993.4,onion,alluvial soil
106.1,21.1,55.2,16.91,52.6,9.07,349.3,sugarcane,laterite soil
107.2,49.1,63.5,26.86,61.88,6.21,869.0,tomato,red soil
56.0,26.9,43.3,27.35,46.12,8.06,488.2,jowar,black soil
50.5,28.3,79.4,31.54,55.38,7.13,1577.1,blackgram,alluvial soil
119.4,45.5,74.7,14.53,25.29,6.55,863.1,pomegranate,alluvial soil
36.0,26.3,47.6,32.24,61.62,7.06,515.0,groundnut,alluvial soil
79.7,53.1,48.3,22.25,73.37,6.3,759.7,maize,alluvial soil
92.2,51.6,63.4,27.83,69.5,6.68,805.8,maize,black soil
57.3,28.7,37.5,27.68,58.5,7.77,623.2,jowar,black soil
97.8,53.5,26.4,22.7,75.95,6.28,1930.4,sunflower,black soil
96.1,51.0,91.4,20.19,61.55,6.74,734.7,grapes,red soil
33.8,43.7,25.0,28.05,63.37,6.56,657.0,soybean,alluvial soil
55.9,31.2,36.9,26.7,54.74,8.19,454.3,jowar,black soil
15.9,33.4,27.9,26.85,59.43,7.11,519.8,blackgram,red soil
79.5,39.9,56.8,32.46,64.94,7.95,743.0,cotton,black soil
26.5,33.0,9.9,31.94,26.24,4.8,1277.7,grapes,laterite soil
22.2,28.8,27.7,30.54,61.0,6.51,634.8,greengram,black soil
50.9,37.9,43.3,20.57,39.21,7.0,526.7,safflower,black soil
32.2,49.2,25.2,29.59,66.99,6.11,983.8,soybean,alluvial soil
23.5,31.1,34.4,29.48,42.85,6.55,647.8,chickpea,red soil
55.2,9.6,6.6,19.72,65.78,4.96,379.8,wheat,red soil
99.8,69.7,64.5,33.1,51.96,7.25,724.5,pomegranate,black soil
22.0,32.7,20.6,31.12,58.15,6.57,599.3,greengram,alluvial soil
117.3,68.5,91.8,29.95,63.19,7.14,797.6,grapes,red soil
95.3,52.1,73.8,27.42,71.82,6.31,930.1,tomato,alluvial soil
34.2,35.7,33.4,32.76,54.85,7.01,519.2,groundnut,alluvial soil
38.6,37.7,29.4,24.95,60.13,7.18,749.6,soybean,alluvial soil
38.2,35.2,47.7,26.36,60.16,6.85,690.1,groundnut,alluvial soil
90.5,54.5,56.4,21.25,62.25,6.34,875.9,maize,alluvial soil
123.6,62.0,66.8,34.68,78.71,7.32,1996.4,sugarcane,black soil
111.9,68.1,69.5,28.63,76.85,6.96,1385.9,sugarcane,alluvial soil
78.7,33.6,95.2,23.37,72.79,7.45,930.5,pomegranate,red soil
29.5,16.0,33.4,18.68,87.5,6.51,1168.7,chilli,laterite soil
39.5,27.4,10.7,37.34,93.31,9.13,434.4,cotton,laterite soil
62.4,3.1,79.2,40.89,27.74,9.0,1509.0,safflower,alluvial soil
40.9,37.7,44.6,28.63,65.41,7.29,645.4,ragi,laterite soil
28.2,33.5,16.0,29.35,50.05,7.27,584.4,blackgram,black soil
59.2,36.1,42.5,26.91,56.33,6.59,566.6,jowar,black soil
16.6,2.4,33.1,36.38,87.57,6.08,1193.4,chilli,alluvial soil
92.2,49.1,64.8,23.04,79.7,6.46,924.8,tomato,alluvial soil
95.8,48.8,63.1,25.73,56.98,6.19,640.8,chilli,red soil
116.7,62.7,60.0,26.72,65.76,6.64,685.1,tomato,red soil
34.5,33.7,34.5,25.41,59.59,6.93,697.3,pigeonpeas,black soil
24.3,27.7,28.1,18.37,62.43,6.84,518.6,lentil,alluvial soil
46.1,37.3,32.4,26.18,65.45,6.62,600.9,soybean,black soil
52.5,28.5,45.0,25.31,64.5,6.86,740.3,jowar,black soil
45.9,30.7,38.8,19.25,47.87,6.89,466.6,safflower,red soil
25.3,34.4,24.4,27.65,52.35,6.6,507.9,chickpea,red soil
80.4,44.5,59.3,26.35,69.46,6.25,644.7,maize,black soil
74.1,50.3,51.1,32.38,53.07,6.22,919.0,cotton,red soil
55.3,36.7,40.2,26.79,46.94,7.51,566.6,sunflower,alluvial soil
95.1,48.0,55.1,26.66,68.47,7.35,985.7,onion,black soil
22.9,27.5,23.4,24.22,56.72,6.38,466.4,lentil,black soil
20.4,28.3,35.9,28.52,60.96,7.17,619.5,groundnut,alluvial soil
92.6,55.4,51.8,25.36,61.08,6.79,630.5,onion,alluvial soil
24.6,21.0,63.8,22.13,85.47,7.25,1776.8,sunflower,black soil
114.5,48.7,67.8,29.03,75.59,6.94,916.4,tomato,alluvial soil
61.2,37.6,48.0,17.36,67.12,7.45,528.9,wheat,black soil
51.7,35.2,37.1,21.31,49.64,7.5,630.8,safflower,red soil
108.2,56.9,83.7,27.69,40.99,7.43,528.3,pomegranate,red soil
10.4,26.4,22.8,13.97,28.65,6.71,1540.2,grapes,laterite soil
19.4,27.8,21.8,23.87,53.04,6.99,413.9,lentil,black soil
24.6,27.3,22.0,29.14,56.98,7.1,604.6,greengram,black soil
30.3,41.4,43.7,23.64,61.86,6.64,678.3,soybean,alluvial soil
117.9,55.5,86.1,34.95,62.3,6.7,1863.3,sugarcane,black soil
84.7,45.9,69.2,18.61,66.63,7.03,929.8,onion,red soil
90.0,39.7,53.2,31.19,59.08,7.19,928.9,chilli,red soil
53.4,29.7,33.4,30.84,64.14,8.43,629.3,jowar,black soil
118.4,32.8,99.8,13.42,57.5,8.27,1374.6,lentil,laterite soil
26.8,44.0,28.3,28.5,47.3,7.5,816.4,pigeonpeas,red soil
62.7,34.6,43.8,22.34,46.89,7.49,647.8,sunflower,alluvial soil
16.5,29.5,26.3,26.33,63.35,6.7,564.5,lentil,alluvial soil
117.7,50.9,77.0,26.41,51.02,6.85,889.4,grapes,black soil
26.2,46.6,2.3,40.43,42.66,6.22,910.6,sunflower,laterite soil
84.7,55.9,55.2,21.21,55.78,7.05,824.8,onion,alluvial soil
54.2,32.3,31.8,29.38,49.46,8.35,519.3,jowar,red soil
139.0,4.2,59.0,29.71,86.91,9.29,2012.4,wheat,laterite soil
107.0,58.8,55.5,24.98,67.52,6.77,607.5,onion,red soil
97.9,57.0,86.1,33.31,49.31,6.61,592.1,pomegranate,black soil
116.7,64.5,63.6,29.06,64.18,6.76,1773.2,sugarcane,black soil
51.2,19.7,33.2,28.62,76.36,7.11,1530.7,groundnut,black soil
102.0,55.2,80.2,28.92,59.18,6.54,533.6,pomegranate,black soil
28.5,26.8,20.2,32.0,57.57,6.99,515.8,greengram,alluvial soil
86.5,53.7,69.9,23.57,57.83,6.86,782.4,onion,red soil
75.4,50.8,60.8,30.0,74.52,5.55,828.7,maize,red soil
53.7,33.3,27.0,26.37,54.83,7.93,510.2,bajra,alluvial soil
23.2,34.0,25.7,29.22,45.34,7.56,571.4,chickpea,red soil
59.6,35.0,33.8,20.46,40.93,6.71,523.3,safflower,red soil
47.5,35.3,39.6,24.04,74.29,6.91,955.9,soybean,black soil
28.3,29.7,32.2,21.91,54.23,7.92,456.1,chickpea,red soil
4.9,12.6,30.3,22.42,92.75,9.16,1606.5,lentil,red soil
47.2,67.2,0.9,32.99,43.56,8.46,1081.5,ragi,alluvial soil
67.8,51.1,50.6,32.42,68.04,6.21,556.5,cotton,red soil
108.6,51.4,74.1,26.49,50.98,7.34,752.2,grapes,black soil
58.3,31.5,44.3,28.54,54.31,7.54,584.4,jowar,red soil
80.0,36.8,46.3,19.93,66.52,7.42,611.4,wheat,black soil
48.2,24.3,34.2,34.88,57.16,7.14,479.9,bajra,alluvial soil
127.8,67.9,85.8,33.83,79.18,7.16,1626.2,sugarcane,alluvial soil
108.5,58.2,73.8,20.4,75.28,6.01,993.0,tomato,alluvial soil
41.1,39.7,43.4,22.0,47.28,6.63,647.5,safflower,red soil
92.8,68.8,45.6,11.0,37.02,8.7,1321.3,pigeonpeas,alluvial soil
37.7,27.9,36.5,30.47,46.66,6.33,634.0,bajra,red soil
94.4,56.4,70.9,21.59,65.25,6.26,850.2,tomato,alluvial soil
22.5,22.2,28.6,33.1,68.79,6.66,512.1,greengram,black soil
54.6,46.2,42.3,23.9,43.51,7.99,593.9,sunflower,alluvial soil
0.3,4.0,43.2,18.39,51.03,6.92,2440.5,safflower,laterite soil
40.6,38.5,43.0,23.94,55.67,6.11,728.7,ragi,red soil
53.6,39.4,36.4,16.24,36.46,7.11,569.9,safflower,black soil
124.3,59.5,80.5,33.22,71.83,7.16,1211.4,sugarcane,black soil
97.3,61.9,87.7,29.11,53.0,6.55,643.7,pomegranate,black soil
79.7,40.9,43.3,15.64,64.35,6.25,475.1,wheat,black soil
58.2,29.2,33.8,15.28,54.62,7.42,574.7,safflower,red soil
108.0,51.1,71.0,28.17,55.94,7.16,634.8,pomegranate,black soil
22.7,20.8,29.2,26.05,51.98,7.4,661.9,greengram,alluvial soil
118.2,50.8,84.6,29.15,52.39,6.89,823.7,grapes,red soil
106.2,29.5,84.6,22.24,23.2,9.18,2465.2,ragi,alluvial soil
16.4,27.4,19.0,34.91,65.05,7.31,557.5,blackgram,red soil
51.3,34.5,46.0,29.66,53.63,7.09,988.9,ragi,red soil
27.6,37.9,21.3,21.3,56.06,7.46,448.2,chickpea,red soil
25.7,31.6,27.2,33.26,57.3,7.33,793.7,greengram,alluvial soil
25.1,33.0,37.5,31.24,63.77,6.25,744.8,groundnut,red soil
73.0,52.5,45.6,22.69,55.66,6.21,888.8,maize,alluvial soil
91.8,56.6,50.5,26.99,61.05,5.51,723.9,maize,alluvial soil
99.3,54.1,90.4,28.62,61.3,7.03,826.3,grapes,red soil
89.3,58.5,75.8,41.83,53.02,9.45,1351.8,wheat,red soil
44.6,74.0,26.9,39.03,56.8,8.18,917.4,jowar,alluvial soil
19.5,32.0,29.9,20.63,64.15,6.52,427.9,lentil,black soil
77.9,37.6,45.6,22.55,60.42,7.14,520.4,wheat,black soil
103.6,17.8,19.6,41.49,75.63,9.12,2469.5,soybean,laterite soil
15.1,29.3,26.3,32.36,67.07,6.05,536.1,blackgram,red soil
28.2,32.0,28.7,30.03,50.76,7.39,754.7,greengram,alluvial soil
25.3,30.3,29.8,26.77,45.6,6.02,452.0,chickpea,black soil
109.8,62.6,69.9,19.07,39.08,9.38,411.3,wheat,laterite soil
18.0,31.5,24.3,25.46,54.43,6.32,449.0,lentil,black soil
70.1,37.5,47.2,22.9,54.26,6.07,511.6,wheat,alluvial soil
34.4,16.4,99.9,33.34,57.79,4.66,1251.0,tomato,laterite soil
91.7,65.0,96.1,23.29,67.47,7.37,830.7,grapes,black soil
51.3,39.8,34.7,15.59,37.81,7.59,435.8,safflower,black soil
20.6,34.2,21.6,31.91,50.35,7.42,542.4,greengram,black soil
18.6,27.6,20.5,30.72,59.08,7.05,563.6,greengram,black soil
127.6,69.4,4.0,20.09,71.44,5.64,1463.6,chickpea,alluvial soil
9.5,50.5,45.7,14.39,51.82,8.03,1053.8,blackgram,black soil
10.0,53.6,24.4,32.61,51.89,6.37,1371.3,blackgram,laterite soil
54.2,28.6,31.8,22.79,45.19,7.01,495.0,safflower,red soil
106.6,61.4,58.9,25.47,75.52,6.6,843.1,tomato,red soil
137.6,57.5,96.1,10.24,74.21,5.45,1726.9,groundnut,black soil
17.4,27.6,25.2,28.0,64.13,6.55,556.5,greengram,alluvial soil
23.7,21.3,78.0,41.52,83.67,5.51,418.8,groundnut,laterite soil
26.0,31.7,21.0,28.06,61.02,6.65,651.6,greengram,alluvial soil
74.5,40.5,44.9,16.24,68.32,7.4,528.4,wheat,alluvial soil
58.6,36.0,37.0,21.65,61.56,7.02,665.6,ragi,laterite soil
80.7,43.2,49.6,23.93,64.29,6.09,684.9,chilli,black soil
12.6,48.1,92.3,23.8,81.92,7.93,1682.6,sugarcane,black soil
39.1,33.8,93.5,32.73,20.77,4.62,692.2,lentil,alluvial soil
77.9,43.6,45.8,20.33,63.95,6.1,544.5,wheat,alluvial soil
44.5,34.7,33.6,29.97,49.0,7.16,508.8,bajra,red soil
27.5,21.4,24.4,31.77,50.8,6.55,774.3,blackgram,red soil
41.4,28.0,38.0,27.86,58.45,7.12,483.4,jowar,red soil
49.6,27.7,27.3,34.42,48.85,7.09,539.8,bajra,alluvial soil
80.6,58.1,83.9,26.56,57.66,7.07,654.9,pomegranate,red soil
135.6,34.1,21.7,22.97,64.06,8.26,479.4,groundnut,red soil
46.3,25.9,39.1,23.13,46.75,7.14,527.5,safflower,black soil
69.2,43.2,43.4,15.75,52.45,6.22,626.9,wheat,black soil
52.5,38.5,42.5,25.11,53.39,7.39,826.1,ragi,red soil
71.4,43.0,60.8,24.55,72.79,7.38,798.2,chilli,black soil
79.3,43.4,48.6,23.4,69.77,6.85,766.9,chilli,black soil
93.3,59.8,78.2,28.15,67.84,7.47,671.1,grapes,red soil
94.0,59.8,82.7,24.75,63.94,6.76,747.9,grapes,black soil
56.8,31.5,44.4,18.12,37.9,7.36,523.3,safflower,red soil
25.6,25.5,27.9,29.68,63.99,7.0,752.3,greengram,black soil
89.9,50.7,51.4,33.36,62.42,6.78,612.7,cotton,red soil
38.2,23.5,26.5,30.56,42.25,8.0,635.4,bajra,alluvial soil
84.8,54.7,50.8,34.7,56.18,7.01,531.4,cotton,black soil
106.2,72.1,75.8,27.04,33.83,6.33,549.0,safflower,red soil
42.7,21.8,31.8,30.61,46.1,7.14,547.0,bajra,red soil
73.2,42.8,48.7,19.85,67.49,6.61,524.3,wheat,black soil
72.5,47.5,41.1,21.3,58.71,7.01,566.0,wheat,black soil
54.3,35.6,33.4,29.07,53.73,7.15,528.8,jowar,black soil
87.0,54.5,56.8,24.49,57.87,6.19,648.8,cotton,red soil
76.9,35.6,64.9,28.09,57.24,6.56,607.6,chilli,black soil
38.1,22.4,31.4,33.59,58.41,7.98,620.2,bajra,alluvial soil
36.4,21.3,35.3,26.13,49.36,6.3,445.0,bajra,alluvial soil
81.5,56.3,63.6,24.46,57.93,5.79,995.3,maize,alluvial soil
46.0,41.3,40.9,22.06,63.31,6.88,836.3,soybean,black soil
106.6,57.3,59.4,27.82,77.1,6.59,706.1,tomato,alluvial soil
42.5,42.5,29.9,29.5,71.18,7.47,768.3,soybean,black soil
58.6,32.4,40.3,21.72,47.87,7.1,612.6,sunflower,alluvial soil
52.1,28.8,32.6,16.89,50.13,7.6,533.2,safflower,black soil
80.3,39.7,40.7,33.01,66.17,7.93,591.6,cotton,red soil
71.9,37.0,47.2,23.31,61.08,6.93,624.3,wheat,black soil
42.5,33.2,41.9,30.25,61.35,7.47,529.2,jowar,red soil
113.2,61.7,58.9,29.95,64.54,6.14,641.9,tomato,alluvial soil
136.6,0.7,73.1,32.25,64.08,6.45,204.3,blackgram,black soil
36.4,40.2,42.1,31.32,54.15,7.02,645.9,groundnut,red soil
84.6,36.4,41.9,31.66,66.45,7.28,842.2,cotton,red soil
20.4,35.3,34.9,30.05,69.67,6.47,677.2,groundnut,red soil
53.3,26.6,26.2,33.67,53.45,6.72,462.1,bajra,alluvial soil
40.7,36.8,30.8,26.31,60.34,7.2,731.6,jowar,black soil
105.4,68.0,75.9,27.09,54.08,6.52,619.0,pomegranate,red soil
105.8,57.5,58.6,21.11,62.04,6.19,838.3,onion,black soil
63.5,42.6,50.4,25.65,58.81,7.57,646.2,cotton,red soil
34.4,43.6,61.7,26.89,62.7,8.95,892.9,pomegranate,black soil
48.1,35.4,42.3,26.15,63.97,6.69,451.9,jowar,red soil
67.6,48.0,53.7,24.24,69.36,6.85,605.5,wheat,black soil
108.0,53.0,77.5,32.6,73.14,6.98,1856.9,sugarcane,black soil
125.6,73.5,72.8,35.13,20.37,4.95,1315.0,pigeonpeas,laterite soil
42.4,18.2,50.0,39.18,39.01,5.4,2288.2,chilli,laterite soil
62.9,47.5,47.5,30.33,58.29,6.92,559.3,cotton,black soil
63.7,44.7,54.9,23.64,52.06,7.02,549.5,sunflower,red soil
113.5,55.8,73.4,28.1,78.24,6.71,846.0,tomato,red soil
29.6,32.3,35.7,33.14,49.36,6.62,673.5,pigeonpeas,black soil
67.9,45.0,40.8,33.84,61.26,7.16,824.9,cotton,red soil
20.2,33.4,34.7,25.73,43.82,7.9,591.4,chickpea,black soil
41.5,32.0,32.0,29.2,59.6,7.02,489.3,jowar,red soil
88.5,35.7,58.5,28.19,56.72,7.06,607.7,cotton,black soil
118.7,65.5,86.3,21.03,63.68,6.81,710.8,grapes,black soil
16.1,64.1,92.6,35.84,66.15,8.02,2048.5,wheat,alluvial soil
48.2,33.9,35.6,27.59,72.56,6.86,845.8,soybean,alluvial soil
19.3,32.9,29.8,27.67,62.93,6.53,756.4,greengram,alluvial soil
16.4,31.8,21.4,27.58,54.66,6.81,470.2,lentil,alluvial soil
41.6,32.7,36.8,27.41,60.72,7.13,938.8,ragi,red soil
100.8,56.7,64.9,23.4,59.75,6.59,951.6,onion,black soil
108.1,65.3,2.0,44.13,34.43,6.41,743.1,maize,alluvial soil
42.3,34.8,26.7,33.74,58.44,7.87,481.2,bajra,red soil
29.0,53.7,91.1,42.42,63.14,4.85,2153.5,grapes,red soil
56.0,60.9,35.1,30.86,79.2,7.06,1994.8,lentil,red soil
17.0,35.0,25.3,26.62,51.83,6.96,435.8,lentil,black soil
123.4,79.4,73.0,36.61,44.38,6.33,1922.2,ragi,red soil
33.6,44.8,35.9,32.67,52.73,6.51,532.8,groundnut,alluvial soil
98.5,58.4,51.0,23.01,63.54,6.32,626.9,onion,black soil
115.5,53.3,89.9,26.7,78.09,6.59,1812.3,sugarcane,alluvial soil
66.4,43.6,52.9,24.76,46.56,7.75,781.5,sunflower,red soil
54.2,33.2,30.3,32.11,47.99,6.3,457.8,bajra,red soil
19.7,29.5,24.8,26.97,66.78,6.46,568.3,blackgram,black soil
63.5,0.8,66.3,12.71,91.47,4.65,1666.9,soybean,red soil
46.2,35.2,42.0,30.76,48.92,6.51,659.6,jowar,red soil
42.4,27.2,30.7,27.82,58.04,8.08,700.1,jowar,black soil
32.1,35.3,49.4,26.66,53.94,7.32,625.5,groundnut,red soil
53.7,38.2,81.3,29.69,40.48,5.14,1467.4,onion,red soil
42.3,28.2,31.4,24.64,50.53,7.8,545.2,safflower,red soil
48.2,33.4,42.9,28.65,47.86,7.34,475.7,jowar,red soil
47.2,23.9,86.9,24.67,64.65,8.04,1191.8,pomegranate,red soil
21.2,20.3,22.5,32.46,53.97,6.71,591.4,blackgram,red soil
134.3,60.1,75.7,31.79,76.43,6.99,1835.1,sugarcane,alluvial soil
118.7,49.1,27.5,14.36,34.09,7.0,578.5,cotton,red soil
53.8,21.5,39.4,26.87,49.66,6.19,571.3,bajra,alluvial soil
67.3,39.7,45.6,21.29,62.37,6.14,638.5,wheat,black soil
27.1,24.6,15.9,28.9,51.08,6.57,759.5,blackgram,red soil
56.7,31.4,30.2,16.21,47.16,7.35,513.9,safflower,red soil
78.9,48.1,45.9,32.83,54.76,6.75,562.9,cotton,black soil
89.5,52.7,65.0,22.57,56.7,7.35,829.0,onion,black soil
82.7,62.0,61.9,25.56,50.88,6.97,702.8,pomegranate,black soil
19.4,54.1,18.4,25.42,24.38,7.56,1184.2,chickpea,red soil
25.7,42.9,31.8,34.06,69.88,7.62,657.9,pigeonpeas,black soil
76.4,3.8,87.8,10.21,50.4,5.35,1455.5,bajra,alluvial soil
97.8,11.9,41.6,42.26,60.7,8.84,880.8,maize,red soil
124.7,21.7,31.8,38.52,76.54,8.77,1439.7,chickpea,red soil
17.8,24.8,23.8,32.89,52.21,6.91,630.7,greengram,black soil
42.1,27.7,27.8,28.42,41.84,6.87,638.7,bajra,red soil
63.5,31.3,13.3,28.51,64.49,6.75,1421.3,onion,laterite soil
72.1,51.3,51.3,24.21,62.13,7.26,829.1,chilli,red soil
95.2,45.9,55.1,26.83,73.0,7.05,934.2,chilli,red soil
51.1,31.2,28.0,34.87,52.5,7.09,603.1,bajra,alluvial soil
91.7,67.0,67.9,27.98,46.34,6.52,676.3,pomegranate,black soil
39.7,37.7,47.5,32.7,65.21,7.45,780.4,groundnut,alluvial soil
79.3,18.2,60.6,26.0,39.06,8.41,2023.0,cotton,alluvial soil
51.2,33.7,41.5,28.22,57.96,5.6,844.6,ragi,red soil
42.7,43.1,35.5,23.94,55.15,6.46,832.2,ragi,red soil
88.2,76.8,11.9,20.47,28.89,7.71,2452.8,sunflower,red soil
106.5,51.7,71.9,29.85,66.29,6.84,967.8,tomato,alluvial soil
108.0,62.4,93.7,28.02,69.8,6.89,656.2,grapes,red soil
35.4,40.8,35.4,24.06,66.2,6.55,761.6,pigeonpeas,black soil
70.4,23.5,0.9,11.18,55.31,5.64,727.4,wheat,red soil
77.5,41.5,42.4,17.88,60.54,6.4,524.7,wheat,alluvial soil
23.0,23.7,29.5,30.29,64.16,6.07,666.2,blackgram,black soil
29.4,32.1,25.9,25.09,53.1,7.27,714.6,greengram,alluvial soil
58.3,32.7,98.2,29.31,45.1,5.04,1629.9,soybean,laterite soil
71.2,48.8,53.0,23.7,53.21,6.43,615.8,wheat,alluvial soil
48.8,48.1,31.9,24.04,65.52,6.49,923.3,soybean,alluvial soil
25.1,31.1,43.4,28.51,61.3,6.55,744.9,groundnut,alluvial soil
54.4,40.3,38.2,28.3,69.49,6.78,710.3,ragi,laterite soil
18.4,33.2,25.2,25.27,47.47,6.86,514.7,lentil,black soil
41.2,26.3,36.9,28.18,55.38,7.5,632.3,bajra,alluvial soil
64.2,36.7,42.0,28.07,66.78,6.25,759.2,ragi,laterite soil
54.7,68.4,76.1,26.32,39.15,7.3,2037.2,blackgram,alluvial soil
24.2,34.7,21.8,27.93,59.03,6.56,536.4,chickpea,red soil
32.3,37.4,37.4,22.27,61.51,6.74,605.2,pigeonpeas,black soil
100.7,45.5,56.7,22.11,69.02,6.27,966.9,onion,black soil
6.6,71.9,12.6,11.47,87.31,8.16,2164.5,chilli,laterite soil
63.5,38.6,54.2,15.25,63.31,7.21,556.6,wheat,black soil
66.3,47.2,46.1,33.47,65.59,6.79,593.9,cotton,red soil
110.2,49.2,2.1,33.29,90.72,8.81,2000.5,safflower,alluvial soil
108.1,51.0,67.3,25.85,71.14,6.07,656.7,tomato,red soil
108.7,66.0,81.4,25.58,65.78,7.05,608.6,grapes,red soil
34.2,34.0,29.4,29.98,47.48,6.08,575.6,chickpea,black soil
45.5,42.4,38.1,29.67,71.54,7.24,926.4,soybean,alluvial soil
52.4,35.6,38.6,23.9,52.45,7.49,483.6,safflower,red soil
66.8,49.6,54.8,21.97,69.42,7.49,545.9,wheat,black soil
22.1,21.2,17.1,31.81,62.51,6.77,775.5,blackgram,black soil
113.1,51.4,81.2,28.84,57.09,6.55,671.5,grapes,black soil
105.3,48.6,66.0,22.29,67.0,6.41,941.9,tomato,alluvial soil
44.4,28.9,34.6,29.33,44.41,6.19,598.1,bajra,red soil
71.4,56.3,48.3,21.11,68.25,6.45,990.1,maize,alluvial soil
72.6,37.0,49.6,24.93,60.25,6.84,944.8,chilli,black soil
109.9,52.1,53.2,21.56,67.47,6.88,711.9,onion,black soil
36.0,30.0,29.0,26.96,44.06,8.0,437.3,bajra,alluvial soil
91.4,58.0,71.4,28.71,57.23,6.62,764.0,pomegranate,black soil
109.7,53.6,77.9,33.92,49.66,7.33,744.7,pomegranate,black soil
56.8,38.3,44.1,27.37,63.29,7.74,719.9,jowar,black soil
27.5,22.3,17.1,31.37,56.16,6.35,675.0,blackgram,black soil
47.1,7.8,79.3,36.66,93.41,4.65,2416.6,maize,alluvial soil
64.3,68.2,43.8,14.51,27.58,7.08,2475.5,greengram,laterite soil
21.9,34.2,21.8,27.86,59.44,7.1,599.9,lentil,black soil
50.1,23.6,30.6,28.96,44.68,7.26,490.9,bajra,red soil
83.2,16.9,3.0,27.02,50.15,8.1,1360.2,cotton,laterite soil
90.6,45.7,56.0,20.72,64.48,6.76,650.5,onion,red soil
94.5,51.2,53.1,28.73,71.73,7.32,678.3,chilli,black soil
21.6,55.1,18.1,32.0,27.49,9.32,1393.2,blackgram,black soil
26.3,51.1,14.4,28.92,42.79,7.69,724.8,lentil,alluvial soil
124.7,75.5,76.4,20.56,67.95,7.34,832.5,bajra,black soil
36.2,21.3,29.5,31.86,54.67,6.32,500.2,bajra,red soil
23.0,40.6,40.9,27.66,51.48,7.38,706.6,groundnut,red soil
88.3,50.5,55.3,28.32,60.73,7.25,661.3,maize,black soil
21.2,29.4,26.2,34.04,52.56,6.91,513.3,greengram,black soil
40.0,35.6,25.4,27.48,60.27,7.18,849.9,pigeonpeas,black soil
42.5,43.9,44.8,23.31,56.73,7.1,935.6,ragi,red soil
27.1,23.9,17.0,25.52,57.67,6.61,657.4,blackgram,black soil
43.7,45.9,94.7,20.39,73.14,5.42,1643.8,tomato,alluvial soil
54.6,35.1,45.0,30.05,47.43,6.57,620.3,jowar,black soil
119.0,56.0,77.3,32.3,75.63,6.71,1245.7,sugarcane,alluvial soil
69.3,48.8,42.4,24.56,59.51,6.42,483.5,wheat,black soil
31.0,35.5,21.9,27.06,46.39,6.97,439.8,chickpea,red soil
20.0,31.3,25.0,25.19,52.19,6.61,581.9,greengram,black soil
122.5,24.7,50.9,10.35,28.75,9.03,341.5,pigeonpeas,black soil
16.5,41.0,39.4,42.09,81.02,7.29,798.7,grapes,alluvial soil
39.5,33.1,27.9,30.74,54.82,7.46,655.7,pigeonpeas,black soil
25.8,8.0,45.8,31.62,76.66,8.63,1038.1,tomato,black soil
138.9,69.2,69.8,27.63,60.61,6.56,1813.0,sugarcane,black soil
22.4,26.5,28.0,20.74,52.03,6.2,467.1,lentil,alluvial soil
30.2,42.2,40.5,26.45,69.08,6.16,797.3,groundnut,alluvial soil
46.4,30.4,33.8,28.96,75.91,7.05,823.1,soybean,alluvial soil
57.3,38.3,41.0,24.75,39.96,6.62,446.7,safflower,red soil
43.1,31.0,39.1,31.93,46.07,7.08,564.5,jowar,red soil
23.5,28.4,33.5,29.03,50.16,6.94,856.5,groundnut,alluvial soil
100.2,58.0,61.8,26.03,77.99,6.4,898.6,tomato,alluvial soil
21.4,73.2,33.9,31.16,84.08,7.41,535.3,onion,red soil
61.1,44.4,49.8,17.24,58.49,7.27,624.0,wheat,black soil
92.7,54.7,80.6,25.54,44.93,6.72,776.4,pomegranate,black soil
34.6,35.1,24.0,25.44,59.26,6.6,409.3,chickpea,black soil
74.4,33.5,36.3,29.9,83.51,8.38,1796.4,sugarcane,alluvial soil
28.3,44.1,31.4,25.75,58.41,7.69,867.8,pigeonpeas,black soil
76.5,59.8,54.1,28.58,69.14,6.52,673.5,maize,red soil
46.1,41.5,45.7,27.34,54.54,6.67,874.1,ragi,red soil
74.1,58.9,67.9,10.22,36.0,7.85,1145.4,bajra,laterite soil
5.5,33.5,79.1,38.1,74.94,8.56,1849.0,bajra,red soil
32.7,34.1,28.0,22.79,67.64,6.36,796.2,soybean,black soil
28.0,31.8,39.1,25.97,58.34,7.82,775.2,pigeonpeas,black soil
34.4,40.1,42.6,24.76,72.5,7.1,820.5,soybean,alluvial soil
96.1,53.4,71.5,21.83,57.24,7.0,849.1,grapes,black soil
71.5,49.7,51.5,24.63,66.36,6.9,844.6,cotton,black soil
135.8,38.8,77.4,16.93,23.17,6.42,1356.9,sunflower,alluvial soil
72.7,44.9,54.3,30.06,59.58,7.29,658.2,cotton,red soil
34.6,34.7,39.9,29.79,55.67,7.63,897.4,pigeonpeas,black soil
30.3,33.0,29.4,23.77,75.03,6.92,701.8,soybean,black soil
71.2,52.2,58.3,25.33,71.68,6.68,943.5,chilli,black soil
16.1,34.9,29.3,27.29,54.29,6.51,523.3,lentil,alluvial soil
95.1,54.9,53.4,28.04,72.22,7.0,906.4,maize,red soil
85.7,39.4,56.4,28.94,55.22,6.08,795.4,chilli,red soil
17.0,25.4,23.3,20.2,55.14,6.07,460.1,lentil,alluvial soil
16.3,76.1,33.9,18.42,67.34,5.69,1002.9,pigeonpeas,laterite soil
126.8,16.9,52.2,12.56,59.67,6.04,1775.7,wheat,red soil
71.8,66.4,64.0,40.25,77.7,9.43,358.0,onion,laterite soil
50.0,39.9,44.6,15.84,39.28,7.15,632.0,safflower,red soil
24.4,30.4,22.8,21.06,55.6,7.61,637.4,chickpea,red soil
15.5,26.4,29.8,25.26,68.59,7.1,582.6,greengram,black soil
24.7,22.8,16.0,30.29,58.63,7.16,626.8,blackgram,red soil
40.1,44.7,49.4,27.59,66.18,7.3,671.7,ragi,laterite soil
65.2,45.5,43.4,23.38,48.78,7.3,585.3,sunflower,red soil
17.0,70.1,52.6,41.07,80.88,7.91,1471.7,sugarcane,black soil
19.2,32.7,25.3,25.7,53.64,6.26,469.4,lentil,alluvial soil
45.2,30.0,32.7,29.3,56.62,7.17,515.6,bajra,red soil
73.3,50.6,40.8,28.32,59.05,7.51,606.5,cotton,red soil
94.7,56.7,71.3,31.21,49.14,7.32,642.6,pomegranate,red soil
72.5,58.9,66.7,44.73,64.97,6.38,2132.8,chickpea,alluvial soil
107.4,52.6,84.9,34.46,56.52,7.29,794.5,pomegranate,black soil
36.8,20.2,28.2,28.84,52.59,7.42,475.1,bajra,alluvial soil
63.2,73.6,32.3,21.2,32.42,5.98,850.6,pigeonpeas,black soil
38.7,42.2,33.1,22.93,53.56,7.63,847.1,pigeonpeas,black soil
22.6,34.3,19.4,33.03,68.19,6.67,543.8,blackgram,black soil
61.4,31.7,45.8,28.9,59.8,5.63,918.9,ragi,laterite soil
40.2,21.5,39.3,28.18,43.45,7.47,435.2,bajra,red soil
99.8,60.3,92.1,28.32,61.26,6.78,698.9,grapes,red soil
34.7,27.2,31.0,22.95,59.91,7.59,489.2,chickpea,black soil
86.1,55.7,58.4,26.89,57.4,6.59,795.8,onion,red soil
44.1,35.3,44.3,26.64,69.67,7.27,623.6,soybean,black soil
26.8,20.5,15.3,29.69,50.83,6.78,688.8,blackgram,red soil
34.8,31.2,25.2,27.28,62.02,6.56,833.3,pigeonpeas,red soil
54.2,43.1,49.2,23.21,58.45,7.35,980.8,ragi,laterite soil
34.3,39.8,28.7,26.47,60.49,6.79,699.8,soybean,alluvial soil
40.6,33.7,43.6,27.03,54.12,8.06,612.5,jowar,black soil
92.4,65.4,70.8,23.51,69.34,6.66,753.4,grapes,red soil
25.2,42.1,26.6,25.21,58.17,7.44,641.3,pigeonpeas,black soil
73.4,36.5,5.8,14.1,54.73,5.47,2416.8,lentil,red soil
78.4,47.7,41.5,15.56,51.98,6.26,645.9,wheat,alluvial soil
28.9,22.2,23.5,33.98,68.17,7.31,789.4,greengram,alluvial soil
117.1,58.9,59.1,20.77,71.45,6.39,971.8,tomato,red soil
42.5,38.5,30.7,31.84,52.57,7.49,467.3,jowar,black soil
122.8,0.5,8.1,23.86,35.46,7.24,1587.1,wheat,red soil
120.0,63.9,86.2,27.84,69.91,7.29,1340.5,sugarcane,black soil
72.6,43.3,46.8,26.96,65.15,6.78,613.7,chilli,red soil
43.4,26.2,33.2,22.57,37.58,7.08,554.1,safflower,red soil
23.7,31.0,32.9,20.04,50.73,8.0,505.6,chickpea,black soil
85.9,57.6,58.8,25.5,66.91,6.68,924.2,onion,red soil
79.6,62.8,5.9,23.2,66.58,8.27,1550.7,wheat,alluvial soil
96.6,64.3,63.9,24.91,72.06,6.35,945.3,tomato,red soil
50.7,37.6,44.3,20.06,39.0,6.68,411.2,safflower,red soil
84.4,47.9,58.4,27.34,59.07,6.27,762.0,maize,black soil
84.3,49.5,44.5,35.28,41.18,7.72,1192.0,pigeonpeas,laterite soil
113.9,50.5,80.2,29.36,69.45,6.72,1869.8,sugarcane,black soil
22.6,27.8,24.2,31.54,61.26,7.26,743.2,greengram,alluvial soil
93.3,53.4,79.0,27.36,61.11,6.64,690.2,grapes,red soil
99.1,50.1,64.0,29.38,61.89,6.62,621.9,chilli,red soil
112.4,1.7,83.8,31.41,21.39,8.33,633.9,groundnut,alluvial soil
36.0,34.1,29.4,30.49,48.64,6.16,532.8,bajra,alluvial soil
37.1,33.0,34.6,24.72,77.19,6.64,699.8,soybean,black soil
113.1,58.2,92.7,24.4,66.0,6.73,729.8,grapes,black soil
45.0,42.1,29.9,29.27,76.88,6.71,913.0,soybean,alluvial soil
22.4,21.7,21.7,25.7,52.44,6.97,519.2,greengram,black soil
63.8,37.8,38.4,28.69,40.25,6.69,516.6,sunflower,red soil
83.6,59.6,60.7,21.74,59.68,6.62,959.0,maize,black soil
73.5,8.7,20.8,42.46,61.94,7.5,789.7,chilli,laterite soil
47.9,37.4,39.1,19.25,51.0,7.22,433.7,safflower,red soil
26.2,24.4,19.0,30.84,61.84,7.41,777.6,blackgram,black soil
26.7,27.4,26.7,31.74,69.11,7.28,533.0,greengram,alluvial soil
19.6,31.4,28.5,28.94,50.99,6.78,697.3,blackgram,black soil
92.6,32.8,1.1,21.36,23.78,8.89,959.7,tomato,red soil
86.8,16.0,63.8,33.69,67.06,8.26,2050.1,chilli,red soil
22.8,35.0,34.9,27.28,58.24,7.93,523.6,chickpea,red soil
24.5,40.7,48.0,27.49,68.04,6.33,801.6,groundnut,red soil
33.6,35.3,32.2,27.77,55.92,7.75,410.4,chickpea,red soil
63.3,55.1,27.5,18.06,60.61,4.91,754.8,soybean,black soil
93.6,49.5,57.9,28.61,71.39,6.38,646.9,tomato,red soil
107.8,61.8,65.5,30.87,44.31,7.38,696.0,pomegranate,black soil
76.8,54.0,47.6,29.39,60.38,6.02,999.2,cotton,red soil
29.7,29.1,22.4,28.99,51.17,7.28,746.9,greengram,black soil
101.4,53.3,85.1,34.75,56.97,6.88,600.6,pomegranate,red soil
37.5,44.9,39.4,22.46,55.93,7.27,697.2,pigeonpeas,red soil
76.6,49.1,54.2,23.94,59.08,6.05,920.4,maize,black soil
30.2,45.9,30.9,27.6,63.7,6.64,883.2,soybean,black soil
57.5,46.6,69.0,10.53,69.74,4.75,1577.7,bajra,laterite soil
20.9,38.1,20.1,22.06,55.32,6.19,646.9,chickpea,black soil
75.2,38.1,52.2,30.41,69.98,6.94,616.9,chilli,black soil
114.3,62.3,60.3,29.14,73.33,6.64,1944.3,sugarcane,black soil
100.4,54.8,86.8,33.76,46.66,6.97,572.2,pomegranate,black soil
85.2,40.1,58.6,32.13,62.18,6.96,775.8,cotton,red soil
89.8,69.2,89.9,31.35,58.25,7.23,566.0,pomegranate,black soil
57.7,39.5,43.8,27.19,50.51,6.41,923.8,ragi,red soil
100.0,52.9,60.6,30.48,73.48,6.67,1694.4,sugarcane,black soil
46.5,27.3,31.5,31.88,63.91,7.83,716.7,jowar,black soil
77.5,38.7,53.7,27.56,53.49,7.08,589.7,cotton,red soil
63.9,54.1,55.1,25.09,64.02,7.22,862.8,cotton,red soil
74.1,44.8,58.6,27.72,73.08,6.28,732.0,maize,alluvial soil
106.3,55.2,55.8,20.27,65.44,6.21,926.7,onion,red soil
138.5,76.7,73.2,23.09,41.69,6.2,1310.1,cotton,black soil
106.1,41.1,54.9,18.09,57.8,6.07,829.0,onion,alluvial soil
83.0,51.5,56.1,30.36,50.61,6.48,958.6,cotton,red soil
60.7,74.8,25.3,24.87,47.71,7.6,2148.9,bajra,red soil
17.4,29.3,27.1,19.51,45.11,6.83,589.9,lentil,black soil
42.7,33.3,32.8,17.51,51.76,7.56,475.0,safflower,black soil
47.6,28.7,30.7,33.01,59.24,7.2,510.4,bajra,red soil
115.8,24.1,23.7,28.17,22.69,7.44,683.0,tomato,red soil
28.9,30.5,34.3,25.6,56.84,7.34,871.3,pigeonpeas,black soil
31.9,33.0,27.8,32.3,67.07,6.83,868.3,pigeonpeas,red soil
84.1,42.4,52.0,25.85,64.95,6.85,814.9,onion,alluvial soil
120.0,60.9,87.1,26.75,72.45,7.34,1469.0,sugarcane,black soil
50.8,34.8,50.3,20.5,58.78,7.75,618.5,sunflower,alluvial soil
88.7,66.5,65.7,28.51,58.2,6.73,555.1,pomegranate,black soil
76.4,42.7,54.1,28.7,55.48,6.09,912.2,maize,red soil
47.6,34.6,44.2,29.4,48.03,7.94,713.5,jowar,red soil
100.5,40.2,50.8,19.85,73.5,7.19,856.2,onion,red soil
15.2,27.2,75.2,29.6,69.01,6.66,328.9,onion,alluvial soil
11.2,5.3,42.9,12.94,38.54,8.25,1837.8,pigeonpeas,laterite soil
21.0,26.9,26.8,22.07,60.94,7.38,529.5,lentil,black soil
96.9,61.7,63.5,32.59,52.76,7.39,619.4,pomegranate,red soil
40.9,31.5,46.1,25.26,61.01,7.39,776.1,ragi,red soil
51.9,29.3,38.4,18.69,51.08,7.44,641.0,safflower,red soil
45.5,36.8,35.3,19.62,44.73,7.93,623.7,safflower,black soil
17.1,34.4,23.3,25.29,48.16,6.93,481.3,lentil,alluvial soil
23.9,24.9,17.4,29.15,50.73,7.45,694.7,blackgram,red soil
83.0,3.6,39.2,44.2,56.28,4.87,624.6,groundnut,laterite soil
17.6,27.6,26.7,31.0,64.29,7.3,640.4,greengram,alluvial soil
39.6,27.2,28.0,26.62,46.39,6.17,576.4,bajra,alluvial soil
44.6,50.9,96.2,12.56,24.04,4.91,2314.0,greengram,red soil
103.7,60.2,70.0,25.02,71.47,6.02,893.7,tomato,red soil
100.6,64.2,70.4,21.14,68.42,6.19,760.1,tomato,red soil
105.0,66.6,85.8,25.9,67.28,6.53,672.1,grapes,black soil
97.4,42.5,46.3,24.12,71.57,6.39,841.2,maize,red soil
10.1,52.5,79.1,43.12,26.97,7.74,2013.2,onion,red soil
53.7,31.0,43.2,27.38,43.88,7.52,608.3,sunflower,black soil
53.6,38.3,45.3,22.7,41.25,6.74,668.0,sunflower,red soil
18.5,33.4,28.9,18.7,58.02,6.86,541.1,lentil,black soil
38.0,76.9,40.3,41.44,27.68,5.53,1125.4,wheat,black soil
138.1,71.6,78.4,43.29,54.01,6.94,1052.2,sunflower,black soil
95.2,50.9,46.8,26.85,63.92,6.92,790.1,chilli,red soil
21.6,23.7,19.4,34.64,68.96,7.21,780.4,blackgram,black soil
110.0,61.7,55.4,23.08,70.07,6.93,837.9,tomato,alluvial soil
90.3,63.4,69.8,29.48,45.0,7.37,799.6,pomegranate,red soil
119.4,66.7,98.3,20.57,52.69,7.38,691.7,grapes,black soil
62.6,27.9,14.6,22.68,87.75,8.32,1967.1,greengram,red soil
98.3,66.0,89.6,21.27,51.44,6.64,856.8,grapes,red soil
52.5,41.2,50.9,25.22,51.63,7.97,590.8,sunflower,alluvial soil
32.8,78.5,45.7,18.29,84.77,6.74,1044.8,bajra,red soil
88.7,33.4,73.4,16.98,86.31,4.96,2255.6,tomato,laterite soil
106.7,69.3,60.5,33.11,41.79,7.45,691.1,pomegranate,black soil
106.8,58.2,86.2,22.96,61.11,6.79,643.8,grapes,red soil
91.9,53.9,73.3,28.49,73.41,6.7,964.2,tomato,alluvial soil
94.3,59.1,49.8,28.36,66.03,6.28,609.6,maize,red soil
35.0,49.2,82.4,18.97,25.78,5.43,682.7,lentil,red soil
78.7,40.9,45.7,15.8,62.24,6.66,628.9,wheat,black soil
41.8,32.6,30.9,32.36,56.1,7.83,425.7,bajra,red soil
29.4,34.4,21.0,33.85,67.58,6.7,550.1,greengram,alluvial soil
53.1,40.6,51.1,20.52,51.44,6.83,743.0,sunflower,alluvial soil
92.8,54.5,62.5,26.11,59.82,7.48,932.5,chilli,red soil
67.9,68.0,78.6,37.85,67.95,6.56,1232.8,groundnut,red soil
103.3,58.8,97.8,25.79,20.09,7.36,2390.1,safflower,alluvial soil
55.2,29.0,40.1,25.43,61.3,6.83,583.7,jowar,black soil
76.5,70.3,21.4,25.8,29.28,9.43,1150.3,onion,red soil
65.2,45.1,41.8,24.52,51.74,7.48,546.7,wheat,alluvial soil
56.7,33.0,47.3,26.27,51.8,5.53,973.1,ragi,laterite soil
24.3,29.9,30.0,39.1,64.77,6.41,592.6,chilli,alluvial soil
94.1,69.9,88.9,21.0,60.03,7.02,854.1,grapes,red soil
53.8,42.1,42.8,24.64,56.94,7.6,667.2,sunflower,black soil
102.4,52.3,58.4,24.15,59.17,6.98,781.2,onion,alluvial soil
98.3,44.8,56.9,28.67,71.8,6.68,926.3,maize,alluvial soil
58.3,31.0,41.7,25.28,55.69,7.86,646.4,sunflower,black soil
94.9,54.8,60.4,22.5,67.02,7.49,655.4,maize,alluvial soil
28.3,24.2,24.3,30.51,50.76,7.01,688.1,blackgram,red soil
8.9,17.5,14.8,24.79,58.69,5.78,1741.1,wheat,black soil
19.0,25.8,24.0,25.34,68.79,6.84,754.4,greengram,black soil
48.7,25.0,33.4,15.73,49.24,7.89,451.1,safflower,red soil
23.5,26.4,24.0,23.19,56.08,6.11,563.0,chickpea,black soil
20.5,28.4,24.7,20.92,47.37,6.02,413.4,lentil,alluvial soil
21.0,27.8,20.2,30.82,66.06,6.57,640.2,greengram,black soil
90.8,52.0,64.8,26.9,52.46,7.33,761.8,pomegranate,red soil
34.0,30.2,41.3,22.04,77.2,6.53,603.0,soybean,black soil
68.2,69.2,89.4,14.7,64.87,8.81,1092.8,lentil,black soil
74.3,44.0,51.6,29.69,62.84,6.7,710.8,cotton,red soil
90.1,60.2,89.3,26.91,43.79,6.96,508.9,pomegranate,red soil
52.3,26.5,30.4,24.31,46.84,7.23,502.1,safflower,red soil
52.2,32.6,39.4,26.1,57.51,6.91,762.2,ragi,red soil
81.2,64.5,78.0,34.41,69.66,6.97,285.4,onion,black soil
44.3,37.6,39.6,27.89,61.69,7.7,679.5,jowar,red soil
101.0,69.6,65.4,26.16,54.5,7.3,560.1,pomegranate,black soil
21.7,29.5,27.5,32.62,61.13,6.65,679.6,greengram,alluvial soil
23.7,30.3,21.3,27.31,60.72,6.27,791.3,blackgram,black soil
95.1,45.9,55.5,21.7,63.68,6.33,849.0,onion,alluvial soil
54.3,46.6,16.8,37.82,81.54,4.89,1609.9,cotton,black soil
56.7,28.6,44.7,29.82,46.35,7.34,736.2,jowar,black soil
15.8,29.6,24.4,29.7,60.59,6.72,545.4,greengram,alluvial soil
17.2,27.7,17.6,29.14,59.31,6.91,667.7,blackgram,red soil
29.7,23.6,24.1,28.94,50.29,7.18,786.7,greengram,alluvial soil
61.1,7.1,13.6,43.31,72.93,4.78,1048.3,ragi,black soil
124.9,33.8,7.8,37.47,50.61,6.55,302.7,wheat,black soil
48.1,32.7,37.7,20.07,46.18,7.8,635.7,safflower,black soil
48.1,34.5,34.7,19.07,45.5,6.75,505.2,safflower,black soil
108.5,59.5,73.4,27.78,75.24,6.87,722.5,tomato,alluvial soil
133.6,67.0,93.0,32.79,60.17,7.35,805.1,safflower,alluvial soil
102.5,51.2,60.6,31.71,67.99,7.34,1921.2,sugarcane,alluvial soil
4.1,43.5,51.2,36.84,80.64,5.97,1073.8,onion,alluvial soil
71.5,41.9,50.8,26.4,52.53,6.52,734.1,cotton,red soil
25.4,43.5,62.0,41.36,65.7,6.22,2186.2,tomato,black soil
26.0,45.3,53.0,31.05,82.6,8.49,396.6,tomato,red soil
109.4,48.6,66.6,20.21,77.96,6.47,803.1,tomato,red soil
90.4,57.7,73.6,33.84,56.89,6.77,637.6,pomegranate,black soil
97.5,59.9,70.0,34.23,53.81,6.62,617.2,pomegranate,red soil
25.8,31.8,34.9,22.17,42.01,6.98,440.1,chickpea,red soil
109.8,45.3,51.9,26.69,63.79,6.31,688.0,onion,red soil
89.9,44.9,49.2,24.6,61.94,7.46,889.5,cotton,black soil
49.3,30.1,44.4,21.95,43.55,7.44,430.3,safflower,black soil
34.9,42.2,38.9,24.73,52.63,7.38,677.6,pigeonpeas,red soil
117.2,61.4,72.3,28.79,65.06,7.08,1534.1,sugarcane,black soil
26.5,24.8,26.0,33.57,64.25,7.19,587.2,greengram,alluvial soil
49.2,25.3,37.2,17.26,51.02,7.87,532.3,safflower,black soil
51.3,20.0,32.9,32.62,41.47,7.87,475.9,bajra,red soil
80.7,57.0,59.7,18.37,73.52,6.38,679.9,onion,black soil
44.4,34.7,34.3,23.69,44.38,7.21,451.7,safflower,red soil
28.3,26.4,23.5,29.16,58.28,7.23,552.5,chickpea,black soil
20.8,22.7,23.8,31.39,62.63,7.41,554.2,greengram,black soil
50.4,39.8,46.0,25.01,67.49,5.86,885.7,ragi,laterite soil
37.0,43.3,44.8,24.03,67.73,6.09,769.0,soybean,alluvial soil
80.5,9.1,85.1,10.27,51.19,6.83,448.2,chilli,alluvial soil
58.0,38.3,30.8,31.81,45.19,7.17,519.6,jowar,red soil
57.8,31.8,51.0,38.25,54.53,6.45,1172.3,chilli,black soil
53.4,25.5,31.9,33.59,54.0,7.2,568.5,bajra,alluvial soil
69.7,76.9,42.4,39.87,32.88,8.81,1709.1,cotton,alluvial soil
51.9,24.1,37.3,31.64,47.77,6.52,423.9,bajra,alluvial soil
102.3,52.7,61.2,14.27,29.36,6.45,421.7,pomegranate,laterite soil
116.0,47.9,55.1,22.63,60.73,6.44,982.9,tomato,alluvial soil
75.1,44.1,62.7,28.61,72.11,7.09,836.5,maize,black soil
21.0,36.5,20.0,28.2,54.54,6.18,453.6,chickpea,red soil
117.2,57.2,58.1,28.28,62.93,6.16,622.5,tomato,alluvial soil
51.5,28.9,40.0,34.65,46.31,6.95,627.1,bajra,red soil
98.7,61.2,74.2,27.99,76.62,6.0,633.1,tomato,red soil
94.0,54.3,83.9,33.79,52.57,7.42,730.9,pomegranate,red soil
75.7,44.2,43.0,31.87,58.24,6.08,627.1,cotton,black soil
38.0,32.9,39.3,29.1,46.8,6.25,467.7,bajra,red soil
135.8,64.7,72.2,33.11,78.1,7.08,1588.8,sugarcane,black soil
88.5,54.9,60.2,23.39,73.22,5.78,825.5,maize,red soil
52.7,25.1,30.1,17.87,45.78,6.7,504.1,safflower,red soil
62.4,69.1,33.8,39.28,26.3,8.65,1590.3,tomato,alluvial soil
67.5,10.4,35.6,28.92,79.15,7.05,1047.6,tomato,laterite soil
97.3,51.2,80.2,27.43,52.34,6.67,777.9,grapes,red soil
55.0,35.0,51.1,39.52,61.72,7.0,1186.3,pomegranate,alluvial soil
51.5,33.8,37.0,24.7,39.12,7.47,545.3,safflower,black soil
71.2,51.4,43.4,33.55,59.49,6.05,584.8,cotton,black soil
47.7,37.9,25.0,26.36,72.43,7.42,647.9,soybean,black soil
95.1,48.0,47.6,27.91,73.36,6.63,828.8,chilli,red soil
72.4,34.7,33.1,27.97,75.5,5.44,2226.8,maize,red soil
38.8,22.1,26.9,33.73,41.21,7.6,547.1,bajra,red soil
100.2,67.2,76.0,22.0,52.15,6.63,651.1,grapes,red soil
80.4,42.7,61.6,23.85,58.06,6.97,602.3,onion,red soil
28.2,24.0,22.8,33.98,54.15,6.63,703.5,blackgram,black soil
136.4,66.9,71.8,28.74,75.78,7.4,1787.0,sugarcane,black soil
110.1,21.6,31.1,43.75,43.91,4.96,1620.5,ragi,alluvial soil
21.1,25.6,29.9,23.69,45.46,6.3,638.9,chickpea,black soil
37.0,41.7,45.6,31.54,50.28,6.76,516.2,groundnut,alluvial soil
59.1,70.2,33.0,39.57,40.98,4.99,1091.8,pomegranate,black soil
28.3,36.1,17.7,40.16,20.17,6.11,1468.2,chilli,red soil
32.9,30.9,42.9,32.55,68.24,7.43,745.7,groundnut,red soil
56.6,29.4,43.2,15.13,43.79,7.99,451.5,safflower,black soil
114.7,65.8,78.7,29.52,52.86,7.26,796.2,grapes,black soil
47.3,40.0,39.9,22.8,50.06,6.31,743.5,ragi,laterite soil
89.6,46.9,46.1,25.94,68.06,6.22,879.8,chilli,red soil
70.0,37.8,40.6,18.83,65.39,6.37,595.9,wheat,alluvial soil
58.9,38.2,42.8,24.99,67.75,6.83,769.7,ragi,laterite soil
23.6,32.8,27.3,30.7,63.59,7.44,529.0,greengram,black soil
89.0,24.4,93.5,21.76,73.63,8.76,814.8,greengram,red soil
55.1,37.5,44.7,22.36,43.44,7.04,470.6,safflower,red soil
79.2,42.0,54.6,22.72,58.15,5.94,940.6,maize,alluvial soil
47.2,30.2,31.5,28.22,53.06,7.32,629.8,jowar,red soil
89.6,49.7,55.1,24.12,60.08,7.15,856.9,chilli,black soil
50.6,29.2,32.7,29.26,59.95,6.56,468.6,bajra,red soil
64.4,42.4,47.5,22.16,56.05,7.35,820.4,ragi,laterite soil
113.3,61.4,63.5,24.49,68.69,6.08,925.1,tomato,red soil
25.0,22.0,21.9,27.65,65.44,6.71,622.0,blackgram,red soil
109.0,58.4,56.8,22.4,57.0,6.08,830.9,onion,black soil
27.7,52.4,86.7,31.98,21.55,6.79,933.2,jowar,laterite soil
85.3,47.1,52.7,26.35,72.77,6.65,980.2,onion,red soil
3.6,17.6,9.7,12.97,58.14,9.39,854.3,tomato,laterite soil
108.6,60.9,66.3,25.25,46.58,7.36,704.5,pomegranate,black soil
2.0,41.5,69.9,39.27,85.48,7.26,807.0,bajra,red soil
87.2,50.5,54.3,33.8,63.93,7.4,769.9,cotton,red soil
35.2,39.2,32.0,31.78,68.62,6.71,573.8,groundnut,red soil
47.5,41.6,44.2,27.77,61.25,6.83,698.8,ragi,red soil
52.9,67.9,85.7,24.7,37.02,6.7,1674.5,pigeonpeas,black soil
83.9,43.6,55.8,27.36,54.63,7.29,861.5,cotton,red soil
22.7,30.5,21.9,25.19,56.57,7.46,549.6,greengram,black soil
131.1,53.0,79.5,27.44,77.61,6.6,1288.7,sugarcane,black soil
21.9,62.0,0.1,15.19,75.22,8.13,2106.0,pomegranate,alluvial soil
68.9,39.6,81.3,19.69,71.95,9.49,1428.4,chickpea,black soil
69.0,46.9,44.1,15.18,50.82,7.49,589.5,wheat,black soil
75.9,42.9,54.1,34.26,69.56,7.63,738.5,cotton,black soil
16.1,14.9,3.5,15.47,69.28,6.06,496.5,chickpea,red soil
12.5,4.9,25.5,21.66,75.28,6.66,1086.3,cotton,alluvial soil
78.3,13.4,8.5,35.89,29.4,9.46,2148.7,chickpea,black soil
103.9,58.6,70.0,27.76,63.19,6.91,682.4,grapes,black soil
55.4,37.7,44.5,22.14,41.96,7.62,569.5,safflower,black soil
46.4,20.5,30.3,29.37,44.76,7.99,576.3,bajra,alluvial soil
63.6,32.6,42.6,24.41,65.91,6.57,826.2,ragi,laterite soil
109.9,7.5,20.6,20.98,86.29,9.04,2019.6,blackgram,red soil
38.6,37.7,34.8,22.95,64.67,7.03,955.9,soybean,black soil
37.2,34.2,30.8,26.03,58.29,6.21,495.6,bajra,alluvial soil
45.7,35.0,36.4,16.85,52.62,7.94,639.3,safflower,black soil
21.8,20.6,23.6,31.98,56.74,6.87,717.2,blackgram,red soil
109.5,46.3,66.2,25.69,66.36,6.39,877.7,onion,black soil
67.4,25.5,26.5,20.22,89.43,7.37,1590.5,jowar,alluvial soil
70.5,53.1,37.6,35.6,93.87,6.32,1510.7,ragi,black soil
23.1,30.3,25.9,20.56,56.12,6.69,410.9,chickpea,red soil
17.1,26.0,16.9,26.33,65.39,6.76,662.2,blackgram,black soil
104.3,63.6,96.5,22.13,68.3,7.48,744.6,grapes,red soil
27.0,23.0,21.0,34.66,60.66,7.18,633.0,greengram,alluvial soil
22.5,35.6,31.4,26.85,63.78,6.5,572.6,groundnut,red soil
101.1,45.9,46.0,37.55,73.67,9.38,2263.6,soybean,red soil
72.9,44.7,61.7,21.55,70.24,6.79,969.1,maize,alluvial soil
97.5,50.1,45.5,24.41,61.5,5.7,680.6,maize,red soil
17.4,25.0,25.4,29.19,62.59,6.42,573.0,blackgram,black soil
113.1,8.8,98.7,29.02,56.46,7.33,2347.5,greengram,laterite soil
42.4,25.3,41.4,31.45,51.67,7.37,726.6,jowar,red soil
129.9,58.4,30.9,20.75,44.95,5.8,309.3,sugarcane,laterite soil
62.1,44.1,45.8,17.32,69.03,6.7,477.3,wheat,black soil
93.6,72.6,26.2,31.74,93.17,4.99,2090.9,pomegranate,laterite soil
38.1,32.3,52.1,21.13,35.76,7.6,700.9,bajra,alluvial soil
99.2,73.4,76.0,15.64,45.86,9.39,2293.2,bajra,black soil
59.7,67.9,29.0,37.56,65.34,6.05,320.0,chickpea,red soil
28.1,68.5,20.6,30.32,38.39,5.44,1031.7,jowar,black soil
90.1,45.4,55.2,20.16,63.98,6.21,934.6,tomato,alluvial soil
122.7,47.8,27.2,22.51,35.45,6.77,1202.7,cotton,alluvial soil
37.3,34.5,29.8,22.91,60.7,6.53,623.6,pigeonpeas,red soil
81.3,53.4,66.1,23.43,67.63,6.51,902.6,onion,red soil
26.7,29.3,25.0,30.74,63.18,6.75,640.3,blackgram,red soil
15.4,54.1,12.9,38.95,30.81,8.94,719.4,ragi,red soil
40.6,39.5,39.0,22.7,60.71,6.79,884.9,soybean,black soil
45.4,33.0,37.5,25.75,53.03,6.72,904.2,ragi,laterite soil
35.5,8.1,71.8,22.46,58.16,5.7,513.9,soybean,black soil
36.4,23.9,25.8,30.82,50.67,6.51,423.0,bajra,red soil
103.2,51.4,57.1,22.96,57.97,6.72,763.9,onion,red soil
44.6,33.6,49.0,22.62,53.89,7.34,799.1,ragi,laterite soil
69.2,3.6,77.9,26.25,50.49,8.65,317.8,safflower,black soil
50.6,35.2,52.4,25.68,44.64,7.23,520.1,sunflower,black soil
113.5,51.0,64.6,23.71,77.07,6.77,977.1,tomato,alluvial soil
20.5,32.4,29.7,24.81,56.66,6.43,517.7,lentil,black soil
97.3,17.6,79.9,11.24,72.93,8.81,562.9,jowar,red soil
84.8,47.2,58.4,23.78,68.6,6.45,721.1,maize,alluvial soil
95.0,63.9,87.6,34.62,40.22,7.4,509.0,pomegranate,red soil
103.0,56.7,71.4,27.03,77.17,6.26,749.0,tomato,red soil
98.6,2.3,71.7,24.53,48.92,5.48,916.3,wheat,red soil
21.3,32.5,29.9,27.74,58.46,7.26,478.4,lentil,alluvial soil
21.8,31.7,24.4,25.07,69.21,7.1,731.0,blackgram,red soil
33.7,73.0,35.6,23.24,25.36,4.76,1362.9,soybean,red soil
0.3,24.3,27.4,31.05,38.58,9.36,2345.8,cotton,alluvial soil
60.1,47.5,40.7,23.5,62.75,6.49,574.3,wheat,black soil
63.2,33.6,39.1,20.05,55.85,6.85,711.9,ragi,red soil
45.8,44.7,43.9,25.24,59.31,5.69,737.7,ragi,laterite soil
26.2,32.3,21.4,31.95,53.5,7.07,781.9,greengram,alluvial soil
93.3,67.4,79.4,26.73,57.05,6.83,579.7,pomegranate,black soil
0.7,65.6,97.4,33.25,81.5,6.27,2485.9,sugarcane,red soil
44.2,25.1,44.9,28.01,56.67,7.84,712.3,jowar,red soil
55.4,73.4,32.1,23.54,86.28,5.09,655.5,soybean,black soil
58.9,34.1,36.4,31.14,47.67,6.6,606.5,jowar,black soil
40.7,44.3,38.2,24.73,60.05,6.56,651.0,soybean,alluvial soil
64.9,45.6,53.5,23.65,52.82,6.45,480.3,wheat,alluvial soil
48.3,36.5,31.1,18.02,49.78,7.58,510.0,safflower,black soil
43.7,36.0,36.1,22.61,64.38,7.13,642.5,soybean,black soil
15.3,33.7,20.4,29.31,60.45,7.16,648.1,greengram,black soil
101.3,8.6,74.1,22.35,28.88,5.6,393.5,sunflower,alluvial soil
93.1,38.6,55.9,26.93,69.4,7.3,708.9,chilli,black soil
43.4,21.6,34.9,31.34,48.43,7.22,580.6,bajra,red soil
114.7,51.4,98.5,21.99,50.18,6.89,677.7,grapes,red soil
77.5,51.4,51.0,28.5,67.66,6.86,622.9,cotton,black soil
91.2,57.2,86.8,20.82,66.44,7.16,438.4,chilli,red soil
56.7,27.0,33.6,17.83,37.96,6.69,580.4,safflower,black soil
132.6,2.9,7.1,20.06,84.79,4.79,1792.4,sugarcane,black soil
55.8,27.6,44.6,31.75,54.26,7.18,571.4,jowar,red soil
15.4,33.4,20.0,18.96,51.35,7.13,493.5,lentil,alluvial soil
57.1,46.6,38.9,25.83,59.13,6.6,707.9,sunflower,red soil
19.8,72.8,16.8,43.27,52.87,4.62,2208.5,soybean,red soil
20.6,27.4,29.5,20.52,40.42,6.1,565.7,chickpea,black soil
56.4,34.5,49.0,21.82,66.31,6.38,913.6,ragi,laterite soil
64.8,47.9,54.5,23.37,54.33,7.14,630.1,wheat,alluvial soil
44.6,28.6,31.4,19.65,45.49,7.03,487.7,safflower,black soil
15.6,34.5,25.4,19.84,57.08,6.06,572.9,lentil,alluvial soil
114.3,65.0,94.5,24.34,62.55,6.7,734.8,grapes,black soil
24.2,25.4,25.3,26.62,66.5,6.34,568.3,blackgram,red soil
57.7,32.5,43.7,21.26,51.75,7.2,502.7,safflower,black soil
50.7,30.1,31.2,15.29,51.09,7.3,527.4,safflower,red soil
122.5,55.8,64.0,32.88,73.72,7.38,1848.5,sugarcane,alluvial soil
47.7,44.6,38.1,22.63,50.36,6.31,883.5,ragi,red soil
48.2,20.8,28.9,30.04,41.12,7.89,527.1,bajra,alluvial soil
26.2,67.1,67.1,23.49,56.83,5.81,1134.4,blackgram,red soil
73.5,41.9,49.4,29.48,50.23,6.37,550.0,cotton,red soil
86.3,4.7,64.6,15.23,52.17,9.37,2444.0,chilli,black soil
44.7,26.7,43.5,18.4,51.51,7.0,419.3,safflower,red soil
19.9,34.1,29.8,31.1,60.05,6.96,631.9,blackgram,red soil
59.9,31.8,37.1,23.13,40.91,6.82,731.1,sunflower,alluvial soil
30.2,32.5,38.9,26.53,66.26,6.83,890.4,groundnut,alluvial soil
56.7,37.1,42.8,27.31,46.69,7.65,678.5,sunflower,alluvial soil
37.4,46.3,77.4,17.04,33.92,5.17,2101.4,grapes,alluvial soil
53.5,75.5,68.9,33.96,44.91,7.76,617.0,greengram,laterite soil
73.6,44.9,54.0,23.87,66.94,7.29,638.3,wheat,black soil
20.8,27.9,27.6,34.0,57.05,7.03,630.4,greengram,black soil
52.0,21.7,38.8,34.99,51.69,7.56,453.9,bajra,red soil
111.0,27.9,79.0,35.51,35.69,4.57,836.5,safflower,red soil
96.0,64.0,63.4,21.12,66.63,6.34,633.1,tomato,alluvial soil
70.9,21.9,85.0,43.89,85.59,6.51,1837.5,greengram,black soil
139.6,69.3,63.0,33.41,65.94,7.09,1417.7,sugarcane,alluvial soil
107.1,63.2,64.0,27.51,58.12,7.45,554.2,pomegranate,red soil
63.1,43.2,48.7,23.12,59.48,7.21,563.1,wheat,alluvial soil
37.4,33.2,34.8,31.2,68.79,6.67,686.7,pigeonpeas,black soil
68.5,37.5,59.4,24.18,56.01,7.4,898.2,cotton,black soil
82.7,63.7,89.7,31.66,51.79,7.42,793.6,pomegranate,red soil
86.8,45.0,64.8,27.54,71.62,6.19,946.0,onion,black soil
95.5,54.2,60.2,30.22,60.45,7.37,845.6,chilli,black soil
115.1,59.6,69.3,24.86,74.58,4.93,2263.2,cotton,black soil
40.5,20.9,33.8,33.66,47.7,7.76,562.9,bajra,red soil
56.8,43.1,35.4,20.65,62.34,5.63,708.9,ragi,laterite soil
97.9,49.8,59.4,22.56,68.14,6.69,978.1,tomato,alluvial soil
20.4,33.2,27.4,27.18,52.04,7.33,507.2,lentil,black soil
105.8,69.0,73.5,32.78,54.3,7.41,726.7,pomegranate,black soil
30.8,41.8,93.7,26.14,60.82,6.83,1683.1,lentil,alluvial soil
50.3,40.3,36.0,26.41,44.74,7.8,652.3,sunflower,black soil
96.5,50.6,67.1,23.01,75.03,6.42,850.9,tomato,red soil
27.1,30.6,26.9,26.3,51.99,6.69,773.8,greengram,black soil
46.9,33.3,39.8,32.19,47.65,6.8,533.1,bajra,red soil
92.9,68.0,94.6,20.98,68.28,7.19,729.3,grapes,black soil
36.0,31.0,28.4,29.34,68.35,7.73,664.8,pigeonpeas,black soil
47.5,35.7,44.7,15.43,35.84,7.11,514.5,safflower,red soil
56.8,28.9,33.2,24.81,48.05,7.13,604.7,safflower,red soil
53.8,41.7,49.9,28.13,68.92,7.26,814.2,ragi,red soil
49.9,32.9,39.5,23.44,61.03,7.26,927.4,soybean,black soil
37.4,44.4,35.3,27.0,79.71,7.44,950.6,soybean,alluvial soil
92.1,14.2,0.8,37.34,70.9,5.43,2151.5,jowar,red soil
44.1,42.9,40.8,20.57,65.42,7.48,701.6,ragi,red soil
43.1,30.0,36.6,31.77,48.77,6.85,610.6,bajra,alluvial soil
47.7,31.8,29.5,34.08,58.9,7.06,452.0,bajra,alluvial soil
81.1,10.4,37.2,35.36,94.68,6.34,1632.4,bajra,alluvial soil
99.5,33.8,75.9,27.31,89.71,4.79,2373.2,groundnut,red soil
61.1,42.9,43.6,20.4,55.98,6.27,823.4,ragi,red soil
50.3,37.5,48.6,24.06,51.94,6.73,782.1,sunflower,alluvial soil
76.3,35.9,58.1,25.69,61.32,7.81,551.6,cotton,black soil
71.7,38.9,51.1,33.65,45.34,6.46,523.8,sugarcane,red soil
98.5,47.2,46.4,29.67,73.56,7.07,974.5,chilli,red soil
101.9,25.1,31.0,26.07,70.11,5.64,1957.0,pomegranate,black soil
38.5,36.6,34.9,25.46,54.64,6.17,675.2,groundnut,alluvial soil
57.1,38.7,43.7,31.95,57.05,8.0,738.4,jowar,red soil
93.4,50.9,59.5,27.38,58.48,7.35,647.8,chilli,red soil
24.1,27.8,29.3,22.56,41.76,6.8,626.7,chickpea,black soil
28.9,77.8,40.8,33.3,37.5,6.94,1149.5,bajra,red soil
45.5,39.1,36.9,31.67,64.25,8.49,464.2,jowar,red soil
38.9,42.3,36.2,24.7,64.31,6.83,885.8,pigeonpeas,black soil
22.0,29.2,27.0,23.96,59.1,6.55,562.3,chickpea,black soil
45.1,32.4,39.6,24.45,54.85,6.9,791.1,ragi,laterite soil
68.1,37.3,95.5,10.3,76.03,8.45,1117.6,bajra,alluvial soil
77.6,44.8,46.5,21.21,65.84,5.73,740.9,maize,alluvial soil
28.8,44.3,27.2,25.98,53.96,7.9,764.9,pigeonpeas,red soil
127.5,62.4,64.6,31.41,67.9,7.26,1804.3,sugarcane,black soil
112.9,37.5,56.8,30.26,41.1,7.75,2385.7,chilli,alluvial soil
103.1,57.5,65.5,22.85,63.69,6.31,675.1,onion,alluvial soil
28.6,35.8,27.5,21.56,45.8,6.07,476.1,chickpea,red soil
16.5,24.8,23.0,27.54,52.8,7.3,721.3,greengram,alluvial soil
38.4,41.1,30.3,25.58,63.93,7.27,838.6,groundnut,red soil
15.4,32.7,20.5,26.11,58.21,7.49,491.6,lentil,alluvial soil
95.3,62.2,68.0,33.45,44.28,6.6,656.1,pomegranate,black soil
27.9,25.1,36.7,29.8,61.18,6.84,861.8,groundnut,red soil
28.9,44.3,33.1,28.89,67.79,6.84,725.9,groundnut,red soil
83.4,54.7,38.1,17.79,20.46,6.98,2437.0,pigeonpeas,black soil
86.5,65.5,60.8,33.14,42.67,7.02,769.2,pomegranate,red soil
83.1,46.7,51.7,24.6,58.73,6.2,673.1,onion,alluvial soil
49.1,31.9,32.2,27.68,53.34,7.39,648.4,bajra,red soil
51.9,49.9,42.7,29.97,58.13,6.93,650.8,sunflower,black soil
115.8,63.2,88.6,22.29,57.75,6.61,806.0,grapes,red soil
51.2,30.3,49.3,22.92,53.03,7.14,677.6,ragi,laterite soil
13.1,49.8,52.5,17.86,64.19,6.91,952.4,chilli,red soil
116.0,67.8,92.1,42.79,47.93,8.18,1116.0,tomato,laterite soil
33.8,39.8,20.1,26.57,52.06,7.4,538.3,chickpea,red soil
51.0,34.0,41.1,31.6,49.66,7.39,519.5,jowar,red soil
50.2,29.5,32.6,16.13,38.11,7.42,560.2,safflower,red soil
107.7,58.6,53.0,21.41,55.34,6.25,983.5,onion,black soil
107.3,53.3,59.9,18.17,63.6,6.14,737.5,onion,black soil
26.4,20.3,25.3,29.41,58.46,7.33,729.5,blackgram,black soil
25.4,35.9,41.1,30.07,50.88,7.26,767.9,groundnut,red soil
28.9,20.9,24.3,28.06,59.73,6.73,559.8,greengram,black soil
23.4,23.0,23.3,32.5,69.34,7.18,699.5,greengram,black soil
53.7,25.2,38.6,31.93,50.92,7.49,531.4,bajra,red soil
110.1,57.4,86.3,34.06,60.3,7.14,1614.9,sugarcane,black soil
44.7,39.6,40.2,25.41,56.75,5.89,880.8,ragi,laterite soil
59.5,31.1,40.6,16.52,41.95,6.56,511.6,safflower,red soil
52.7,29.5,30.2,30.25,41.74,6.79,404.6,bajra,alluvial soil
16.8,30.8,23.9,32.56,68.9,7.4,514.1,greengram,black soil
31.9,37.9,44.3,28.42,65.46,6.86,699.9,soybean,alluvial soil
113.0,50.6,98.6,26.1,61.95,6.87,668.2,grapes,red soil
30.0,41.4,32.9,31.52,61.55,6.43,539.0,groundnut,alluvial soil
34.4,34.6,31.6,27.06,59.26,6.5,774.0,groundnut,red soil
48.7,39.1,35.3,25.22,51.88,7.19,683.2,ragi,laterite soil
21.7,34.3,17.6,30.22,50.73,6.45,514.8,blackgram,black soil
35.8,69.5,56.4,20.89,20.31,5.53,386.1,grapes,laterite soil
57.0,48.3,47.6,23.72,44.71,6.71,722.6,sunflower,alluvial soil
106.7,56.6,51.9,24.44,59.89,7.07,646.6,onion,black soil
118.6,63.7,72.2,20.66,51.32,6.89,856.5,grapes,black soil
34.6,14.4,89.2,36.18,41.72,6.67,1194.5,soybean,alluvial soil
86.4,43.3,54.8,29.94,72.23,6.66,818.8,chilli,black soil
29.5,29.2,22.1,34.24,60.6,7.48,501.2,greengram,black soil
31.4,43.9,36.7,31.82,48.2,8.0,803.2,pigeonpeas,red soil
38.1,29.6,48.0,31.07,67.66,6.76,791.6,groundnut,red soil
77.9,45.3,47.1,26.98,62.54,7.33,654.9,chilli,black soil
24.0,32.1,23.6,29.51,61.3,6.7,535.6,greengram,alluvial soil
56.0,25.9,42.9,19.63,53.71,7.2,641.1,safflower,red soil
21.1,25.8,24.6,21.07,54.87,6.57,447.1,lentil,alluvial soil
27.0,36.7,32.1,28.33,68.49,7.56,892.1,pigeonpeas,red soil
90.5,59.0,80.6,29.03,56.09,6.64,757.8,grapes,black soil
40.5,28.3,34.3,27.75,48.32,8.24,621.7,jowar,black soil
122.9,65.5,78.8,27.58,80.36,6.85,1381.9,sugarcane,alluvial soil
113.6,35.4,88.4,44.75,75.62,7.32,2175.9,onion,alluvial soil
56.4,33.8,30.6,28.01,50.12,8.01,538.5,jowar,black soil
53.7,31.0,38.9,24.04,63.61,6.76,766.3,ragi,red soil
43.4,37.0,31.5,23.1,42.94,7.01,515.5,safflower,black soil
49.7,38.4,34.0,25.67,60.41,6.45,775.7,soybean,black soil
19.7,24.6,27.4,32.77,61.36,6.55,507.9,blackgram,red soil
139.5,44.0,2.9,36.74,73.61,8.59,370.8,grapes,alluvial soil
84.8,17.8,71.6,38.06,26.18,5.52,2367.5,onion,alluvial soil
77.2,47.4,47.9,26.24,62.84,6.26,645.6,chilli,black soil
91.4,52.1,63.2,30.51,67.3,6.11,866.4,chilli,black soil
38.5,37.0,36.2,25.66,75.7,6.13,638.5,soybean,black soil
106.9,37.7,10.1,41.09,91.26,6.76,791.8,pigeonpeas,laterite soil
48.1,37.0,38.5,25.44,52.06,6.95,717.4,ragi,laterite soil
40.6,32.5,41.2,30.77,51.9,8.17,479.7,jowar,black soil
41.6,39.0,42.2,26.79,55.73,7.27,845.1,ragi,red soil
35.7,33.8,36.5,25.18,54.01,6.35,757.1,groundnut,alluvial soil
37.7,31.0,41.7,30.56,59.04,6.16,676.5,groundnut,alluvial soil
17.5,27.8,27.9,18.38,46.12,6.12,473.0,lentil,alluvial soil
22.1,23.4,22.0,29.31,55.76,7.22,577.4,blackgram,black soil
69.7,33.2,38.4,25.0,42.95,7.2,626.8,sunflower,red soil
78.0,39.1,45.0,19.22,65.81,7.02,648.5,wheat,black soil
137.1,72.3,59.3,40.78,24.49,7.93,2124.0,cotton,laterite soil
80.5,63.0,65.8,31.5,45.1,7.02,638.8,pomegranate,black soil
49.9,28.7,25.1,30.03,47.13,7.98,511.4,bajra,red soil
46.0,37.0,44.6,30.3,63.77,7.27,494.7,jowar,red soil
20.7,54.1,45.8,33.77,22.86,8.57,1733.7,sugarcane,black soil
18.0,26.3,23.5,23.12,51.6,7.17,579.7,lentil,alluvial soil
28.4,39.1,22.7,22.15,45.95,7.91,647.3,chickpea,black soil
27.7,41.5,40.7,25.96,58.17,7.44,781.4,groundnut,red soil
94.9,30.1,89.0,42.49,23.65,4.74,1823.7,greengram,alluvial soil
23.4,24.2,16.9,28.96,55.7,6.83,795.6,blackgram,black soil
37.0,43.3,34.9,28.42,69.91,6.87,888.9,soybean,alluvial soil
39.8,35.4,48.9,27.62,57.67,6.37,639.2,groundnut,alluvial soil
127.6,49.9,52.5,17.49,53.68,7.34,763.2,bajra,alluvial soil
51.4,49.6,40.4,21.77,41.62,7.96,613.1,sunflower,red soil
20.9,26.7,26.9,27.33,62.38,6.63,493.4,lentil,alluvial soil
32.0,33.9,42.1,23.96,73.9,6.38,990.7,soybean,black soil
40.6,32.1,44.4,18.56,52.25,7.41,501.6,safflower,red soil
25.2,25.2,22.9,25.74,53.8,7.9,473.0,chickpea,red soil
85.9,57.1,67.5,31.38,50.53,6.93,514.5,pomegranate,red soil
48.0,28.9,25.6,34.54,45.56,6.6,532.2,bajra,red soil
21.4,29.1,21.6,25.1,60.26,7.35,533.1,lentil,black soil
12.3,73.6,59.5,26.98,28.28,5.2,2394.0,pigeonpeas,alluvial soil
62.7,30.9,40.6,22.62,44.58,7.92,718.6,sunflower,black soil
35.7,41.1,31.3,31.46,47.48,7.28,749.5,pigeonpeas,black soil
26.6,31.5,35.6,24.65,59.33,6.64,724.4,pigeonpeas,black soil
46.9,42.9,36.6,27.62,70.77,6.67,919.3,soybean,alluvial soil
94.6,22.2,0.3,34.47,56.46,6.3,549.5,chilli,black soil
32.1,38.6,37.4,30.93,67.37,7.84,847.3,pigeonpeas,red soil
89.9,49.1,52.4,29.98,66.48,6.14,700.9,chilli,black soil
52.1,28.4,38.6,31.97,61.52,8.03,616.8,jowar,red soil
106.5,52.6,81.6,23.83,64.76,7.36,731.9,grapes,red soil
112.7,64.7,58.1,27.33,74.99,6.2,973.4,tomato,alluvial soil
96.1,49.2,72.7,27.22,76.34,6.83,748.9,tomato,red soil
116.5,53.0,76.2,24.68,52.19,7.34,875.8,grapes,red soil
40.7,34.5,30.2,28.65,58.95,6.49,486.4,bajra,alluvial soil
93.6,52.9,69.3,28.44,47.14,7.01,724.9,pomegranate,red soil
98.5,40.8,50.6,23.82,73.38,7.11,648.9,chilli,red soil
42.6,37.0,38.7,31.26,46.31,8.13,705.5,jowar,black soil
40.1,44.0,33.2,28.95,66.92,6.7,796.5,soybean,alluvial soil
80.3,47.1,46.5,23.29,73.2,5.54,869.4,maize,alluvial soil
23.4,30.9,28.1,33.59,54.64,6.69,518.1,greengram,black soil
69.8,30.1,41.0,24.19,48.52,7.71,639.4,sunflower,black soil
47.5,39.8,37.4,23.31,64.45,6.78,763.1,ragi,laterite soil
36.7,30.0,62.1,33.1,21.2,5.99,747.8,jowar,laterite soil
38.3,35.6,41.8,26.84,61.96,6.85,631.1,soybean,alluvial soil
113.7,56.1,55.3,35.72,27.47,4.91,1646.5,ragi,red soil
91.5,59.2,8.6,22.14,38.43,8.59,358.1,pomegranate,red soil
53.0,39.4,44.4,15.64,49.07,7.71,400.0,safflower,red soil
70.8,10.9,7.0,24.88,47.01,6.66,1136.0,greengram,black soil
103.3,63.2,90.0,32.17,59.76,6.52,590.2,pomegranate,red soil
78.2,53.8,49.3,28.31,58.01,6.37,604.8,cotton,red soil
97.8,68.5,3.6,26.54,58.96,6.3,219.7,pomegranate,black soil
94.3,51.9,86.3,28.03,59.66,6.8,552.7,pomegranate,black soil
75.5,47.2,48.2,24.0,63.19,7.03,705.8,chilli,black soil
40.3,36.1,43.2,23.01,44.81,7.63,504.7,safflower,black soil
133.2,56.6,82.3,33.21,64.9,7.35,1810.5,sugarcane,black soil
43.4,33.1,40.1,29.22,67.96,6.83,868.7,soybean,alluvial soil
39.6,35.2,40.4,25.46,68.57,6.03,777.8,soybean,alluvial soil
105.5,45.3,63.5,24.66,69.98,7.14,624.7,onion,black soil
111.9,0.6,29.5,21.01,84.08,8.96,1355.6,pomegranate,alluvial soil
76.5,42.9,49.2,32.58,68.57,7.2,814.5,cotton,black soil
47.5,43.3,34.6,28.4,79.16,6.54,653.7,soybean,alluvial soil
89.4,65.9,87.2,34.0,52.14,6.92,756.6,pomegranate,black soil
45.7,28.4,30.5,23.02,54.86,7.71,637.0,safflower,red soil
31.0,44.3,33.4,25.28,67.42,6.07,741.1,soybean,black soil
133.4,18.6,99.9,16.96,70.74,7.39,1922.2,ragi,red soil
69.9,41.9,35.5,20.06,50.22,7.99,724.8,sunflower,black soil
82.0,41.9,60.0,24.63,66.96,7.41,675.4,chilli,black soil
39.2,34.2,41.2,31.71,50.01,6.25,775.4,groundnut,alluvial soil
25.4,30.1,26.5,29.85,54.22,6.68,570.7,chickpea,red soil
70.6,37.4,55.3,29.83,52.22,6.46,544.9,cotton,red soil
22.3,33.3,29.5,24.06,56.22,6.13,410.5,chickpea,black soil
121.7,24.8,8.1,11.07,57.37,8.17,455.7,blackgram,alluvial soil
18.0,29.7,24.5,34.34,67.48,7.27,530.9,blackgram,black soil
84.8,47.7,50.0,30.09,67.74,7.91,919.5,cotton,black soil
53.6,39.3,33.4,20.29,43.87,7.83,604.5,safflower,black soil
89.4,37.5,53.0,31.75,64.67,7.51,727.4,cotton,black soil
129.8,59.2,69.0,33.98,74.52,7.03,1787.8,sugarcane,black soil
77.7,10.6,7.8,19.93,94.41,7.67,1114.8,chickpea,laterite soil
101.6,56.2,86.4,34.49,58.55,6.63,544.1,pomegranate,red soil
62.8,35.5,53.4,16.69,67.52,6.21,559.3,wheat,black soil
26.5,30.1,36.8,27.72,46.94,7.12,742.0,pigeonpeas,red soil
21.1,27.6,23.2,25.28,43.14,6.69,543.7,chickpea,red soil
22.1,29.4,29.0,22.42,60.8,6.26,414.8,lentil,alluvial soil
17.2,30.1,28.3,26.28,69.32,7.34,764.1,greengram,black soil
40.0,35.5,40.9,22.27,77.7,6.46,691.2,soybean,alluvial soil
75.9,55.4,49.2,28.96,62.58,7.24,640.5,maize,alluvial soil
112.7,48.0,74.9,24.28,62.28,6.2,794.2,tomato,alluvial soil
21.8,28.4,22.8,25.48,61.03,7.1,719.7,blackgram,red soil
46.3,29.6,42.4,30.48,55.28,7.63,730.2,jowar,red soil
79.1,46.4,53.0,15.14,54.55,7.1,511.1,wheat,black soil
35.6,29.2,32.6,33.04,46.38,7.62,558.9,bajra,red soil
59.6,32.9,39.2,29.99,55.8,6.6,831.2,ragi,laterite soil
87.5,55.5,70.3,30.08,41.61,7.16,676.0,pomegranate,black soil
30.7,28.3,32.7,23.04,52.32,7.82,400.4,chickpea,red soil
22.5,49.2,10.2,35.38,63.69,9.17,1471.8,bajra,laterite soil
113.4,52.0,78.3,32.12,79.51,7.31,1469.7,sugarcane,black soil
105.2,54.7,79.7,25.57,69.91,6.91,867.9,grapes,black soil
106.5,52.2,50.3,26.5,59.99,6.74,667.1,onion,alluvial soil
24.2,28.7,27.0,29.26,58.13,6.67,674.5,greengram,alluvial soil
61.2,32.8,59.7,41.78,74.58,6.74,1330.7,ragi,black soil
26.2,40.3,33.4,24.96,63.53,8.0,749.0,pigeonpeas,black soil
19.1,21.0,21.1,31.08,53.86,7.42,515.0,greengram,alluvial soil
70.2,47.7,46.3,24.41,67.36,7.3,561.7,wheat,alluvial soil
96.4,53.5,73.8,26.52,64.01,6.59,919.3,tomato,alluvial soil
57.5,32.5,63.5,22.88,27.0,7.51,1176.0,jowar,red soil
37.3,29.6,36.8,26.37,52.1,7.92,633.6,bajra,red soil
51.0,38.4,34.9,18.92,39.42,7.82,515.7,safflower,black soil
49.5,30.8,30.6,15.07,54.39,7.36,431.3,safflower,black soil
64.8,54.5,49.3,26.17,68.53,6.84,848.8,cotton,red soil
84.4,46.3,55.7,20.22,67.28,7.07,775.6,onion,alluvial soil
9.7,50.7,26.5,18.13,53.64,5.22,1588.0,grapes,red soil
62.2,18.0,56.3,35.04,40.31,6.15,979.3,tomato,alluvial soil
23.6,25.7,21.9,23.16,52.65,6.04,513.1,lentil,black soil
54.8,26.6,28.4,27.22,55.27,6.21,412.2,bajra,alluvial soil
127.9,39.5,58.5,44.62,51.63,5.85,819.5,tomato,red soil
96.6,62.3,98.8,23.31,59.37,7.35,871.8,grapes,black soil
22.4,44.2,53.6,24.72,90.61,6.18,1598.2,safflower,alluvial soil
26.7,33.0,27.0,32.85,58.63,6.67,853.5,pigeonpeas,red soil
111.9,61.1,63.4,21.13,60.28,6.26,865.5,tomato,alluvial soil
25.1,28.9,26.9,29.56,69.72,7.42,696.5,greengram,alluvial soil
50.3,41.7,45.6,28.11,67.85,6.81,861.6,ragi,laterite soil
26.9,33.5,29.3,34.53,62.22,7.19,763.6,greengram,black soil
93.2,51.2,84.3,29.3,52.75,6.78,797.6,grapes,red soil
40.6,28.2,42.4,28.13,56.58,7.23,494.4,jowar,red soil
37.1,26.4,52.5,15.62,23.94,6.13,944.2,wheat,alluvial soil
100.6,54.7,70.6,24.3,58.58,6.61,800.6,grapes,black soil
44.0,28.1,36.4,17.58,39.54,7.96,586.4,safflower,red soil
41.2,34.4,44.5,28.77,78.74,7.43,631.8,soybean,black soil
58.0,32.9,36.5,19.66,46.46,7.22,424.8,safflower,black soil
23.8,34.1,23.7,29.08,41.68,7.01,593.8,chickpea,red soil
46.1,6.7,2.4,33.67,36.72,5.01,313.2,sunflower,red soil
80.5,50.9,47.0,28.01,72.4,6.63,704.6,maize,alluvial soil
25.0,33.8,29.6,21.46,45.32,7.07,569.5,lentil,alluvial soil
64.1,43.0,53.1,31.66,60.07,6.04,742.4,cotton,red soil
40.2,37.7,30.9,28.58,77.38,7.41,973.7,soybean,black soil
51.9,39.7,38.9,29.35,50.88,6.0,755.7,ragi,laterite soil
93.0,40.9,51.1,25.37,69.63,6.49,737.8,onion,red soil
69.1,41.0,48.3,23.91,63.62,7.29,481.0,wheat,black soil
46.4,29.2,38.8,26.33,56.7,7.08,421.5,bajra,red soil
121.8,64.8,81.0,34.01,81.72,6.57,1414.5,sugarcane,black soil
129.3,36.2,84.2,18.52,89.05,8.15,1709.9,bajra,red soil
26.4,33.8,16.0,31.53,52.31,7.24,686.9,blackgram,red soil
27.1,39.6,39.6,25.95,66.47,7.46,793.2,groundnut,red soil
54.2,43.8,44.2,26.36,52.27,6.91,579.7,sunflower,black soil
94.7,49.4,46.1,27.25,74.08,6.79,713.0,chilli,red soil
63.4,47.9,47.8,23.97,53.45,6.35,638.1,wheat,black soil
136.5,66.3,79.8,30.74,70.61,7.45,1456.3,sugarcane,alluvial soil
53.0,34.0,53.7,21.78,40.13,6.71,529.1,sunflower,black soil
76.6,53.4,46.1,23.52,72.27,7.12,949.0,chilli,black soil
78.2,72.9,70.4,38.34,82.88,6.46,1649.9,wheat,laterite soil
101.1,52.7,78.4,32.3,44.79,6.77,626.9,pomegranate,red soil
26.3,40.2,36.1,22.08,52.63,7.4,787.0,pigeonpeas,black soil
20.4,32.0,31.1,20.06,52.16,7.55,609.3,chickpea,red soil
29.9,7.7,8.4,10.74,29.53,4.68,317.3,pigeonpeas,red soil
133.7,63.9,70.7,26.24,70.49,7.36,1795.9,sugarcane,alluvial soil
35.0,3.9,83.3,31.23,33.17,4.7,560.2,lentil,red soil
89.2,54.7,55.5,26.98,55.21,5.91,679.3,maize,alluvial soil
100.0,56.1,63.4,26.16,73.79,7.47,961.7,onion,black soil
108.0,69.1,86.9,20.85,51.65,7.17,804.6,grapes,black soil
83.6,36.2,63.2,24.98,60.42,6.57,837.3,chilli,black soil
57.4,34.2,45.4,26.33,63.24,7.0,837.5,ragi,laterite soil
111.4,52.9,60.1,24.65,69.52,6.71,624.8,tomato,alluvial soil
54.9,37.9,42.4,18.09,48.72,7.4,466.3,safflower,red soil
32.2,39.2,30.7,30.48,46.31,7.13,643.4,pigeonpeas,black soil
16.9,33.5,29.4,27.07,60.11,7.43,555.3,lentil,black soil
66.2,45.2,52.3,18.34,53.73,6.57,487.7,wheat,black soil
24.9,35.7,30.6,29.49,49.57,6.99,639.4,chickpea,red soil
82.1,42.6,58.2,34.0,63.25,6.5,961.3,cotton,red soil
15.0,34.7,28.4,27.79,62.77,7.11,445.6,lentil,alluvial soil
93.8,57.3,74.9,29.66,65.67,6.06,819.4,tomato,red soil
24.3,30.7,20.3,21.14,52.52,6.14,460.0,lentil,alluvial soil
26.7,36.5,28.6,33.9,48.03,7.27,607.1,pigeonpeas,black soil
109.3,58.3,78.9,15.52,31.48,8.08,518.3,soybean,red soil
15.1,7.7,79.0,20.77,37.02,5.6,1744.8,wheat,alluvial soil
75.6,46.3,64.7,25.81,74.93,7.06,738.2,maize,alluvial soil
18.2,31.2,27.1,28.67,65.92,7.24,676.2,greengram,alluvial soil
89.3,41.1,48.9,25.67,70.27,5.91,957.6,maize,black soil
33.9,34.8,42.7,25.53,79.29,6.07,863.4,soybean,alluvial soil
67.0,45.7,44.7,18.44,61.47,6.28,628.0,wheat,alluvial soil
17.5,34.7,24.5,30.99,58.18,6.38,718.7,blackgram,black soil
86.8,42.7,8.3,25.54,60.0,7.51,1542.6,wheat,red soil
96.8,51.0,57.2,18.66,72.1,6.72,777.0,onion,red soil
57.5,30.1,45.8,28.78,51.21,6.91,620.0,ragi,red soil
25.0,28.4,24.2,27.31,69.6,7.0,681.1,greengram,black soil
82.2,38.2,54.8,24.56,63.12,6.69,751.2,chilli,red soil
19.4,30.2,27.5,26.78,63.62,7.21,449.0,lentil,alluvial soil
31.1,77.7,94.4,31.47,23.42,7.55,2302.4,soybean,laterite soil
8.2,49.6,10.6,18.64,70.43,7.14,2263.2,chilli,alluvial soil
57.4,38.8,33.9,21.29,37.17,6.53,576.4,safflower,red soil
87.7,43.4,59.8,29.18,62.46,6.67,778.4,cotton,red soil
108.1,46.8,65.3,20.93,75.27,6.79,775.6,tomato,red soil
87.7,79.8,48.3,19.77,29.36,5.25,329.9,sunflower,red soil
38.1,37.0,28.1,28.01,76.35,6.76,756.6,soybean,alluvial soil
86.2,49.5,53.5,31.38,60.92,7.22,881.2,chilli,red soil
48.5,39.5,46.2,24.48,63.6,6.95,760.3,ragi,red soil
49.8,13.8,52.9,17.51,45.76,9.29,2043.1,soybean,black soil
21.5,33.1,22.4,24.44,61.51,6.2,545.8,lentil,alluvial soil
94.0,44.3,48.1,29.58,57.76,6.59,763.7,chilli,black soil
66.9,46.2,40.5,26.82,51.38,6.71,792.4,cotton,red soil
93.5,50.6,72.2,22.63,52.15,6.76,841.6,grapes,red soil
18.1,21.1,22.8,27.81,62.68,6.86,791.2,greengram,black soil
33.3,27.6,31.8,23.74,40.45,7.15,474.2,chickpea,black soil
112.7,62.8,60.8,29.05,73.65,6.65,1935.3,sugarcane,black soil
78.9,49.1,50.4,30.06,71.02,6.49,779.3,chilli,red soil
98.7,61.1,63.9,28.02,40.86,7.12,562.6,pomegranate,red soil
53.3,10.4,8.8,16.99,24.67,5.52,2331.3,greengram,red soil
55.2,32.7,39.5,27.96,59.72,7.9,720.6,sunflower,black soil
58.1,32.5,36.6,21.17,67.08,7.31,713.7,ragi,red soil
134.7,58.7,81.5,31.75,73.85,6.93,1480.6,sugarcane,black soil
113.3,62.8,68.9,23.76,77.35,6.54,706.1,tomato,alluvial soil
73.0,38.3,44.5,27.92,59.53,7.99,520.7,cotton,red soil
56.0,31.6,41.9,27.41,47.55,6.94,630.4,jowar,red soil
26.9,23.8,26.4,25.92,58.86,6.21,628.3,blackgram,black soil
107.4,54.5,77.3,34.82,62.44,7.18,1511.1,sugarcane,alluvial soil
38.8,22.6,34.0,26.32,47.38,6.28,438.9,bajra,alluvial soil
56.7,38.3,33.1,21.69,49.24,6.96,520.2,safflower,red soil
131.5,25.2,57.0,27.53,21.73,9.42,1457.9,bajra,laterite soil
94.6,69.8,73.0,27.03,60.6,6.54,740.4,grapes,black soil
95.1,27.5,59.1,27.37,28.45,5.93,1768.9,grapes,alluvial soil
80.0,62.4,88.9,32.35,56.33,6.75,648.9,pomegranate,black soil
29.2,39.7,28.7,26.44,41.28,7.28,414.4,chickpea,red soil
98.0,46.1,53.2,21.7,62.06,5.7,831.6,maize,alluvial soil
28.7,40.6,38.0,33.68,46.74,7.52,701.6,pigeonpeas,black soil
126.6,49.6,28.9,27.81,40.71,5.97,761.8,grapes,red soil
23.7,31.1,23.7,22.05,49.36,6.59,598.9,chickpea,black soil
58.8,54.9,15.5,34.12,62.78,5.16,1460.4,sugarcane,red soil
94.4,46.1,65.6,18.21,73.32,6.24,844.7,onion,black soil
103.0,57.9,80.2,20.85,56.86,7.05,703.7,grapes,black soil
90.2,49.0,50.2,26.64,68.36,6.31,821.3,onion,black soil
32.6,36.8,29.2,24.14,51.56,7.98,497.3,chickpea,red soil
108.9,68.5,88.6,29.06,56.92,6.56,748.6,pomegranate,red soil
39.0,33.1,43.7,22.19,68.18,6.21,928.4,soybean,black soil
81.7,59.1,59.8,21.95,56.48,6.37,752.4,onion,red soil
52.3,59.4,92.4,11.34,61.93,4.61,1159.9,chilli,red soil
132.6,27.8,24.1,13.11,73.14,6.38,1925.4,soybean,black soil
106.5,55.3,76.2,26.36,71.86,6.54,1583.0,sugarcane,black soil
26.7,41.2,28.9,31.1,64.86,7.92,837.6,pigeonpeas,red soil
52.0,27.1,41.2,31.2,46.26,6.54,689.8,jowar,red soil
2.3,15.6,94.8,15.27,67.11,6.92,958.5,greengram,black soil
35.6,38.1,30.2,25.06,62.52,7.11,606.1,pigeonpeas,black soil
46.0,34.5,35.1,18.58,38.06,7.26,501.3,safflower,black soil
30.3,30.8,27.9,25.0,46.22,7.31,539.1,chickpea,black soil
52.6,28.6,25.9,26.55,57.76,6.37,420.8,bajra,alluvial soil
50.2,35.6,47.1,25.32,52.69,6.58,644.8,ragi,laterite soil
36.7,41.4,30.1,27.14,66.24,6.54,805.5,groundnut,alluvial soil
25.4,41.4,37.7,29.81,45.91,7.45,631.9,pigeonpeas,red soil
22.9,28.3,25.3,31.99,61.21,6.55,617.6,greengram,black soil
58.9,31.5,53.2,24.07,50.5,7.71,583.6,sunflower,alluvial soil
56.1,29.4,31.3,25.6,64.06,8.01,733.8,jowar,red soil
100.0,46.8,69.2,29.18,79.09,6.5,859.1,tomato,red soil
43.1,42.3,87.5,28.17,28.65,6.32,769.3,tomato,alluvial soil
41.0,36.2,27.6,27.86,63.27,6.35,950.3,soybean,alluvial soil
57.0,11.7,77.5,12.06,79.01,4.99,283.8,cotton,alluvial soil
51.3,31.6,39.8,22.26,42.76,6.98,625.7,safflower,red soil
132.1,51.3,79.9,32.01,79.33,6.56,1678.8,sugarcane,black soil
22.5,33.4,28.8,22.55,59.42,7.14,534.7,lentil,black soil
68.0,15.8,21.4,18.3,79.87,5.17,1121.0,wheat,alluvial soil
48.2,25.7,32.1,29.9,43.31,7.69,504.0,bajra,red soil
28.7,36.8,12.5,32.82,37.98,8.62,1764.7,safflower,alluvial soil
14.2,67.5,58.3,34.01,69.27,8.18,1174.4,pomegranate,laterite soil
27.5,25.4,24.9,26.99,50.5,7.11,735.0,blackgram,red soil
110.5,50.9,98.1,27.76,68.84,7.24,712.3,grapes,red soil
120.4,64.3,82.2,29.22,78.84,7.04,1516.6,sugarcane,black soil
91.2,58.3,47.0,26.52,67.02,5.89,708.4,maize,alluvial soil
88.0,51.6,49.2,28.32,57.27,7.78,588.0,cotton,red soil
62.6,31.6,43.4,24.84,65.41,7.3,781.9,ragi,red soil
93.6,55.1,57.1,21.39,61.06,6.68,689.4,onion,red soil
48.9,31.4,30.3,26.03,64.94,8.42,649.8,jowar,black soil
89.7,49.0,69.5,18.24,70.92,6.72,711.5,onion,red soil
86.0,43.6,50.1,23.49,73.11,7.09,777.1,maize,alluvial soil
71.9,41.1,47.1,15.1,58.0,6.12,489.0,wheat,black soil
112.6,57.1,64.9,10.57,31.49,7.21,1044.2,greengram,red soil
28.4,31.7,21.6,33.41,61.44,7.34,598.5,blackgram,black soil
124.5,68.8,53.4,27.2,41.99,5.55,1423.3,bajra,alluvial soil
90.6,52.4,65.0,29.11,70.01,6.14,652.8,tomato,alluvial soil
15.7,30.1,25.6,29.9,66.4,7.43,621.3,greengram,black soil
30.4,41.5,28.1,22.14,75.68,6.76,656.7,soybean,black soil
58.9,38.1,39.7,31.8,50.21,6.76,619.5,jowar,black soil
106.5,66.2,62.0,32.2,67.52,7.29,1463.3,sugarcane,alluvial soil
42.1,44.0,42.0,23.23,67.36,7.45,912.1,soybean,alluvial soil
22.2,42.4,45.2,27.74,53.45,6.81,666.6,groundnut,alluvial soil
49.6,31.5,27.0,27.34,41.97,6.02,523.1,bajra,red soil
129.4,57.4,78.3,33.88,80.43,6.68,1688.0,sugarcane,black soil
49.8,37.9,35.3,26.89,77.46,6.37,783.4,soybean,alluvial soil
65.7,45.0,57.0,31.81,57.67,7.37,769.1,cotton,red soil
69.7,35.1,39.6,23.03,45.6,7.66,777.5,sunflower,black soil
22.7,25.1,22.6,29.98,52.26,6.45,544.0,chickpea,red soil
46.7,44.0,49.7,22.77,57.1,7.31,814.6,ragi,red soil
106.3,60.0,97.6,24.16,67.74,7.06,657.9,grapes,red soil
38.6,42.9,37.1,23.44,54.35,7.05,871.0,pigeonpeas,red soil
93.2,58.8,1.0,23.72,66.87,5.42,2074.8,blackgram,red soil
19.1,28.1,26.4,33.43,61.47,6.93,570.4,greengram,alluvial soil
50.9,38.9,36.0,25.73,57.29,7.6,547.5,sunflower,alluvial soil
53.6,17.4,95.4,33.95,24.01,6.78,1783.6,lentil,laterite soil
114.0,54.6,71.1,29.66,60.83,6.25,937.0,tomato,alluvial soil
81.3,51.3,59.4,27.78,62.09,6.27,703.2,chilli,red soil
20.8,26.3,22.7,24.25,45.37,7.22,409.5,lentil,black soil
85.5,39.0,56.6,23.44,70.61,6.63,614.2,chilli,red soil
81.6,59.2,62.2,31.0,46.49,6.83,585.7,pomegranate,black soil
96.4,34.2,67.7,26.89,44.66,8.42,1591.6,chickpea,alluvial soil
109.1,55.9,72.5,27.93,56.05,6.85,814.7,grapes,red soil
14.4,43.6,89.6,27.9,20.65,7.93,1013.6,bajra,alluvial soil
21.5,43.3,40.1,30.58,62.76,6.88,527.9,groundnut,alluvial soil
16.7,28.5,29.0,33.68,66.02,7.25,625.2,blackgram,red soil
53.2,22.7,34.0,28.01,45.73,7.91,545.2,bajra,red soil
40.1,37.6,43.0,26.36,73.78,7.49,792.4,soybean,black soil
100.7,11.8,25.0,19.59,35.73,6.46,1064.1,pigeonpeas,black soil
79.3,46.8,20.8,36.65,45.45,7.2,1870.1,grapes,laterite soil
53.5,31.2,45.9,20.65,60.22,6.99,961.4,ragi,laterite soil
49.6,23.8,32.7,26.42,59.89,7.54,502.4,bajra,red soil
21.5,24.9,22.4,33.26,65.74,6.96,550.9,greengram,black soil
44.4,44.3,41.8,23.1,74.15,6.21,805.5,soybean,black soil
22.7,30.9,22.6,22.44,47.69,6.87,442.8,lentil,alluvial soil
88.5,35.6,64.5,28.15,58.2,6.28,778.9,chilli,red soil
34.4,35.9,27.6,28.52,56.73,7.06,739.9,pigeonpeas,black soil
23.0,26.7,29.6,31.76,59.14,6.94,664.8,greengram,black soil
105.4,41.0,69.2,23.8,64.21,6.66,650.3,onion,black soil
95.0,62.9,89.8,32.08,43.4,7.19,761.5,pomegranate,black soil
102.3,44.6,52.8,25.36,67.98,7.16,827.4,onion,red soil
23.5,29.0,33.0,32.08,68.15,6.91,562.1,groundnut,red soil
107.4,64.1,66.7,26.74,66.58,6.91,867.5,tomato,alluvial soil
32.0,30.3,33.9,30.6,68.11,6.77,779.1,pigeonpeas,black soil
46.6,26.1,30.5,27.94,60.1,7.22,591.0,jowar,red soil
46.3,23.0,32.2,31.14,47.73,6.29,492.5,bajra,alluvial soil
43.7,38.5,30.6,26.33,45.83,8.02,490.8,jowar,red soil
43.0,36.4,45.2,24.89,59.76,5.65,862.7,ragi,laterite soil
61.5,46.1,46.7,23.45,61.95,6.99,556.5,wheat,alluvial soil
96.5,27.0,98.6,10.91,69.61,5.65,576.3,tomato,red soil
58.1,38.0,34.4,24.96,43.64,7.46,404.9,safflower,red soil
29.9,40.9,32.8,34.7,65.99,6.95,716.7,pigeonpeas,red soil
33.8,41.5,40.6,28.54,54.25,6.91,570.0,groundnut,red soil
129.2,54.4,76.2,33.13,73.96,6.98,1909.4,sugarcane,alluvial soil
29.6,31.1,23.3,25.76,49.85,7.39,445.6,chickpea,red soil
100.4,67.0,64.2,26.2,73.58,6.75,1402.7,sugarcane,black soil
30.2,42.8,27.2,33.53,66.06,7.23,756.2,pigeonpeas,red soil
37.6,39.5,63.2,44.13,25.93,5.37,521.2,chilli,black soil
95.3,52.0,54.5,21.92,55.55,5.82,970.6,maize,black soil
97.4,55.3,64.0,23.41,58.77,6.92,941.9,onion,red soil
45.8,33.5,43.5,21.33,38.56,7.61,537.6,safflower,red soil
16.9,29.7,66.7,23.34,46.35,8.23,1605.6,sugarcane,alluvial soil
20.5,34.9,32.1,27.14,54.3,6.58,463.3,chickpea,black soil
28.1,57.0,59.6,41.46,25.61,4.59,2398.4,lentil,black soil
66.6,49.3,50.2,26.96,42.82,7.61,644.1,sunflower,black soil
27.2,33.8,27.8,30.5,51.59,6.97,637.1,greengram,black soil
18.0,26.7,29.0,27.89,53.0,6.71,523.1,lentil,black soil
62.0,44.7,49.1,20.62,50.67,7.52,763.3,sunflower,black soil
89.1,23.8,48.4,39.27,48.49,7.85,2377.6,chickpea,alluvial soil
90.5,59.1,74.9,21.28,66.0,6.6,857.2,grapes,black soil
99.1,47.0,48.9,31.64,64.47,6.29,984.0,chilli,red soil
57.7,14.5,50.4,32.67,51.29,8.71,963.0,wheat,black soil
47.6,37.4,40.6,25.62,51.17,6.64,470.8,jowar,red soil
31.3,47.1,38.9,27.06,75.37,7.25,859.3,soybean,alluvial soil
27.6,25.8,31.0,25.58,64.39,6.64,822.4,groundnut,alluvial soil
48.3,30.8,39.2,17.49,38.22,6.96,421.9,jowar,red soil
66.2,49.6,44.8,22.18,61.57,7.01,488.9,wheat,black soil
64.6,38.1,51.2,23.58,52.67,7.29,492.4,wheat,alluvial soil
50.7,45.8,36.1,20.0,60.64,7.2,1452.4,pigeonpeas,alluvial soil
43.7,39.2,36.6,27.39,53.97,6.06,794.1,ragi,laterite soil
71.2,42.7,41.2,18.11,56.47,6.43,619.5,wheat,black soil
71.2,35.9,50.9,16.98,62.9,6.24,505.3,wheat,black soil
98.3,40.3,60.8,29.13,56.45,7.28,600.4,maize,red soil
37.1,41.5,38.2,25.34,79.66,6.75,615.2,soybean,black soil
88.9,47.0,49.5,25.97,62.74,6.18,919.9,cotton,red soil
27.7,35.3,30.7,34.6,58.2,6.6,747.8,pigeonpeas,red soil
44.7,30.6,31.3,34.11,50.76,7.5,594.4,bajra,red soil
54.6,33.0,30.6,25.05,48.85,8.36,620.5,jowar,black soil
82.9,76.0,10.2,12.63,50.56,4.78,855.7,wheat,laterite soil
119.1,58.7,73.5,26.08,64.26,7.24,860.7,grapes,red soil
29.2,30.5,29.3,27.74,61.69,6.06,741.5,blackgram,red soil
88.3,64.4,72.7,28.44,40.05,7.33,703.6,pomegranate,black soil
60.9,44.9,52.9,21.14,42.35,6.65,669.4,sunflower,black soil
54.7,29.1,34.2,30.99,51.4,6.07,607.4,bajra,alluvial soil
127.4,43.2,39.6,24.39,54.13,6.37,752.1,grapes,black soil
53.9,27.1,34.1,33.61,44.61,7.08,602.0,bajra,alluvial soil
44.5,33.9,38.9,28.11,62.58,6.8,908.5,ragi,laterite soil
94.3,42.8,5.2,27.31,73.89,8.06,2148.8,maize,laterite soil
137.2,67.4,77.2,26.84,68.56,6.72,1490.9,sugarcane,black soil
90.1,42.9,64.4,25.19,72.35,7.2,609.8,chilli,black soil
106.9,58.8,77.1,28.96,51.66,7.44,751.8,grapes,red soil
117.8,73.4,42.1,38.74,35.18,5.04,515.8,maize,black soil
30.5,31.9,25.0,15.97,36.92,6.63,2433.7,maize,alluvial soil
34.7,64.6,78.0,11.1,60.94,5.27,2025.2,wheat,black soil
82.5,62.1,66.4,29.43,44.65,6.66,526.1,pomegranate,red soil
66.3,45.4,42.4,19.19,63.06,6.65,591.5,wheat,alluvial soil
35.9,29.1,34.4,30.31,43.22,7.13,541.3,bajra,red soil
107.1,63.0,63.0,21.33,68.23,6.08,831.3,tomato,alluvial soil
54.0,48.1,48.9,28.56,54.7,7.28,634.1,sunflower,black soil
86.7,15.0,92.4,17.39,38.37,8.0,426.6,sunflower,black soil
73.6,71.9,73.2,39.86,24.23,9.19,2289.7,chilli,black soil
131.3,32.0,4.3,12.1,77.54,6.8,383.5,bajra,black soil
36.4,57.7,79.1,30.33,49.42,5.43,1994.2,maize,black soil
28.1,44.4,29.4,34.84,65.58,7.84,761.5,pigeonpeas,red soil
24.4,26.8,25.4,25.88,56.86,6.6,651.5,blackgram,black soil
98.9,78.8,45.3,22.07,28.33,5.78,1059.7,lentil,laterite soil
106.3,60.2,67.7,26.57,63.21,7.34,1376.1,sugarcane,black soil
23.1,36.5,26.0,24.62,49.06,7.42,567.0,chickpea,black soil
79.0,37.5,56.3,28.27,43.4,5.62,997.8,wheat,alluvial soil
21.8,31.3,21.3,29.06,51.13,7.09,634.4,greengram,alluvial soil
68.9,41.9,41.8,25.61,58.36,7.82,918.4,cotton,black soil
85.5,43.0,51.8,24.91,72.94,6.33,737.2,chilli,red soil
17.5,29.2,26.9,26.66,68.66,7.41,644.0,greengram,black soil
29.5,23.1,20.5,29.5,60.06,7.37,585.2,greengram,alluvial soil
105.6,56.3,62.4,30.47,48.76,7.45,650.2,pomegranate,black soil
54.2,37.6,53.1,29.17,47.99,6.96,732.4,sunflower,red soil
4.9,25.5,36.4,24.65,58.14,9.25,1214.8,groundnut,alluvial soil
21.4,32.0,28.7,19.96,56.04,6.83,590.0,lentil,black soil
114.9,67.1,79.5,23.7,61.97,6.73,880.7,grapes,black soil
93.5,48.5,55.8,31.06,72.94,7.46,618.6,chilli,red soil
119.0,53.1,60.2,25.6,68.92,6.48,812.0,tomato,red soil
70.3,50.8,54.8,30.47,63.95,6.65,769.5,chilli,black soil
54.5,9.5,11.8,39.16,81.59,7.2,943.1,sunflower,black soil
24.5,34.2,29.6,24.57,50.82,7.04,581.9,lentil,black soil
33.4,27.0,30.0,22.62,55.43,6.98,477.0,soybean,black soil
61.2,41.0,53.9,22.37,61.83,6.54,505.5,wheat,black soil
89.2,65.4,75.3,34.23,54.17,6.76,678.1,pomegranate,black soil
104.8,65.4,80.6,23.59,59.56,6.59,800.8,grapes,red soil
52.4,43.5,42.1,28.31,55.88,5.79,795.2,ragi,red soil
47.1,37.8,33.6,25.11,55.38,6.92,537.5,jowar,red soil
26.6,29.9,38.2,26.62,59.94,7.21,626.6,groundnut,red soil
54.0,25.0,41.3,19.76,37.84,6.58,550.9,safflower,black soil
55.0,24.0,38.7,32.1,57.6,6.71,505.4,bajra,red soil
52.5,30.0,28.7,28.08,43.7,7.74,448.8,bajra,alluvial soil
110.0,65.5,84.1,22.9,62.39,7.29,833.9,grapes,black soil
40.3,31.2,43.3,20.78,52.78,7.34,416.8,safflower,red soil
79.8,48.2,52.8,15.51,62.15,7.2,556.7,wheat,alluvial soil
4.9,46.9,55.6,35.86,50.68,9.34,1911.6,groundnut,alluvial soil
105.4,34.1,76.0,35.28,93.73,5.04,244.6,sugarcane,alluvial soil
19.0,27.5,23.7,26.19,66.74,6.66,595.9,greengram,alluvial soil
41.2,25.6,87.3,31.96,89.21,9.05,961.4,sugarcane,laterite soil
15.6,25.3,27.6,27.64,51.75,7.32,513.3,greengram,black soil
58.1,28.7,39.9,15.47,46.8,7.96,579.2,safflower,black soil
51.3,25.1,44.3,16.77,54.74,6.51,401.1,safflower,red soil
98.0,67.6,80.3,28.09,66.2,6.82,761.6,grapes,black soil
88.8,39.2,44.5,25.18,52.43,7.82,847.7,cotton,black soil
91.6,52.3,51.4,30.6,56.2,7.24,651.6,chilli,red soil
49.8,36.0,41.9,24.69,38.68,7.44,440.9,safflower,red soil
30.8,43.8,47.4,32.32,50.87,6.6,504.9,groundnut,alluvial soil
111.9,68.6,99.7,25.22,54.51,7.12,738.5,grapes,black soil
67.9,9.7,29.2,17.47,22.9,5.5,1727.6,chilli,red soil
21.8,75.2,36.7,10.96,21.03,5.61,1289.2,ragi,alluvial soil
84.2,50.6,49.5,37.48,24.91,7.87,656.0,sunflower,alluvial soil
18.8,26.4,24.3,32.71,61.94,6.83,522.9,greengram,black soil
128.4,53.4,77.4,33.74,71.94,7.2,1695.8,sugarcane,black soil
129.5,16.2,86.5,37.67,48.19,6.25,2401.9,greengram,black soil
40.1,30.3,37.9,26.54,43.57,7.46,576.6,bajra,red soil
39.2,41.1,36.5,32.12,57.53,6.7,815.7,pigeonpeas,black soil
49.2,25.1,33.1,18.22,54.04,6.76,564.8,safflower,red soil
28.0,20.1,23.5,28.95,65.8,7.2,672.6,greengram,alluvial soil
95.5,47.7,53.2,30.66,56.41,6.72,844.7,chilli,black soil
31.1,17.8,11.5,31.45,41.81,5.25,1424.5,blackgram,laterite soil
28.2,33.9,16.4,34.93,53.91,6.8,731.0,blackgram,black soil
29.6,32.4,33.6,28.9,59.13,6.67,508.2,chickpea,black soil
64.3,54.1,59.1,27.52,54.42,6.01,794.6,cotton,red soil
25.7,34.0,25.5,33.39,61.93,7.05,761.6,greengram,black soil
119.9,64.0,68.5,24.27,66.55,6.63,811.8,tomato,alluvial soil
34.5,25.7,45.1,32.14,51.93,7.32,715.6,groundnut,alluvial soil
54.7,36.1,37.4,28.08,47.11,6.72,524.2,sunflower,alluvial soil
24.7,30.5,27.3,25.18,51.45,6.82,554.3,lentil,black soil
91.7,54.4,95.8,20.92,68.78,6.55,712.8,grapes,black soil
45.8,28.9,39.2,33.22,56.14,6.7,574.9,bajra,alluvial soil
54.0,36.0,46.6,28.57,54.66,7.33,936.1,ragi,laterite soil
48.5,28.0,30.9,27.72,44.79,6.79,521.8,bajra,red soil
102.6,45.1,55.0,24.85,75.13,6.83,658.5,tomato,alluvial soil
45.7,21.7,38.0,27.95,43.08,7.99,462.8,bajra,red soil
62.7,34.7,39.1,28.86,56.53,7.85,633.6,sunflower,black soil
47.0,41.4,49.7,27.43,57.37,5.69,670.8,ragi,laterite soil
46.1,32.3,37.8,27.75,44.77,7.63,485.3,bajra,alluvial soil
18.9,31.2,23.3,18.7,62.62,6.69,529.1,lentil,black soil
45.9,38.4,33.2,30.7,45.92,6.97,688.0,jowar,red soil
88.6,53.7,85.8,33.11,52.18,7.26,726.2,pomegranate,red soil
25.3,49.2,34.7,34.96,70.38,4.68,1734.8,onion,red soil
19.6,30.7,27.0,30.28,64.52,6.14,632.0,blackgram,black soil
128.2,3.9,83.3,44.93,90.97,6.39,514.6,maize,black soil
39.7,4.4,43.7,36.76,91.7,5.26,1948.1,groundnut,laterite soil
109.1,46.4,56.0,21.14,65.63,7.21,871.6,onion,red soil
45.6,36.8,41.4,27.37,58.76,6.53,746.8,ragi,red soil
59.8,25.8,40.4,31.58,48.67,6.7,491.7,jowar,black soil
56.3,37.9,24.6,20.65,23.0,4.63,2139.8,chilli,alluvial soil
57.4,0.7,46.8,38.53,78.03,4.78,287.2,safflower,black soil
24.6,28.2,32.4,22.07,56.77,6.24,553.8,chickpea,red soil
93.3,68.8,83.8,30.19,41.62,7.25,755.1,pomegranate,red soil
28.1,23.5,16.9,26.52,55.84,7.03,742.0,blackgram,black soil
75.2,44.4,50.9,22.18,59.39,5.92,886.9,maize,red soil
7.8,74.0,1.5,23.25,87.35,7.14,459.6,sunflower,laterite soil
74.2,38.0,55.4,27.55,56.89,7.34,877.8,chilli,red soil
28.1,26.4,46.7,27.74,50.16,6.13,642.9,groundnut,red soil
8.1,1.0,89.8,22.42,76.8,5.53,2077.3,blackgram,laterite soil
128.3,43.1,16.3,29.28,82.93,5.41,1196.9,onion,black soil
23.5,32.9,25.2,27.97,57.73,6.17,529.6,lentil,black soil
96.3,46.1,69.7,29.57,73.77,6.6,873.2,tomato,alluvial soil
104.3,55.5,73.0,26.69,51.01,6.87,637.1,pomegranate,black soil
15.3,0.2,71.0,32.07,87.59,5.67,966.7,lentil,red soil
95.0,60.4,74.7,28.82,52.58,6.86,680.0,pomegranate,red soil
54.8,20.3,30.4,34.3,44.47,7.28,591.9,bajra,alluvial soil
30.3,32.7,32.4,27.01,62.39,6.73,553.7,groundnut,red soil
62.6,43.8,48.7,20.95,56.73,6.89,607.4,ragi,laterite soil
56.8,37.3,46.0,23.75,51.3,6.6,701.4,ragi,red soil
23.9,25.7,26.8,25.57,45.26,6.73,456.1,lentil,black soil
125.7,25.2,36.7,27.11,94.12,6.17,212.5,lentil,laterite soil
82.1,63.6,76.2,34.37,42.1,7.36,586.8,pomegranate,red soil
93.2,53.5,61.4,27.3,63.74,6.5,904.1,chilli,red soil
99.3,42.0,58.6,31.96,74.49,6.05,879.9,chilli,red soil
21.9,53.8,40.9,10.47,75.01,8.41,1907.4,chilli,red soil
96.5,55.2,67.2,24.96,63.59,6.98,775.3,onion,black soil
39.8,41.6,38.1,34.87,64.86,6.8,853.7,pigeonpeas,black soil
40.9,39.3,43.2,25.0,61.7,6.41,642.9,ragi,laterite soil
90.7,72.3,59.4,44.97,69.47,8.26,1333.1,grapes,red soil
57.2,37.6,40.0,22.44,44.36,7.3,574.2,safflower,red soil
38.6,36.7,30.1,27.45,53.89,7.17,867.0,groundnut,alluvial soil
94.4,52.1,64.1,27.92,48.59,7.37,574.1,pomegranate,red soil
51.0,25.8,40.3,28.98,47.33,8.42,611.2,jowar,black soil
43.2,33.0,41.0,25.49,60.67,6.69,491.1,jowar,red soil
21.7,43.8,48.6,31.79,55.12,6.08,799.2,groundnut,alluvial soil
17.9,28.3,22.4,28.64,54.25,7.42,694.9,greengram,alluvial soil
36.8,37.5,29.6,30.42,52.49,7.22,784.7,pigeonpeas,red soil
52.3,37.2,34.7,24.06,49.04,7.19,570.8,safflower,red soil
53.1,20.1,30.9,33.89,44.7,6.44,443.1,bajra,alluvial soil
62.9,39.3,52.7,25.52,59.57,6.78,797.2,cotton,red soil
31.1,42.2,13.9,20.71,33.12,8.43,2279.5,safflower,alluvial soil
7.1,63.0,41.9,32.06,71.25,5.94,1550.1,chilli,alluvial soil
134.5,66.6,21.8,23.35,44.38,6.28,516.0,grapes,red soil
82.5,42.2,58.3,26.83,69.62,6.83,928.4,onion,alluvial soil
38.7,42.3,36.1,31.39,51.94,7.15,534.2,groundnut,red soil
24.5,30.3,23.8,27.37,55.25,6.7,675.1,greengram,alluvial soil
54.9,30.4,39.1,29.66,55.04,7.84,537.6,sunflower,alluvial soil
24.6,32.4,34.1,30.94,62.33,6.84,737.5,groundnut,alluvial soil
46.0,26.8,31.1,20.32,37.86,7.08,474.3,safflower,red soil
101.0,50.3,82.2,27.06,57.6,7.42,828.6,grapes,red soil
42.5,32.7,38.0,33.89,45.28,7.49,428.7,bajra,red soil
138.5,57.5,40.0,36.65,57.38,8.08,1229.6,blackgram,black soil
34.0,39.1,20.8,20.91,56.26,6.35,503.3,chickpea,black soil
68.7,43.5,43.6,27.41,53.82,7.72,791.5,sunflower,black soil
82.6,24.4,61.8,36.79,76.91,9.33,1344.8,pomegranate,alluvial soil
22.2,27.0,25.0,28.28,40.47,7.17,575.8,chickpea,red soil
34.1,5.2,49.7,20.29,39.54,9.05,1487.3,tomato,black soil
44.1,37.7,33.6,16.39,45.34,6.52,462.6,safflower,red soil
25.0,32.4,25.6,24.51,52.17,6.03,444.2,lentil,black soil
36.4,22.4,37.4,28.54,58.78,7.23,586.3,bajra,alluvial soil
108.1,33.5,1.8,43.76,70.0,5.59,1209.2,bajra,black soil
98.9,42.3,45.1,21.33,61.53,7.39,827.7,maize,black soil
89.6,41.5,47.5,34.59,52.95,6.72,745.8,cotton,black soil
31.8,39.4,37.7,25.98,66.97,6.28,698.5,soybean,alluvial soil
64.9,40.3,46.3,28.5,49.98,7.32,606.8,sunflower,red soil
25.8,32.1,20.9,24.56,51.88,6.7,447.3,chickpea,red soil
27.9,43.0,26.0,29.94,48.7,7.4,897.0,pigeonpeas,black soil
39.9,47.9,38.3,27.58,65.51,7.13,830.7,soybean,black soil
66.1,79.0,7.6,42.39,93.99,4.76,593.2,chilli,alluvial soil
44.3,49.9,42.4,23.8,79.86,7.14,618.3,soybean,black soil
78.6,49.0,47.6,18.61,67.4,6.32,539.2,wheat,black soil
95.3,48.1,55.4,27.8,59.17,5.6,752.8,maize,red soil
112.0,52.6,74.9,25.94,53.02,6.73,830.6,grapes,black soil
35.7,36.3,34.8,23.67,47.45,7.09,629.8,pigeonpeas,red soil
37.7,31.8,29.2,27.57,49.17,6.96,459.7,bajra,red soil
112.4,8.7,88.2,40.49,51.74,6.58,1910.7,cotton,laterite soil
36.4,32.0,31.5,22.44,69.62,7.58,830.2,pigeonpeas,red soil
14.0,8.8,78.5,20.42,46.48,7.5,1130.9,sugarcane,laterite soil
70.8,45.5,63.2,26.58,73.1,7.49,835.9,maize,red soil
1.8,68.3,6.7,16.7,24.36,6.59,1524.8,wheat,laterite soil
56.4,38.5,42.4,29.69,43.31,7.01,578.6,sunflower,alluvial soil
97.7,59.2,85.7,27.36,57.1,7.07,521.7,pomegranate,red soil
26.8,56.2,31.0,40.59,47.42,4.88,1549.3,onion,red soil
55.9,41.5,46.9,26.36,51.1,7.36,507.8,sunflower,alluvial soil
94.5,58.3,98.4,20.59,65.08,6.86,601.1,grapes,black soil
132.3,49.9,88.0,41.83,22.33,7.29,2389.8,blackgram,black soil
79.2,6.8,12.3,44.52,57.85,4.97,803.1,wheat,red soil
30.6,31.0,36.7,26.97,73.54,7.28,682.0,soybean,alluvial soil
109.6,54.3,75.1,30.84,53.86,7.26,571.0,pomegranate,black soil
56.2,35.5,45.8,29.36,59.04,6.7,533.3,sunflower,alluvial soil
31.8,37.6,35.2,26.34,68.68,6.13,583.7,groundnut,alluvial soil
74.9,41.5,45.8,17.23,51.95,6.59,542.0,wheat,black soil
65.1,41.8,54.7,16.71,69.63,6.0,514.2,wheat,alluvial soil
30.9,8.3,99.4,27.53,88.88,4.79,1522.6,jowar,alluvial soil
47.8,50.0,25.2,29.39,79.68,6.79,659.4,soybean,alluvial soil
60.9,36.3,55.7,27.22,55.24,7.12,802.3,cotton,black soil
34.1,29.9,27.1,26.37,43.7,7.02,627.1,chickpea,black soil
37.7,34.2,27.5,29.71,45.44,7.12,563.4,bajra,red soil
28.0,42.0,33.1,28.63,49.26,7.48,683.8,pigeonpeas,black soil
45.8,33.1,39.7,24.89,58.9,6.58,609.1,ragi,laterite soil
25.8,35.6,33.4,28.71,53.6,7.93,487.8,chickpea,black soil
53.3,22.8,30.1,30.84,50.28,6.62,596.6,bajra,red soil
61.0,37.8,44.5,19.97,50.75,6.58,530.5,wheat,alluvial soil
113.3,10.7,42.1,35.47,59.0,6.57,2269.7,grapes,black soil
24.1,29.3,26.2,25.45,58.35,6.31,590.8,lentil,black soil
40.0,32.4,36.4,27.41,71.82,6.3,625.2,soybean,alluvial soil
70.4,51.6,67.2,18.19,21.08,6.96,1893.8,safflower,alluvial soil
124.8,68.3,83.0,26.79,83.41,7.05,1972.5,sugarcane,alluvial soil
50.0,39.0,40.9,16.77,37.16,7.6,527.2,safflower,black soil
135.3,78.8,63.7,36.57,78.44,9.33,984.5,maize,black soil
70.1,58.9,55.4,27.09,57.1,6.38,631.3,maize,red soil
33.8,27.1,40.7,26.45,66.09,7.12,729.0,groundnut,alluvial soil
48.5,27.5,41.7,24.42,49.1,6.68,459.4,safflower,black soil
109.5,57.2,70.5,29.19,60.83,6.2,600.1,tomato,red soil
60.8,31.3,48.0,28.92,61.84,6.36,778.5,ragi,red soil
35.4,41.8,47.8,32.73,56.28,6.73,672.7,groundnut,red soil
129.4,48.3,90.9,22.26,21.19,4.82,305.9,onion,red soil
81.2,63.7,83.9,25.73,50.55,6.96,589.8,pomegranate,red soil
139.5,26.1,38.8,32.56,46.23,6.52,1677.5,sunflower,alluvial soil
97.3,43.0,65.5,22.57,60.57,6.63,865.6,onion,red soil
94.9,56.7,54.1,23.12,62.24,6.07,698.3,onion,red soil
47.3,35.5,44.6,26.73,45.27,6.54,527.2,jowar,black soil
114.6,55.6,55.2,23.31,72.27,6.19,854.3,tomato,red soil
103.1,67.4,74.6,28.54,60.59,7.24,1354.5,sugarcane,alluvial soil
117.1,54.8,84.8,33.11,66.21,6.9,1492.7,sugarcane,black soil
9.7,74.9,92.7,17.47,52.33,9.03,1781.9,onion,black soil
32.8,28.5,32.5,27.54,54.14,7.65,430.0,chickpea,red soil
84.4,51.6,60.1,27.38,65.9,6.9,874.3,onion,red soil
85.3,44.3,56.1,22.48,65.5,7.37,918.0,maize,black soil
64.8,38.2,52.4,27.31,48.21,6.88,502.4,sunflower,black soil
117.4,9.8,78.7,20.39,40.18,6.62,486.9,tomato,red soil
35.5,33.7,34.6,32.48,42.91,7.81,648.5,bajra,alluvial soil
78.4,42.9,47.2,15.8,58.92,6.4,542.4,wheat,alluvial soil
82.4,62.4,88.6,43.83,33.24,5.8,858.6,grapes,red soil
93.0,50.1,58.8,20.03,69.89,7.29,852.9,onion,black soil
76.1,38.5,47.8,22.09,73.48,6.8,765.2,chilli,red soil
31.5,32.8,29.8,28.09,54.94,7.14,430.0,chickpea,red soil
84.1,40.0,11.4,41.12,53.55,5.53,1800.6,chilli,laterite soil
46.2,25.9,30.6,30.08,49.68,6.86,728.4,jowar,black soil
126.1,56.5,63.6,26.84,75.07,6.99,1543.2,sugarcane,alluvial soil
86.9,68.6,78.3,34.68,46.43,6.61,658.7,pomegranate,black soil
51.3,37.1,40.7,18.2,45.13,7.35,618.3,safflower,red soil
63.1,48.5,54.3,22.26,62.28,7.4,453.0,wheat,black soil
74.2,41.3,60.4,25.54,69.07,6.35,669.9,maize,alluvial soil
68.4,44.8,41.4,23.09,66.08,6.14,625.6,wheat,black soil
2.6,40.4,4.5,34.93,34.96,4.58,2431.8,grapes,black soil
28.6,27.4,29.8,33.42,50.86,6.7,702.8,greengram,black soil
21.5,79.5,18.4,43.58,30.34,5.18,505.8,sugarcane,black soil
58.1,73.5,38.2,10.15,85.91,8.37,732.2,sugarcane,red soil
93.8,42.3,56.9,23.55,67.97,7.05,850.3,chilli,black soil
85.9,31.6,61.3,31.42,34.11,4.73,2183.6,lentil,alluvial soil
63.4,34.4,41.4,22.15,53.33,7.39,682.1,ragi,laterite soil
53.2,33.4,39.4,23.05,39.81,7.25,528.9,safflower,red soil
53.4,69.3,11.0,13.17,31.94,4.55,1269.4,blackgram,black soil
29.1,43.0,34.6,27.67,52.94,7.0,582.5,groundnut,alluvial soil
76.0,38.8,47.5,18.28,51.66,6.74,490.4,wheat,black soil
80.3,35.1,61.5,27.72,64.81,7.39,754.6,chilli,black soil
25.9,36.1,32.0,23.42,69.79,7.8,815.3,pigeonpeas,black soil
137.7,61.2,73.7,30.88,77.25,7.14,1368.2,sugarcane,black soil
81.4,36.2,53.0,30.6,52.44,6.9,921.8,cotton,black soil
20.7,29.3,27.9,19.22,64.33,6.91,572.1,lentil,black soil
48.5,31.3,44.9,31.75,49.73,6.54,681.0,jowar,red soil
104.2,7.2,80.4,13.54,25.89,4.95,1647.5,sugarcane,alluvial soil
84.9,49.4,59.3,19.06,58.84,7.22,625.2,onion,red soil
114.2,53.5,87.0,34.84,82.56,7.0,1931.9,sugarcane,alluvial soil
118.1,67.2,16.7,19.77,23.72,8.73,825.5,safflower,laterite soil
29.4,38.9,25.6,26.77,63.74,7.36,695.6,pigeonpeas,black soil
82.5,52.4,58.4,31.93,66.58,7.17,797.0,chilli,red soil
119.1,64.5,60.4,25.43,80.41,6.58,1803.3,sugarcane,alluvial soil
75.9,79.0,99.9,42.03,80.77,7.29,370.5,sunflower,alluvial soil
89.8,52.6,56.8,26.91,69.05,6.01,672.1,cotton,black soil
18.7,31.0,21.5,31.14,50.84,7.12,562.6,greengram,black soil
97.0,46.6,53.7,25.4,64.85,7.07,827.7,onion,alluvial soil
81.3,44.1,57.1,24.38,52.63,7.47,661.0,cotton,black soil
75.8,51.9,54.0,19.62,92.81,6.83,1559.5,grapes,laterite soil
21.0,33.1,26.2,18.95,54.58,6.11,427.8,lentil,alluvial soil
117.4,60.1,68.8,28.3,75.5,6.68,766.4,tomato,red soil
18.3,23.5,29.8,33.91,53.95,6.1,737.6,blackgram,black soil
109.7,52.7,76.3,27.63,41.24,6.98,532.5,pomegranate,red soil
17.7,28.8,21.2,25.68,68.78,6.6,617.6,blackgram,black soil
72.5,45.2,47.2,21.37,64.38,6.22,606.1,wheat,black soil
114.0,61.1,55.7,14.43,86.48,4.64,725.0,grapes,black soil
67.2,47.2,48.0,21.89,62.55,7.04,453.6,wheat,black soil
131.5,44.7,5.4,14.78,76.68,5.05,1018.7,jowar,black soil
78.3,41.3,74.2,18.8,84.4,8.48,1133.0,pigeonpeas,laterite soil
62.4,42.6,35.3,25.55,57.97,6.54,754.6,ragi,laterite soil
66.9,35.0,50.8,43.35,31.32,6.24,1523.4,pomegranate,alluvial soil
24.4,29.1,23.9,27.92,53.17,7.19,637.7,greengram,black soil
75.5,35.1,59.9,25.84,56.33,6.07,891.8,chilli,red soil
38.0,46.0,44.8,26.64,64.27,6.64,927.3,soybean,alluvial soil
115.1,65.6,75.1,31.79,73.4,7.39,1948.6,sugarcane,black soil
115.7,62.9,92.9,26.52,67.6,7.21,753.3,grapes,black soil
55.4,37.6,46.3,28.02,67.5,6.12,962.5,ragi,laterite soil
21.2,33.0,22.7,34.03,57.02,7.4,501.8,greengram,alluvial soil
88.6,66.5,61.8,27.29,49.16,6.51,557.8,pomegranate,red soil
74.5,36.2,40.2,33.06,57.98,7.06,668.0,cotton,black soil
50.0,67.0,40.8,16.73,80.47,5.38,1622.8,bajra,alluvial soil
109.4,45.3,53.6,20.35,57.5,6.08,940.3,onion,alluvial soil
30.0,35.3,47.5,28.39,59.38,6.09,827.5,groundnut,alluvial soil
38.0,33.4,42.4,26.72,77.85,7.36,685.6,soybean,black soil
69.9,48.6,39.2,22.44,49.08,7.28,593.0,sunflower,red soil
85.3,44.7,59.6,26.35,68.71,6.57,723.6,maize,black soil
53.5,31.3,44.7,24.73,61.64,6.28,687.0,ragi,red soil
34.9,33.5,37.1,25.68,65.94,6.67,678.7,pigeonpeas,red soil
71.9,43.5,56.1,26.27,73.92,6.23,663.4,maize,alluvial soil
46.0,31.1,30.7,27.74,64.9,7.71,675.4,jowar,red soil
124.8,56.6,87.3,28.78,81.15,7.15,1500.3,sugarcane,alluvial soil
139.4,58.2,8.5,44.85,28.89,6.17,1374.7,maize,red soil
65.9,49.6,49.3,22.68,56.33,7.36,485.9,wheat,alluvial soil
17.5,27.6,26.8,20.72,54.47,7.2,463.6,lentil,black soil
25.2,39.8,37.4,28.38,69.4,6.7,862.3,pigeonpeas,black soil
23.8,28.5,20.5,21.23,51.96,6.27,637.0,chickpea,red soil
44.3,33.9,30.2,29.35,57.85,6.65,650.3,jowar,red soil
19.7,50.5,86.0,15.03,61.52,4.97,317.7,onion,red soil
67.9,74.0,68.9,28.69,46.15,6.72,1681.7,cotton,laterite soil
24.7,21.7,30.0,33.36,66.16,7.15,752.3,blackgram,red soil
53.6,25.7,31.7,24.33,47.7,7.88,573.0,safflower,red soil
52.9,28.3,37.5,20.56,51.1,7.47,562.6,safflower,black soil
92.3,65.2,77.6,25.1,44.0,6.67,789.7,pomegranate,black soil
71.6,48.5,43.1,21.19,58.53,6.91,627.3,wheat,alluvial soil
82.3,44.5,61.2,31.24,55.06,6.88,664.4,chilli,red soil
116.6,56.2,86.3,33.16,60.91,6.79,1919.4,sugarcane,alluvial soil
94.9,66.1,62.0,31.22,43.51,7.35,672.8,pomegranate,red soil
34.7,41.7,30.8,25.92,65.63,6.96,822.1,groundnut,alluvial soil
30.9,27.6,31.2,26.75,57.65,7.64,487.8,chickpea,red soil
34.7,32.0,39.3,29.78,79.41,6.12,990.9,soybean,black soil
29.4,27.8,25.4,31.62,67.78,7.04,670.5,greengram,alluvial soil
33.9,34.9,27.6,30.42,60.27,6.66,843.3,pigeonpeas,black soil
29.4,24.2,20.0,25.26,57.43,7.34,582.5,greengram,black soil
85.6,58.0,64.5,26.93,47.59,6.75,574.4,pomegranate,black soil
53.8,26.5,43.4,31.32,59.81,7.29,602.6,jowar,red soil
44.7,31.1,49.3,29.4,56.37,6.38,622.5,ragi,red soil
52.0,46.3,36.5,33.67,31.02,8.99,1627.8,pigeonpeas,red soil
88.1,48.7,58.6,25.88,53.91,7.87,920.5,cotton,red soil
29.9,47.7,24.1,10.24,46.61,8.41,956.1,blackgram,alluvial soil
95.0,41.2,45.3,29.42,58.47,6.07,891.1,chilli,red soil
22.9,28.0,32.7,26.97,53.93,6.7,518.6,chickpea,black soil
41.8,62.5,39.1,14.53,85.98,6.54,2262.8,groundnut,laterite soil
30.4,40.9,41.0,32.3,56.3,7.39,672.0,groundnut,red soil
46.4,31.6,35.5,28.95,58.98,7.29,634.9,jowar,red soil
53.9,64.6,40.4,18.66,44.03,4.6,393.4,greengram,red soil
96.4,63.5,71.1,21.84,65.07,6.72,618.6,tomato,alluvial soil
36.3,40.2,36.1,22.54,79.51,6.38,815.6,soybean,black soil
18.2,27.2,29.6,19.98,62.65,7.06,443.3,lentil,alluvial soil
46.4,38.0,37.8,29.87,65.63,6.54,895.9,soybean,black soil
57.7,40.2,43.4,27.0,46.44,7.5,774.9,sunflower,black soil
34.0,34.7,34.8,32.41,55.73,7.93,871.1,pigeonpeas,red soil
126.1,60.8,4.7,28.79,91.42,5.67,1686.8,greengram,alluvial soil
108.2,56.5,68.1,24.74,63.14,6.49,711.6,onion,alluvial soil
92.5,55.5,77.2,20.1,57.2,7.05,728.1,grapes,black soil
103.7,68.8,86.5,30.66,57.51,6.92,705.8,pomegranate,black soil
138.3,18.5,74.5,11.42,68.32,6.24,1836.8,onion,alluvial soil
16.5,18.1,8.7,20.31,94.45,6.28,1748.3,grapes,black soil
26.3,26.5,23.4,31.59,56.86,7.08,515.2,blackgram,red soil
0.8,36.1,69.9,40.69,37.7,7.52,955.2,lentil,black soil
108.4,40.4,62.3,23.91,61.7,6.42,704.5,onion,alluvial soil
117.6,51.4,73.4,22.42,62.45,6.81,966.1,tomato,red soil
62.4,41.2,50.8,20.35,50.25,7.13,635.1,sunflower,red soil
84.1,55.6,71.9,19.46,43.79,8.89,915.4,lentil,black soil
53.1,31.2,43.6,16.32,45.27,6.76,518.3,safflower,black soil
44.0,29.0,35.4,30.81,62.59,8.01,552.7,jowar,black soil
63.6,48.8,43.6,27.08,41.34,7.55,534.0,sunflower,alluvial soil
90.5,51.9,99.1,22.6,68.15,7.03,634.6,grapes,black soil
56.2,39.1,47.1,27.81,47.8,7.13,514.0,sunflower,alluvial soil
97.6,63.6,74.5,29.94,70.37,6.12,695.0,tomato,red soil
4.5,36.4,96.6,31.95,74.61,9.35,2057.5,chickpea,red soil
91.2,56.7,53.6,29.24,64.06,6.49,603.4,maize,red soil
43.2,39.8,38.7,19.8,53.3,6.54,513.1,safflower,red soil
80.6,52.9,74.8,29.34,59.51,6.54,729.0,pomegranate,black soil
19.4,34.7,24.0,20.92,60.22,6.6,524.0,lentil,black soil
62.3,37.0,42.4,20.12,53.21,6.9,613.8,wheat,black soil
37.6,30.1,37.9,25.72,52.26,6.25,728.8,groundnut,alluvial soil
55.5,34.8,47.0,20.49,69.39,5.92,996.3,ragi,red soil
42.4,37.4,48.9,29.16,52.88,7.18,806.9,ragi,red soil
57.3,33.9,33.6,27.9,51.68,7.8,656.1,jowar,black soil
61.1,44.5,37.5,25.07,57.34,6.17,685.5,ragi,laterite soil
98.6,45.3,55.1,28.85,70.89,7.45,856.2,chilli,red soil
52.1,27.0,28.5,30.63,42.42,6.46,638.1,bajra,red soil
59.4,32.3,48.0,21.05,49.87,6.83,611.0,sunflower,alluvial soil
94.8,40.4,51.7,23.72,68.68,6.87,926.4,chilli,black soil
74.1,78.8,36.2,40.65,30.34,5.0,1825.3,pigeonpeas,black soil
54.6,7.6,74.3,24.79,33.82,6.6,2078.1,blackgram,red soil
55.8,31.0,44.5,31.25,47.78,6.8,458.9,jowar,black soil
68.6,48.0,44.7,31.74,69.59,6.12,565.4,cotton,black soil
37.4,58.6,11.5,24.36,37.17,7.84,2071.4,onion,alluvial soil
85.9,45.7,57.6,20.3,73.4,6.95,637.1,onion,black soil
88.3,48.5,55.1,24.51,57.72,7.0,663.8,cotton,red soil
73.1,46.6,46.9,23.92,64.62,5.98,865.2,maize,black soil
111.3,65.2,87.8,31.04,64.63,6.89,1478.9,sugarcane,alluvial soil
95.7,49.8,74.3,26.95,72.13,6.64,701.4,tomato,alluvial soil
63.8,38.1,30.4,27.59,65.21,6.95,835.4,sunflower,laterite soil
75.8,41.2,42.2,15.95,59.43,6.24,492.8,wheat,black soil
70.7,44.1,43.4,16.04,55.37,7.36,569.4,wheat,alluvial soil
101.6,60.1,83.4,28.86,56.8,7.12,606.6,pomegranate,red soil
71.0,40.1,61.6,28.76,74.54,6.55,699.2,maize,black soil
117.1,61.2,88.8,26.43,56.51,6.93,680.2,grapes,black soil
26.4,33.7,34.8,29.2,52.27,6.66,674.8,pigeonpeas,red soil
53.9,37.1,33.8,28.07,53.42,7.23,692.7,jowar,red soil
86.9,44.2,40.1,26.12,59.08,6.34,648.8,cotton,red soil
14.9,7.2,87.5,20.33,72.88,6.89,358.4,chilli,alluvial soil
21.1,34.4,21.9,24.41,54.56,6.61,403.0,lentil,alluvial soil
103.8,58.5,73.4,26.54,67.96,6.67,1395.2,sugarcane,black soil
41.3,32.2,30.2,26.46,62.11,8.46,656.8,jowar,red soil
22.9,31.3,22.6,23.81,54.23,6.69,474.0,lentil,black soil
16.1,26.5,23.4,25.44,68.56,7.37,631.7,blackgram,red soil
54.5,28.0,40.4,31.52,57.89,8.31,626.5,jowar,black soil
51.5,32.0,37.5,22.01,55.69,6.63,636.9,ragi,red soil
27.3,30.8,21.8,21.52,43.79,6.81,559.6,chickpea,red soil
93.1,50.6,62.1,18.17,62.53,7.23,702.2,onion,black soil
39.4,37.3,34.0,28.67,57.02,7.2,526.3,groundnut,alluvial soil
126.2,33.4,30.8,33.36,45.78,8.0,1541.4,ragi,black soil
45.8,32.3,30.4,23.25,52.83,6.66,482.9,safflower,red soil
62.5,51.1,56.1,28.28,64.46,7.84,561.5,cotton,red soil
34.1,35.1,40.4,29.63,59.3,6.99,833.5,groundnut,alluvial soil
81.3,76.7,82.1,20.9,82.63,5.13,980.8,bajra,laterite soil
76.0,45.8,41.6,15.81,57.5,6.96,550.4,wheat,alluvial soil
99.8,48.8,64.4,20.85,64.73,7.27,627.5,onion,black soil
98.2,53.0,53.6,28.8,60.34,6.29,717.0,maize,alluvial soil
39.8,34.2,41.3,23.7,74.37,6.72,906.4,soybean,black soil
30.2,36.0,26.7,24.62,59.22,7.08,524.1,chickpea,black soil
30.2,35.0,32.9,20.75,59.06,7.19,584.6,chickpea,black soil
27.5,33.8,38.6,29.56,65.26,6.56,771.4,pigeonpeas,red soil
79.6,50.9,63.9,26.96,61.41,6.78,728.4,chilli,black soil
46.1,57.9,71.3,43.62,82.07,5.58,2232.6,grapes,laterite soil
36.5,40.0,42.4,27.97,76.86,7.4,911.9,soybean,black soil
38.7,35.4,33.8,30.75,58.2,7.19,735.9,groundnut,alluvial soil
108.8,50.7,88.9,33.38,60.23,7.1,1974.6,sugarcane,alluvial soil
90.5,42.0,58.3,28.22,74.12,7.19,703.7,maize,black soil
98.6,41.6,62.5,29.42,56.72,5.61,798.2,maize,black soil
68.7,14.0,49.1,22.21,81.59,8.0,1050.7,chickpea,red soil
137.0,53.5,65.7,27.82,71.32,7.4,1842.7,sugarcane,black soil
15.3,21.6,21.0,32.4,50.18,6.86,762.3,blackgram,black soil
44.7,47.8,29.3,23.09,79.11,6.85,696.7,soybean,alluvial soil
63.7,43.4,42.0,18.27,56.96,6.11,472.6,wheat,black soil
106.3,30.7,0.6,11.74,32.61,5.67,1408.7,chilli,red soil
79.6,46.5,62.0,29.1,63.74,5.99,924.3,maize,red soil
74.0,41.6,49.6,25.6,63.61,6.81,870.5,cotton,red soil
66.5,55.9,54.4,18.02,75.68,8.56,1722.1,wheat,black soil
44.1,27.6,43.1,25.32,52.76,8.4,726.4,jowar,black soil
103.3,65.3,87.0,25.37,42.65,6.57,711.1,pomegranate,red soil
24.2,72.3,30.9,10.24,82.78,9.11,713.1,tomato,alluvial soil
102.6,46.0,68.6,28.26,78.15,6.92,806.7,tomato,alluvial soil
22.3,30.1,28.9,22.36,55.55,6.91,443.4,lentil,black soil
108.0,50.8,70.5,28.35,71.1,6.62,916.5,tomato,red soil
29.4,23.7,26.9,30.05,53.9,7.14,611.3,greengram,black soil
87.4,69.1,71.4,33.56,49.07,7.13,704.7,pomegranate,black soil
61.6,47.1,41.0,32.53,50.04,6.38,800.6,cotton,black soil
20.2,39.9,38.1,27.46,53.55,6.79,777.9,groundnut,alluvial soil
103.3,54.6,81.6,34.29,65.02,6.76,1571.9,sugarcane,black soil
15.3,26.2,26.6,32.39,67.23,7.45,539.1,greengram,black soil
33.6,34.5,37.8,31.88,57.89,7.35,843.7,pigeonpeas,black soil
23.3,29.5,23.9,28.49,65.47,7.13,541.6,greengram,alluvial soil
75.6,50.4,61.3,21.34,63.22,6.73,623.5,maize,black soil
96.1,53.6,98.5,25.26,68.54,6.81,691.3,grapes,black soil
101.3,60.5,70.7,26.6,40.08,7.13,777.0,pomegranate,red soil
42.3,38.2,39.8,15.1,41.03,7.12,644.0,safflower,red soil
76.8,43.4,50.6,15.48,69.0,6.9,541.4,wheat,black soil
69.0,39.1,46.8,19.8,55.92,6.15,498.1,wheat,black soil
60.2,44.4,50.0,21.6,69.05,6.63,532.4,wheat,alluvial soil
107.7,69.5,86.9,25.01,71.24,7.06,1811.4,sugarcane,alluvial soil
57.6,39.8,38.8,17.37,44.72,7.3,417.6,safflower,black soil
92.9,46.7,49.3,24.91,64.25,6.83,761.7,maize,red soil
38.0,44.5,41.9,25.23,66.85,6.62,905.9,soybean,black soil
103.6,45.4,67.9,19.55,64.88,6.77,699.0,onion,alluvial soil
59.0,75.5,11.5,20.68,28.8,7.8,1625.2,onion,laterite soil
46.0,28.1,25.5,26.93,42.88,6.59,484.8,bajra,alluvial soil
81.3,67.2,81.3,26.89,45.01,7.42,676.6,pomegranate,red soil
50.0,34.0,32.0,26.67,61.72,7.08,874.5,soybean,alluvial soil
19.4,34.0,29.7,33.89,52.84,7.11,522.1,greengram,alluvial soil
129.5,54.6,88.9,29.35,78.14,6.59,1655.2,sugarcane,alluvial soil
33.7,37.8,28.9,25.55,59.63,7.82,424.0,chickpea,red soil
98.5,39.8,48.7,26.46,61.27,7.03,982.2,chilli,red soil
24.4,21.0,23.6,32.79,64.86,6.74,558.2,greengram,black soil
98.7,50.6,62.6,26.89,73.09,6.23,942.0,maize,red soil
70.1,37.1,43.2,15.96,55.97,6.44,452.0,wheat,alluvial soil
80.8,51.4,55.2,26.17,52.92,7.2,844.4,cotton,black soil
52.9,25.1,31.4,28.05,62.98,8.17,675.2,jowar,black soil
22.9,28.6,24.0,27.1,59.85,6.03,402.8,lentil,black soil
85.6,40.5,64.3,27.21,59.48,7.05,874.0,onion,alluvial soil
32.8,31.8,37.6,30.26,55.18,6.83,757.8,pigeonpeas,red soil
105.5,61.5,65.4,31.29,55.5,6.7,601.4,pomegranate,red soil
17.4,33.1,22.9,21.79,64.52,7.16,583.6,lentil,black soil
44.4,39.1,40.2,26.8,63.76,7.28,726.4,jowar,red soil
96.9,64.3,94.6,21.95,67.1,6.81,781.1,grapes,red soil
54.5,68.9,46.6,23.88,34.82,8.69,712.8,lentil,laterite soil
45.9,34.8,38.4,29.55,46.84,7.89,441.8,bajra,red soil
96.7,59.1,61.0,29.58,69.39,6.05,906.1,tomato,red soil
30.1,36.1,37.3,29.51,65.87,7.64,786.7,pigeonpeas,black soil
58.1,77.5,93.5,10.54,36.38,5.06,1083.2,sunflower,black soil
126.9,47.6,29.5,15.75,62.48,8.24,378.0,greengram,laterite soil
106.3,62.4,71.4,14.96,70.29,9.16,877.2,cotton,red soil
82.7,47.2,45.3,25.85,57.41,7.41,703.2,maize,red soil
71.1,53.9,54.0,26.93,58.68,7.53,867.3,cotton,red soil
81.6,51.3,82.0,28.21,47.08,6.61,693.1,pomegranate,red soil
75.2,39.9,43.7,24.19,53.05,7.48,631.5,wheat,alluvial soil
47.0,30.6,31.2,19.92,35.48,7.53,579.4,safflower,black soil
48.2,38.2,33.8,25.26,70.76,6.67,656.8,soybean,alluvial soil
33.5,38.5,33.0,26.77,74.83,6.01,755.1,soybean,alluvial soil
35.3,39.3,40.5,23.62,72.68,7.05,737.3,soybean,black soil
25.6,32.6,22.4,31.2,54.72,6.55,787.6,greengram,black soil
39.1,43.0,42.3,26.68,52.46,6.51,697.5,groundnut,red soil
65.4,8.2,94.1,16.74,25.17,7.06,1721.6,chickpea,black soil
97.0,43.0,48.9,29.92,60.88,6.24,789.3,chilli,red soil
30.7,35.5,27.8,24.89,52.35,7.8,451.8,chickpea,red soil
26.2,34.1,34.4,29.57,49.49,6.35,402.6,chickpea,red soil
122.5,4.9,37.3,37.81,78.25,9.27,661.2,pomegranate,red soil
48.1,20.6,35.6,34.49,55.84,7.67,452.2,bajra,alluvial soil
36.2,35.3,35.3,23.67,74.11,6.57,712.6,soybean,black soil
112.4,2.0,96.3,13.73,80.46,6.29,1552.9,chickpea,laterite soil
50.7,27.1,44.0,26.85,46.15,8.36,718.6,jowar,red soil
82.8,58.2,85.6,25.74,43.43,6.7,647.4,pomegranate,black soil
54.6,36.4,38.4,16.75,41.74,6.51,536.9,safflower,black soil
20.8,35.9,26.1,23.43,48.8,6.4,604.0,chickpea,black soil
135.3,52.7,90.0,33.89,80.48,7.4,1541.0,sugarcane,black soil
78.8,49.8,46.8,24.4,66.1,7.06,828.8,chilli,red soil
24.6,32.3,24.2,25.09,52.99,7.41,496.7,chickpea,black soil
12.8,24.0,61.8,33.04,54.62,6.29,2319.5,safflower,laterite soil
57.4,32.1,39.3,27.39,41.81,7.62,674.2,sunflower,alluvial soil
96.3,19.2,13.6,33.24,83.61,5.11,296.6,chilli,alluvial soil
119.6,31.3,65.7,18.08,31.57,9.12,396.6,cotton,alluvial soil
16.7,32.0,26.6,26.02,45.85,7.3,502.3,lentil,alluvial soil
84.8,64.9,86.0,28.54,48.62,6.62,512.8,pomegranate,black soil
90.2,56.3,54.1,22.62,67.26,7.24,660.0,onion,alluvial soil
33.0,30.1,30.7,23.15,61.11,7.18,610.5,pigeonpeas,red soil
23.3,39.4,46.7,32.19,52.86,6.64,842.9,groundnut,alluvial soil
62.4,45.6,50.5,15.82,58.67,6.12,586.3,wheat,black soil
41.8,34.9,42.7,25.68,68.82,5.67,639.4,ragi,red soil
34.1,40.9,39.7,30.71,59.21,6.91,604.9,pigeonpeas,red soil
34.5,39.6,32.0,23.58,45.84,7.01,511.0,chickpea,black soil
31.1,42.3,30.2,31.82,56.81,6.99,835.3,pigeonpeas,black soil
21.4,25.3,26.2,31.28,68.52,6.56,556.9,greengram,alluvial soil
57.7,25.1,34.7,20.09,50.55,7.1,612.4,safflower,black soil
16.3,33.9,27.3,18.49,54.94,6.41,593.1,lentil,black soil
29.9,26.2,48.1,31.23,60.2,6.13,842.1,groundnut,alluvial soil
20.9,34.2,21.5,29.71,54.23,6.73,413.5,chickpea,red soil
49.5,49.2,34.1,26.7,64.63,6.44,758.7,soybean,black soil
18.7,31.3,20.7,21.35,53.1,7.28,574.0,lentil,alluvial soil
40.5,39.6,36.2,18.74,45.36,6.62,472.6,safflower,black soil
24.8,33.9,34.4,29.2,53.18,6.52,762.6,groundnut,red soil
21.2,31.5,24.3,33.69,66.52,6.35,773.0,blackgram,black soil
26.2,22.9,19.4,26.61,50.74,6.54,752.2,blackgram,red soil
80.0,49.7,56.3,27.86,61.79,7.51,955.6,cotton,red soil
93.3,40.4,62.6,25.06,66.33,6.65,694.9,onion,alluvial soil
37.5,8.8,46.8,17.12,67.11,5.84,759.8,blackgram,black soil
24.1,34.8,20.3,25.23,63.91,7.05,461.3,lentil,alluvial soil
25.9,28.3,25.9,28.36,60.67,6.0,583.2,blackgram,black soil
47.4,33.0,44.9,27.59,60.7,8.06,611.2,jowar,black soil
49.0,34.0,39.1,29.25,47.42,8.19,691.2,jowar,red soil
33.7,36.8,35.0,22.04,53.97,7.12,506.6,chickpea,black soil
62.5,50.0,47.2,21.69,47.45,6.5,755.6,sunflower,red soil
22.6,24.7,28.0,33.63,53.25,6.76,701.6,greengram,alluvial soil
134.3,65.5,70.3,28.3,66.37,6.79,1223.3,sugarcane,alluvial soil
25.0,36.7,74.6,21.36,57.63,8.98,544.7,sugarcane,red soil
81.9,61.3,81.8,25.32,53.18,7.18,537.2,pomegranate,red soil
99.2,55.2,29.4,39.79,81.08,8.98,1529.6,sunflower,red soil
45.0,38.6,34.8,24.38,45.75,6.74,459.3,safflower,black soil
84.1,44.2,45.8,22.31,62.42,6.38,766.3,maize,black soil
16.1,27.1,29.9,26.32,56.35,7.14,770.6,greengram,black soil
106.1,58.6,77.2,20.51,50.62,6.65,852.1,grapes,red soil
92.0,54.2,85.1,33.93,57.6,7.33,532.3,pomegranate,red soil
122.2,59.0,84.5,34.06,68.71,7.48,1793.1,sugarcane,black soil
66.3,1.0,97.6,33.13,81.03,6.42,581.7,bajra,alluvial soil
105.9,47.7,57.4,27.54,69.38,6.18,706.3,onion,red soil
137.0,12.1,40.6,21.22,63.56,8.29,1018.5,groundnut,alluvial soil
79.0,45.9,46.5,24.01,52.18,7.19,574.4,wheat,black soil
74.5,36.4,40.1,18.38,59.11,6.36,501.4,wheat,alluvial soil
52.8,35.2,35.6,19.64,47.19,7.62,471.4,safflower,red soil
92.8,57.3,59.9,23.78,57.95,6.66,792.3,maize,black soil
108.2,56.9,66.0,20.36,77.29,6.03,884.3,tomato,alluvial soil
93.6,58.4,62.7,22.72,61.59,6.87,876.7,tomato,alluvial soil
116.5,62.9,81.8,22.13,55.98,6.83,754.4,grapes,red soil
101.9,43.3,51.5,27.51,57.02,6.91,816.1,onion,black soil
133.2,65.4,66.6,10.02,37.81,6.2,1331.1,tomato,black soil
82.1,59.0,50.4,19.9,70.3,6.56,934.7,onion,alluvial soil
51.0,32.2,42.2,28.34,58.68,8.0,593.5,jowar,black soil
29.4,38.6,35.4,23.43,57.76,7.28,880.4,pigeonpeas,red soil
99.1,45.1,69.0,20.27,69.28,7.12,973.7,onion,alluvial soil
80.9,51.3,45.5,29.55,71.16,6.89,679.0,maize,alluvial soil
12.0,19.3,40.9,14.7,36.99,8.91,1943.3,ragi,black soil
22.9,38.9,33.8,31.18,64.25,6.4,544.1,groundnut,red soil
49.9,36.7,37.9,31.63,51.28,7.0,555.7,jowar,red soil
83.5,50.0,53.9,24.48,61.41,6.12,916.6,onion,alluvial soil
99.4,59.5,67.7,18.28,69.78,6.5,848.6,onion,alluvial soil
35.4,40.8,26.3,26.34,75.06,6.4,822.2,soybean,alluvial soil
49.1,28.7,40.7,23.71,54.83,6.88,513.0,safflower,red soil
137.7,64.3,95.4,35.83,78.98,8.76,983.6,bajra,black soil
76.1,39.4,49.6,18.28,52.69,6.36,514.2,wheat,black soil
119.1,62.1,59.0,28.75,67.44,6.75,798.5,tomato,red soil
83.2,57.1,68.2,34.51,44.89,6.66,566.7,pomegranate,black soil
108.5,56.7,71.4,21.68,54.12,6.51,712.6,grapes,black soil
51.8,41.4,50.9,26.61,49.2,6.81,516.6,sunflower,black soil
87.5,42.6,53.6,28.21,59.51,7.45,687.6,cotton,red soil
33.3,32.4,49.2,29.89,60.17,6.86,505.9,groundnut,alluvial soil
129.0,51.2,69.5,34.41,66.48,7.49,1669.2,sugarcane,black soil
32.1,30.6,31.2,32.15,64.09,6.12,535.6,groundnut,red soil
65.1,44.2,51.9,20.86,55.09,7.18,585.1,wheat,black soil
109.0,52.9,84.4,29.17,79.96,6.57,1360.0,sugarcane,alluvial soil
22.2,27.8,32.7,28.19,50.16,6.79,584.8,groundnut,red soil
41.1,27.1,36.3,30.04,40.04,7.89,570.6,bajra,alluvial soil
97.2,66.1,93.3,26.75,67.71,7.04,632.9,grapes,black soil
40.2,38.0,39.1,17.61,35.92,7.26,506.7,safflower,black soil
63.7,40.5,38.6,27.05,69.05,7.35,824.3,ragi,laterite soil
88.2,40.3,69.0,21.7,72.46,6.91,842.8,onion,alluvial soil
63.2,38.2,40.0,27.83,68.67,6.02,991.7,ragi,red soil
16.9,20.1,29.8,27.55,56.86,7.03,639.4,greengram,black soil
119.1,61.5,66.1,23.8,63.83,6.84,639.1,tomato,red soil
42.7,45.5,33.7,24.12,74.34,6.68,815.9,soybean,black soil
27.2,29.4,20.4,26.47,42.76,7.77,499.3,chickpea,black soil
69.5,75.9,44.9,14.39,51.74,6.23,2108.7,chilli,laterite soil
16.5,33.9,20.2,20.68,47.27,6.23,507.1,lentil,alluvial soil
33.4,34.8,42.2,32.7,56.45,6.56,693.5,groundnut,alluvial soil
35.2,48.4,37.7,25.66,73.86,7.24,830.0,soybean,black soil
113.4,58.4,76.3,32.66,73.46,7.3,1816.3,sugarcane,black soil
3.0,19.1,96.1,22.38,72.2,5.4,1093.2,lentil,red soil
89.5,47.3,52.1,30.36,61.33,6.89,733.3,cotton,red soil
92.7,60.2,86.4,25.5,64.92,7.22,752.7,grapes,red soil
45.5,34.4,37.0,28.64,51.7,8.28,687.4,jowar,red soil
16.2,28.1,26.1,20.23,54.84,6.02,554.3,lentil,black soil
20.5,34.5,24.9,33.74,68.02,6.83,772.1,blackgram,red soil
23.9,31.0,29.7,22.15,55.87,7.13,577.4,lentil,alluvial soil
51.3,40.6,52.0,27.19,42.47,7.91,570.8,sunflower,black soil
51.3,30.8,31.1,15.13,37.25,6.92,419.0,safflower,red soil
17.1,27.6,20.0,26.25,60.43,6.6,771.3,blackgram,red soil
25.8,32.0,27.9,34.19,58.53,7.09,711.9,greengram,black soil
25.3,75.7,87.3,23.83,89.7,7.27,895.2,cotton,alluvial soil
112.1,58.6,67.1,25.56,64.64,7.25,1325.3,sugarcane,black soil
117.1,55.3,71.7,29.38,65.52,6.45,882.6,tomato,red soil
29.3,26.7,46.4,26.19,50.62,7.07,882.8,groundnut,red soil
25.3,40.1,33.7,29.24,56.92,6.69,622.7,groundnut,alluvial soil
28.3,29.7,28.5,27.5,53.48,7.73,583.2,chickpea,black soil
100.1,57.2,56.3,27.71,61.35,6.36,764.6,onion,black soil
100.5,69.7,65.4,30.7,43.93,6.69,755.3,pomegranate,black soil
100.7,55.5,58.9,20.98,63.54,6.83,690.1,tomato,red soil
30.6,30.6,38.2,34.85,49.7,6.6,705.6,pigeonpeas,red soil
93.4,52.3,86.7,25.26,65.52,6.51,895.0,grapes,red soil
68.4,46.6,35.6,28.45,53.8,7.5,586.8,sunflower,alluvial soil
57.7,43.2,45.5,20.2,53.32,6.83,507.8,sunflower,red soil
82.3,76.1,9.5,29.46,82.85,5.84,930.4,pigeonpeas,red soil
65.7,41.9,48.6,22.46,51.72,7.15,486.8,wheat,black soil
32.5,42.5,38.2,23.09,77.44,7.11,855.0,soybean,alluvial soil
28.4,38.7,27.9,22.34,52.59,6.74,518.7,chickpea,black soil
101.8,47.5,62.3,26.6,72.01,7.22,692.1,onion,alluvial soil
27.4,37.5,45.5,27.53,67.64,7.46,850.6,groundnut,alluvial soil
23.6,42.0,31.1,27.57,55.25,6.45,591.7,groundnut,red soil
50.3,37.7,35.4,23.74,54.69,7.14,753.5,sunflower,red soil
66.3,44.9,1.2,24.89,71.96,6.5,2185.0,cotton,black soil
21.0,27.3,22.9,18.64,60.76,6.14,400.4,lentil,black soil
82.7,45.2,58.6,21.6,73.58,6.38,698.8,onion,red soil
19.8,27.3,24.8,19.86,50.87,7.23,567.9,lentil,black soil
88.7,46.4,50.7,24.39,67.76,6.29,764.5,cotton,red soil
90.7,61.1,69.3,20.24,68.27,6.53,979.2,tomato,alluvial soil
114.5,53.2,73.1,29.79,63.99,6.63,955.0,tomato,alluvial soil
122.6,59.8,84.4,30.42,75.49,7.36,1938.8,sugarcane,black soil
119.4,57.2,73.8,30.78,80.52,7.05,1504.3,sugarcane,black soil
115.0,52.7,89.3,16.2,37.73,6.48,214.7,onion,red soil
23.3,34.8,27.1,27.28,54.94,6.39,495.0,lentil,black soil
18.8,68.8,77.1,21.89,54.75,8.35,600.5,grapes,alluvial soil
35.8,24.5,31.6,29.96,46.47,6.23,446.3,bajra,red soil
54.6,35.8,43.1,29.44,61.99,7.92,660.5,jowar,black soil
44.8,36.1,40.6,25.62,62.81,7.48,725.0,ragi,red soil
94.7,53.4,62.8,18.39,59.51,6.88,635.3,onion,alluvial soil
15.4,27.3,28.3,29.88,67.82,6.4,704.5,blackgram,black soil
125.0,72.9,9.1,30.62,37.09,6.4,906.6,cotton,red soil
102.3,56.5,62.4,24.09,66.12,6.0,814.6,tomato,alluvial soil
17.5,28.0,27.4,20.0,46.74,7.27,598.7,lentil,alluvial soil
67.5,47.0,1.4,40.58,62.11,4.75,1266.9,chickpea,red soil
46.6,38.9,43.2,17.53,45.49,7.87,551.6,safflower,black soil
105.2,58.1,95.0,29.01,64.54,6.64,630.4,grapes,red soil
50.3,39.0,38.2,23.04,40.76,6.95,715.7,sunflower,alluvial soil
68.7,50.2,44.2,31.05,64.33,7.56,812.1,cotton,black soil
51.7,52.7,92.5,11.91,23.24,9.33,399.0,pomegranate,black soil
78.6,54.5,41.7,24.74,69.55,8.8,724.8,blackgram,black soil
17.8,34.9,23.5,27.83,50.2,7.36,518.9,blackgram,black soil
66.3,32.9,35.5,26.75,56.61,7.01,566.8,sunflower,black soil
43.4,37.7,43.6,31.14,59.75,7.33,666.1,jowar,red soil
56.9,38.0,36.3,20.84,54.89,6.65,609.5,ragi,laterite soil
119.5,53.3,91.9,21.98,52.72,7.06,654.9,grapes,black soil
34.0,30.1,33.1,20.71,54.28,6.56,558.6,chickpea,red soil
55.7,48.4,40.6,26.95,51.12,6.76,526.5,sunflower,alluvial soil
56.6,35.0,46.0,21.15,58.46,7.31,731.7,ragi,laterite soil
132.9,67.1,68.3,25.42,74.21,6.83,1583.1,sugarcane,black soil
20.7,33.0,26.0,24.25,58.38,7.34,449.1,lentil,black soil
62.7,45.6,42.7,26.83,51.13,7.72,797.3,sunflower,red soil
118.6,57.0,56.8,21.57,68.06,6.13,973.8,tomato,red soil
34.8,46.2,38.7,29.18,74.16,6.48,923.2,soybean,black soil
91.4,55.6,78.6,23.87,64.32,6.59,837.5,grapes,red soil
30.6,31.0,39.0,32.57,57.65,7.66,777.4,pigeonpeas,red soil
95.6,49.8,62.3,27.57,66.95,6.24,741.0,onion,alluvial soil
36.6,44.1,25.2,23.53,54.3,7.74,772.6,pigeonpeas,red soil
47.6,31.7,37.5,31.47,53.24,6.97,595.8,bajra,red soil
65.3,37.4,43.6,17.59,69.96,6.44,494.2,wheat,alluvial soil
54.1,21.4,28.2,32.59,46.32,6.57,542.9,bajra,red soil
70.5,47.4,48.6,24.12,54.16,7.04,584.3,wheat,black soil
32.6,34.4,36.3,34.13,49.07,7.1,858.5,pigeonpeas,black soil
79.0,36.9,41.2,22.51,67.34,6.28,520.0,wheat,black soil
128.7,74.8,6.5,18.15,63.96,4.81,743.4,wheat,red soil
113.7,22.7,36.8,33.24,27.52,6.63,1849.1,blackgram,laterite soil
73.0,41.4,55.7,30.09,50.12,6.46,974.5,cotton,red soil
43.1,37.9,39.5,22.0,40.7,6.91,535.3,safflower,black soil
22.1,55.7,90.6,17.35,27.71,9.15,435.8,safflower,alluvial soil
15.8,32.1,27.2,31.77,50.07,6.63,638.8,greengram,alluvial soil
81.4,52.1,55.5,27.98,59.87,6.67,661.9,maize,alluvial soil
3.2,66.6,87.7,35.77,79.82,9.1,1109.6,soybean,laterite soil
105.9,67.1,80.7,14.09,80.29,4.57,1600.2,groundnut,laterite soil
131.2,55.0,67.2,18.08,60.76,7.55,1358.4,tomato,laterite soil
100.2,53.1,73.1,21.57,68.4,6.83,839.2,tomato,red soil
25.3,26.3,25.6,27.8,67.6,6.4,769.6,blackgram,red soil
107.9,8.9,53.5,21.93,20.23,9.08,2004.8,soybean,alluvial soil
99.3,51.2,64.4,34.26,43.77,6.66,612.3,pomegranate,red soil
37.4,41.9,37.6,24.31,49.08,7.91,644.4,pigeonpeas,black soil
48.7,18.4,31.8,22.52,45.53,6.03,1504.5,maize,red soil
119.3,13.2,95.0,15.99,87.14,7.47,1267.1,maize,alluvial soil
77.1,36.8,47.9,34.37,60.64,6.18,990.9,cotton,red soil
19.7,34.7,17.0,25.14,62.74,7.42,516.2,blackgram,black soil
117.9,55.6,64.9,30.13,65.53,6.75,1557.5,sugarcane,alluvial soil
34.2,36.4,23.7,26.84,59.99,6.89,572.6,chickpea,red soil
85.8,43.5,61.8,21.04,56.32,5.73,895.9,maize,alluvial soil
76.8,44.3,62.4,19.28,82.8,5.7,2323.3,sugarcane,alluvial soil
110.0,67.0,70.9,20.7,50.41,6.62,883.8,grapes,red soil
22.3,26.7,25.9,26.57,53.45,6.4,685.6,blackgram,black soil
29.7,25.3,26.0,28.22,69.27,7.13,579.1,blackgram,red soil
109.5,54.1,79.0,34.74,53.8,7.1,540.0,pomegranate,red soil
79.5,41.8,52.6,26.95,65.36,6.93,926.2,cotton,red soil
45.1,28.5,33.1,27.14,51.78,8.4,588.1,jowar,red soil
94.7,55.1,9.8,35.94,42.76,8.94,996.8,lentil,black soil
64.8,45.9,40.5,33.09,53.45,7.04,641.6,cotton,black soil
16.3,9.8,75.1,23.68,44.41,8.79,2202.4,pomegranate,laterite soil
48.3,37.3,36.9,23.6,74.68,7.26,649.2,soybean,alluvial soil
81.8,37.2,61.7,30.54,61.04,6.66,957.1,chilli,red soil
26.8,27.7,43.5,26.9,54.91,6.83,895.0,groundnut,red soil
32.8,26.6,32.3,23.04,51.35,7.98,639.3,chickpea,red soil
93.0,57.2,69.7,25.26,73.3,6.24,662.8,onion,alluvial soil
138.8,79.4,76.0,27.17,82.0,4.94,2196.4,ragi,laterite soil
25.7,32.5,45.6,27.08,69.72,7.14,663.2,groundnut,red soil
16.7,29.4,20.0,34.28,56.28,6.88,798.0,blackgram,black soil
32.5,30.8,39.1,24.47,75.73,6.3,673.0,soybean,black soil
41.3,34.0,39.5,17.2,47.15,7.5,622.4,safflower,red soil
82.5,47.4,47.5,22.25,66.37,5.55,765.8,maize,red soil
80.6,44.1,52.0,21.57,56.52,7.06,768.6,maize,black soil
51.2,21.8,30.9,33.44,42.65,7.94,557.4,bajra,red soil
31.5,39.9,28.4,32.05,48.68,7.17,623.2,pigeonpeas,red soil
138.5,29.4,44.3,16.62,69.04,5.58,1483.5,sugarcane,laterite soil
33.4,27.4,25.0,21.5,45.8,6.23,579.2,chickpea,red soil
46.0,35.3,42.2,25.6,68.8,5.89,942.2,ragi,laterite soil
28.1,33.8,26.8,30.81,62.63,6.72,611.3,blackgram,black soil
85.8,68.9,76.7,33.0,45.14,7.26,735.9,pomegranate,black soil
58.2,12.0,41.4,22.27,86.98,9.08,968.2,chickpea,alluvial soil
101.1,52.6,51.7,24.06,66.23,6.38,947.3,onion,black soil
25.6,32.0,25.2,30.57,65.81,7.22,681.0,blackgram,black soil
68.3,36.9,44.6,21.4,59.96,7.24,632.5,wheat,black soil
54.7,41.8,41.1,21.74,68.85,6.3,747.9,ragi,laterite soil
37.6,39.2,29.6,30.62,93.52,5.18,313.2,maize,black soil
41.3,32.3,32.9,29.21,50.62,7.26,642.4,bajra,alluvial soil
90.2,51.1,64.0,24.05,66.13,6.14,753.6,maize,black soil
16.9,27.1,22.5,26.62,60.59,7.19,695.1,greengram,black soil
22.0,31.0,31.8,21.67,55.22,6.76,577.8,chickpea,red soil
61.1,46.5,51.6,18.51,68.41,6.23,633.6,wheat,alluvial soil
100.0,58.5,87.3,22.92,52.06,6.96,721.7,grapes,red soil
105.5,42.9,67.1,26.92,70.09,6.31,985.2,onion,alluvial soil
60.8,43.1,49.6,34.07,52.22,7.77,766.6,cotton,red soil
92.8,52.0,47.0,22.9,65.46,6.78,710.7,maize,black soil
55.4,28.9,42.4,28.66,51.38,6.85,619.7,jowar,black soil
64.5,44.6,50.9,23.41,42.77,7.68,604.6,sunflower,black soil
27.6,34.9,34.1,22.1,44.09,6.24,488.5,chickpea,black soil
113.8,60.9,67.3,26.48,78.99,6.15,911.0,tomato,red soil
28.1,25.7,31.4,26.82,42.15,7.26,516.2,chickpea,red soil
120.1,15.4,29.2,11.96,51.37,6.75,2329.3,lentil,black soil
42.6,24.4,28.4,29.05,47.77,7.07,617.2,bajra,alluvial soil
60.5,72.4,94.8,30.45,42.74,6.55,1724.4,wheat,red soil
75.5,41.4,52.3,15.34,57.01,7.13,516.2,wheat,black soil
115.0,52.4,59.4,29.76,70.66,6.05,907.8,tomato,red soil
86.6,41.0,64.1,29.37,67.99,6.54,839.8,maize,red soil
46.5,31.4,34.8,25.26,62.53,8.46,518.6,jowar,red soil
51.8,34.2,36.8,29.56,40.17,7.42,569.1,sunflower,alluvial soil
84.8,51.5,48.2,26.25,58.37,6.39,995.0,maize,alluvial soil
0.2,63.2,57.7,20.14,83.0,8.7,847.5,pomegranate,black soil
105.9,40.8,57.0,22.39,71.82,7.14,954.5,onion,alluvial soil
51.1,21.9,39.7,26.66,51.87,6.38,494.9,bajra,red soil
84.4,62.7,66.4,33.94,54.81,7.23,649.1,pomegranate,black soil
115.1,57.2,96.3,26.98,61.38,7.04,897.5,grapes,red soil
23.6,41.4,40.9,28.83,58.72,6.18,775.2,groundnut,red soil
101.3,68.3,63.1,29.55,74.73,7.47,1878.1,sugarcane,alluvial soil
86.1,24.1,35.6,24.93,38.61,8.95,2007.4,blackgram,laterite soil
90.1,51.7,90.6,22.63,63.04,7.19,845.1,grapes,black soil
124.1,65.5,65.7,26.98,79.05,6.7,1646.8,sugarcane,alluvial soil
34.6,33.4,28.1,25.15,56.33,7.06,685.7,pigeonpeas,black soil
125.6,51.1,60.8,29.1,76.53,7.31,1330.5,sugarcane,alluvial soil
21.5,33.6,24.1,27.51,50.7,6.79,418.3,lentil,alluvial soil
20.1,34.7,86.7,43.65,57.6,8.53,1870.0,soybean,laterite soil
98.6,55.5,55.4,29.47,68.12,6.64,871.4,maize,alluvial soil
113.0,48.7,66.6,24.66,76.7,6.4,608.0,tomato,red soil
76.6,37.4,51.7,19.63,69.19,6.65,535.9,wheat,black soil
22.0,26.2,31.4,25.35,65.28,6.35,839.5,groundnut,red soil
16.7,27.6,20.9,29.41,50.6,6.79,784.5,blackgram,red soil
132.4,62.4,38.8,20.16,89.0,8.98,2251.1,safflower,black soil
93.4,65.7,79.4,23.38,63.73,7.15,606.8,grapes,red soil
43.2,33.7,31.9,25.46,58.28,7.93,518.9,jowar,black soil
73.0,56.4,53.0,10.92,79.54,4.72,835.3,sunflower,black soil
95.6,52.0,73.8,25.68,75.22,6.26,732.5,tomato,red soil
20.0,33.0,22.2,31.14,51.7,6.6,502.5,greengram,alluvial soil
41.3,39.8,48.5,27.07,67.14,7.02,987.0,ragi,laterite soil
85.2,59.6,1.9,42.78,89.79,7.03,1072.4,ragi,red soil
50.6,34.2,39.5,27.22,47.77,6.42,572.8,bajra,alluvial soil
75.9,50.5,45.2,32.23,60.01,7.03,913.6,cotton,black soil
80.0,42.9,62.5,27.9,57.92,6.47,620.8,onion,black soil
35.1,36.0,37.1,32.13,66.34,7.36,839.7,pigeonpeas,red soil
61.8,39.7,54.4,21.42,54.11,6.62,629.2,wheat,alluvial soil
22.8,29.0,27.8,29.17,51.08,7.22,513.0,greengram,black soil
27.1,39.1,26.3,28.31,66.72,6.76,785.9,pigeonpeas,red soil
71.3,48.7,25.1,42.81,94.58,5.59,692.4,greengram,laterite soil
50.6,26.8,28.4,26.01,41.51,7.45,623.1,bajra,red soil
81.9,60.0,64.6,34.68,50.36,6.65,756.4,pomegranate,black soil
84.7,52.9,48.3,21.99,66.95,5.89,929.2,maize,black soil
98.7,51.5,58.1,30.36,68.86,7.01,966.2,chilli,black soil
81.6,47.0,42.0,32.42,66.1,7.34,530.5,cotton,black soil
119.4,57.0,97.8,21.23,59.76,6.51,692.5,grapes,black soil
57.2,33.1,40.1,28.7,58.23,6.87,603.3,sunflower,black soil
17.9,33.5,29.9,33.79,57.18,7.46,523.7,greengram,black soil
74.1,53.7,46.9,43.52,81.81,9.44,703.0,bajra,alluvial soil
114.1,53.8,91.5,23.12,62.17,7.18,885.6,grapes,red soil
75.9,56.6,52.6,35.02,21.07,5.94,2125.8,lentil,black soil
78.2,43.5,50.4,23.02,67.7,6.86,694.1,chilli,black soil
98.6,49.1,46.6,24.37,62.27,7.46,950.7,chilli,black soil
17.2,30.3,27.5,28.33,50.58,6.91,739.7,blackgram,red soil
29.3,29.4,77.2,20.19,81.19,7.34,2363.7,groundnut,laterite soil
92.8,60.2,80.6,34.03,41.4,7.36,568.2,pomegranate,black soil
63.6,35.3,39.8,24.74,58.57,6.28,840.7,ragi,laterite soil
23.8,25.2,25.1,23.38,57.07,7.26,512.2,lentil,black soil
36.8,36.5,38.8,26.13,53.03,6.11,759.7,groundnut,alluvial soil
67.8,44.1,48.7,17.43,55.26,6.9,498.2,wheat,black soil
30.8,52.8,2.3,27.85,27.58,6.63,570.9,jowar,black soil
17.8,29.6,66.1,10.01,72.03,7.54,1655.2,bajra,red soil
29.0,21.5,24.0,31.49,53.69,7.37,788.0,greengram,alluvial soil
54.4,32.1,38.5,21.43,48.31,6.66,752.8,sunflower,black soil
120.8,52.1,77.4,26.1,72.41,7.39,1253.5,sugarcane,black soil
137.5,68.5,96.9,22.6,61.61,5.72,832.7,cotton,red soil
89.5,45.6,51.0,18.32,56.81,6.75,799.4,onion,alluvial soil
86.9,58.1,46.2,26.72,66.91,6.47,700.9,maize,black soil
42.2,26.7,31.5,27.73,44.48,7.09,524.8,bajra,alluvial soil
40.6,48.1,36.5,28.14,74.49,6.66,931.4,soybean,black soil
46.5,25.8,68.3,11.2,68.29,6.14,1705.6,pomegranate,red soil
75.5,38.6,45.0,29.65,54.69,6.32,682.4,cotton,red soil
27.5,44.5,49.2,26.54,66.55,7.47,610.9,groundnut,alluvial soil
16.2,25.7,26.6,27.35,52.64,7.43,496.2,lentil,black soil
37.6,33.1,33.7,34.67,54.39,6.94,888.6,pigeonpeas,black soil
96.7,51.7,68.6,20.56,64.22,7.13,895.5,onion,black soil
48.5,40.0,34.3,22.34,49.44,7.48,410.3,safflower,black soil
84.1,55.1,62.6,25.64,65.23,6.45,764.0,maize,black soil
31.7,62.8,45.7,25.92,61.06,5.06,2001.6,safflower,black soil
87.1,50.5,47.6,30.05,66.53,6.52,827.1,chilli,red soil
29.6,21.7,26.2,29.47,59.96,7.23,574.8,greengram,alluvial soil
81.0,48.3,59.8,23.55,67.7,6.13,883.0,chilli,red soil
36.8,31.2,36.0,27.03,67.51,6.41,888.6,groundnut,alluvial soil
29.1,42.2,31.5,25.84,63.17,6.63,769.9,pigeonpeas,red soil
112.0,50.2,56.8,25.51,79.7,6.64,719.5,tomato,alluvial soil
57.5,38.1,51.6,20.19,50.13,7.02,796.8,sunflower,red soil
50.3,35.0,35.2,15.89,42.63,6.56,533.5,safflower,black soil
81.9,55.6,66.2,26.44,41.61,7.02,676.3,pomegranate,black soil
15.4,28.9,21.6,21.29,59.2,7.09,421.2,lentil,alluvial soil
91.3,52.9,59.7,18.92,72.07,6.79,738.6,onion,red soil
75.4,37.8,58.0,23.52,70.18,6.88,739.6,chilli,black soil
81.1,5.4,64.9,42.33,32.86,6.49,1039.7,groundnut,black soil
39.1,27.0,29.0,29.2,53.15,7.17,524.6,bajra,alluvial soil
87.2,44.6,61.9,25.36,63.13,6.2,805.4,onion,alluvial soil
57.3,65.3,21.2,30.02,35.4,6.08,1557.2,greengram,red soil
75.8,25.2,70.4,22.47,56.55,6.88,1271.7,pomegranate,laterite soil
22.6,31.7,26.0,31.53,55.36,7.05,701.3,greengram,black soil
33.0,30.3,26.4,21.59,43.35,6.11,524.7,chickpea,red soil
35.4,57.7,37.3,18.64,65.85,7.04,273.2,groundnut,black soil
44.2,36.8,42.0,20.64,45.26,7.01,500.5,safflower,black soil
54.9,39.7,35.4,24.86,41.07,7.84,453.6,safflower,red soil
19.6,27.4,20.1,18.16,52.09,6.61,581.3,lentil,alluvial soil
58.2,33.0,43.3,26.42,51.73,8.07,706.7,jowar,black soil
84.3,53.6,48.6,25.4,68.66,5.71,913.0,maize,black soil
79.7,67.8,26.6,43.04,27.51,5.6,1437.6,lentil,alluvial soil
18.8,34.0,25.7,18.9,49.38,6.31,481.4,lentil,black soil
17.3,30.5,28.1,25.23,61.07,7.26,443.6,lentil,black soil
25.8,35.7,41.6,25.75,62.54,6.59,774.1,groundnut,red soil
67.2,36.4,48.2,20.4,68.92,7.36,501.2,wheat,black soil
108.1,56.7,62.0,23.89,55.6,6.76,731.2,onion,black soil
137.0,55.6,81.2,17.89,88.37,4.63,1085.6,cotton,laterite soil
98.7,61.1,96.6,22.49,51.5,7.19,606.9,grapes,black soil
15.3,26.8,24.7,32.26,50.37,6.61,662.6,greengram,alluvial soil
104.9,50.7,69.3,26.24,67.34,7.46,653.1,onion,black soil
32.1,32.7,31.8,24.35,57.67,7.76,648.3,chickpea,black soil
26.9,49.9,31.4,17.47,50.11,9.38,2405.7,grapes,alluvial soil
110.1,53.7,73.9,24.67,52.25,7.16,741.6,grapes,black soil
68.8,40.1,47.6,24.06,46.47,7.63,585.8,sunflower,red soil
31.2,38.4,31.5,29.27,57.09,7.64,775.8,pigeonpeas,black soil
107.7,64.3,62.5,25.86,58.96,7.25,756.2,pomegranate,black soil
47.1,49.6,38.2,29.08,65.82,6.02,602.4,soybean,alluvial soil
40.7,74.7,90.8,11.34,90.53,8.09,2491.9,maize,alluvial soil
90.3,62.5,97.0,25.26,63.82,6.7,765.7,grapes,red soil
20.5,28.7,31.0,30.29,58.9,6.78,635.5,groundnut,red soil
87.6,64.6,81.9,25.67,58.27,7.3,567.2,pomegranate,black soil
87.2,60.0,73.0,34.16,50.16,7.18,545.4,pomegranate,red soil
42.2,35.1,30.3,16.39,46.88,7.63,522.9,safflower,black soil
4.0,42.7,49.2,20.94,34.37,7.8,1147.1,chickpea,red soil
98.1,70.7,74.1,18.42,87.96,9.15,2312.1,chickpea,laterite soil
17.0,66.5,69.1,32.19,35.21,8.15,1934.3,blackgram,black soil
53.3,24.5,34.4,33.01,49.43,6.07,648.8,bajra,alluvial soil
55.8,3.9,93.4,11.52,90.2,6.53,1182.1,blackgram,red soil
35.9,38.0,40.8,25.7,79.82,6.27,687.4,soybean,black soil
15.1,31.4,21.7,24.81,64.88,6.48,424.9,lentil,alluvial soil
52.4,30.0,39.9,30.96,46.3,6.35,505.1,bajra,alluvial soil
22.5,35.3,48.6,30.99,60.73,6.53,847.5,groundnut,red soil
46.8,34.4,39.3,31.3,59.82,7.79,680.1,jowar,black soil
30.7,33.3,36.7,26.95,62.01,7.05,856.8,pigeonpeas,black soil
134.3,59.5,44.9,41.72,58.25,7.68,1175.2,groundnut,alluvial soil
46.2,44.0,34.0,23.24,68.92,7.2,817.1,soybean,black soil
47.3,43.8,28.3,22.16,78.55,6.03,738.7,soybean,black soil
34.9,39.9,34.2,27.69,58.19,7.0,581.4,chickpea,black soil
135.4,33.5,50.1,10.9,24.24,9.27,1734.1,chilli,black soil
55.2,25.4,35.0,31.99,64.21,8.06,632.6,jowar,black soil
46.9,34.3,44.3,26.61,47.89,7.54,523.3,jowar,red soil
21.2,27.8,25.6,21.14,58.95,6.61,508.0,lentil,black soil
24.2,26.8,27.5,27.75,66.94,6.51,627.6,greengram,black soil
64.3,49.4,54.7,24.61,50.17,6.34,597.8,wheat,alluvial soil
31.8,26.7,27.5,29.27,44.32,6.64,553.6,chickpea,black soil
91.0,59.8,67.0,20.5,72.82,7.35,903.6,onion,red soil
122.3,31.4,3.4,35.48,54.47,7.82,590.9,safflower,red soil
36.3,32.2,16.8,13.89,62.93,9.32,987.0,blackgram,red soil
20.1,22.1,15.3,33.77,55.86,6.73,512.5,blackgram,black soil
51.8,32.3,38.9,27.82,51.77,7.49,573.3,sunflower,red soil
20.3,33.7,26.1,18.69,46.1,6.92,544.7,lentil,black soil
27.0,38.6,44.0,31.81,56.57,6.01,644.4,groundnut,alluvial soil
72.4,45.6,53.7,27.07,50.93,7.15,562.6,cotton,red soil
27.9,27.1,22.9,25.16,61.12,6.53,648.1,greengram,black soil
56.5,32.7,39.4,28.97,57.82,6.91,453.4,jowar,black soil
94.5,50.0,74.9,31.35,48.27,6.88,794.5,pomegranate,black soil
15.6,79.1,2.3,13.77,79.62,4.99,870.1,bajra,laterite soil
118.1,54.9,86.1,26.44,62.16,7.44,752.2,grapes,red soil
30.8,34.8,30.3,32.89,69.67,7.4,604.4,groundnut,alluvial soil
103.5,54.6,79.1,27.26,42.03,7.46,652.9,pomegranate,black soil
64.4,44.4,40.6,25.3,59.73,5.9,787.1,ragi,red soil
38.2,22.8,38.6,32.53,57.75,7.39,531.2,bajra,red soil
25.4,21.5,27.5,31.87,60.28,6.22,790.6,blackgram,black soil
89.9,46.2,58.9,23.41,56.32,7.41,975.0,chilli,black soil
100.5,66.8,91.6,24.01,61.11,7.15,614.0,grapes,red soil
84.3,43.5,58.4,18.22,73.44,6.95,996.9,onion,red soil
55.0,27.8,38.8,33.07,59.93,7.33,402.3,bajra,alluvial soil
99.1,55.6,79.1,29.55,53.78,7.08,777.2,pomegranate,black soil
31.3,61.6,25.8,31.7,86.12,5.85,1771.5,soybean,alluvial soil
74.8,40.5,49.2,18.07,57.14,6.5,519.1,wheat,alluvial soil
31.1,32.3,26.3,28.46,45.96,7.3,879.1,pigeonpeas,black soil
42.8,37.7,47.0,22.69,53.42,5.54,929.9,ragi,red soil
107.2,51.4,61.0,23.16,67.0,7.02,669.6,onion,black soil
106.7,48.6,73.1,21.27,71.31,6.15,704.0,tomato,alluvial soil
40.8,33.0,31.3,25.43,48.39,7.46,705.4,jowar,black soil
60.4,49.3,45.2,29.36,51.62,7.45,528.8,sunflower,red soil
127.3,47.3,92.9,12.45,42.92,7.4,1166.6,chilli,black soil
27.7,42.9,40.0,33.06,67.55,7.68,707.4,pigeonpeas,red soil
127.0,41.9,3.4,29.2,63.12,4.69,953.9,tomato,laterite soil
41.0,38.3,40.8,17.0,54.93,6.83,598.3,safflower,red soil
25.2,54.1,26.6,36.73,31.47,8.87,1704.2,bajra,laterite soil
82.2,43.2,45.2,24.64,65.91,6.54,795.0,chilli,red soil
82.1,61.7,86.3,34.88,56.61,6.52,563.7,pomegranate,red soil
53.0,31.0,35.5,24.38,63.85,7.18,641.5,ragi,red soil
78.6,42.7,42.7,17.65,62.62,6.94,640.7,wheat,alluvial soil
33.0,59.6,22.9,38.88,61.14,9.09,1816.1,groundnut,red soil
121.4,57.6,71.9,25.55,84.82,7.09,1622.5,sugarcane,alluvial soil
24.3,30.1,28.7,24.96,57.79,6.39,525.6,lentil,alluvial soil
46.3,26.6,44.4,15.07,39.25,7.73,636.9,safflower,red soil
34.6,39.5,28.7,24.99,67.03,7.6,809.4,pigeonpeas,black soil
46.3,10.1,84.9,16.21,67.52,8.3,435.3,chickpea,laterite soil
123.1,65.9,63.8,34.29,72.89,6.84,1954.1,sugarcane,alluvial soil
65.0,45.0,37.0,20.96,60.87,6.72,977.1,ragi,red soil
97.1,67.5,62.9,32.32,54.92,7.12,516.6,pomegranate,red soil
72.4,49.2,58.9,27.39,56.19,6.99,618.3,cotton,black soil
45.8,22.2,34.4,28.99,56.83,7.21,547.3,bajra,alluvial soil
38.9,22.2,29.7,28.57,48.26,7.77,467.1,bajra,red soil
16.0,33.6,28.7,33.05,51.64,6.81,622.7,greengram,alluvial soil
38.3,35.0,49.5,31.94,67.88,6.69,650.9,groundnut,alluvial soil
109.9,57.2,72.9,27.54,61.68,7.15,651.0,grapes,black soil
15.9,32.8,16.3,25.82,64.77,7.22,747.0,blackgram,black soil
87.0,40.1,64.2,27.93,61.55,6.82,600.5,onion,alluvial soil
56.8,33.9,43.0,26.84,60.68,6.42,904.4,ragi,red soil
49.4,35.5,48.9,20.35,55.55,7.48,827.1,ragi,red soil
53.1,21.6,5.4,21.77,34.52,8.81,753.2,safflower,laterite soil
94.4,62.8,65.4,28.72,68.47,6.13,656.8,tomato,red soil
24.8,30.5,22.9,25.7,48.78,6.79,523.7,lentil,black soil
75.1,50.2,53.0,32.5,69.2,7.67,594.7,cotton,red soil
57.6,33.6,44.5,20.13,43.48,6.89,580.0,sunflower,red soil
77.7,50.8,64.5,27.1,67.99,6.57,635.7,chilli,red soil
34.7,46.9,33.2,27.28,73.22,6.67,617.4,soybean,alluvial soil
49.4,66.4,16.9,21.48,48.93,5.27,566.7,lentil,laterite soil
105.1,15.1,74.3,17.36,92.1,7.57,1957.7,wheat,alluvial soil
70.2,50.5,59.5,26.7,65.6,7.41,818.4,maize,black soil
38.5,25.9,34.8,29.15,55.03,7.23,639.2,groundnut,alluvial soil
48.2,39.9,34.5,31.21,50.72,6.56,556.0,jowar,black soil
39.7,48.7,26.7,22.49,67.54,6.98,704.5,soybean,black soil
3.0,43.7,48.6,16.38,27.7,6.76,415.5,cotton,black soil
129.9,78.5,96.7,38.51,31.13,5.72,603.6,jowar,red soil
35.0,41.7,27.2,24.94,72.69,7.43,832.8,soybean,black soil
100.5,42.7,57.0,22.8,72.59,7.42,717.8,onion,red soil
89.8,50.9,67.7,25.19,68.29,6.28,897.4,onion,black soil
64.9,50.7,46.7,33.59,65.89,7.48,968.2,cotton,red soil
15.4,31.7,26.7,34.07,69.0,6.11,534.3,blackgram,black soil
84.3,48.4,55.2,19.54,69.89,7.27,646.5,onion,alluvial soil
15.7,23.6,27.8,28.56,63.75,6.84,733.0,blackgram,red soil
23.1,27.0,25.2,22.44,55.28,6.56,529.5,lentil,black soil
56.8,10.3,89.1,12.25,21.38,7.12,1080.8,sugarcane,alluvial soil
20.7,26.4,24.6,20.29,60.99,6.24,491.1,lentil,alluvial soil
59.4,34.8,35.7,24.55,52.39,7.24,696.6,ragi,red soil
139.3,56.5,77.5,30.62,77.99,6.58,1905.4,sugarcane,black soil
46.0,44.7,47.8,24.3,54.51,7.18,674.1,ragi,laterite soil
58.5,71.3,92.6,20.52,48.49,7.99,798.2,grapes,alluvial soil
28.3,33.5,45.8,27.74,56.3,7.21,580.2,groundnut,alluvial soil
61.6,38.9,47.3,26.42,51.55,6.54,995.8,ragi,red soil
96.0,53.1,57.2,27.44,69.83,6.86,847.0,tomato,red soil
90.1,56.2,82.3,20.67,64.61,7.17,709.3,grapes,black soil
62.7,33.2,43.6,27.24,46.35,7.49,754.3,sunflower,alluvial soil
43.5,38.0,36.6,25.3,63.29,6.99,806.6,soybean,alluvial soil
91.5,36.4,53.2,23.99,59.59,6.46,940.7,chilli,black soil
93.7,56.7,66.9,20.25,60.89,6.69,751.1,onion,alluvial soil
24.3,6.8,92.6,41.03,93.27,5.89,1259.3,groundnut,alluvial soil
18.1,30.6,29.3,33.73,59.97,7.36,534.2,blackgram,black soil
70.1,40.1,64.8,29.9,57.28,5.8,998.4,maize,red soil
87.5,12.9,60.4,19.81,73.94,6.67,1145.8,chilli,red soil
30.7,33.2,36.6,24.41,49.75,6.96,715.9,pigeonpeas,black soil
77.8,37.6,42.9,22.55,53.29,6.07,494.4,wheat,alluvial soil
96.4,46.0,58.1,24.01,63.48,6.94,685.5,maize,alluvial soil
2.8,35.7,44.7,29.92,92.04,5.41,1402.9,chilli,alluvial soil
37.2,47.3,37.9,28.7,71.16,7.08,868.9,soybean,black soil
21.9,28.1,28.6,28.19,62.53,7.0,767.6,greengram,alluvial soil
66.8,41.0,50.2,15.1,50.68,6.47,530.2,wheat,alluvial soil
68.2,40.9,36.0,24.49,47.1,6.79,642.5,sunflower,alluvial soil
24.1,33.3,28.9,23.64,52.82,7.73,497.7,chickpea,black soil
78.2,41.1,47.2,24.43,57.02,6.35,660.3,maize,red soil
59.7,30.8,36.5,20.68,49.41,7.09,636.6,safflower,black soil
44.3,22.3,26.0,28.05,57.41,6.46,638.2,bajra,alluvial soil
78.7,38.4,53.1,21.16,69.65,6.44,498.7,wheat,alluvial soil
20.6,29.2,31.9,29.25,45.1,7.52,465.9,chickpea,black soil
51.0,27.2,39.0,27.17,44.84,6.13,539.3,bajra,red soil
112.1,37.6,61.5,25.18,74.4,8.67,2299.0,pigeonpeas,laterite soil
98.4,51.6,48.2,24.59,70.62,5.81,864.8,maize,black soil
58.0,26.5,34.1,24.65,51.91,6.76,637.7,safflower,red soil
31.9,34.1,25.3,28.85,45.09,6.96,631.6,chickpea,black soil
102.3,42.3,68.1,27.36,60.55,6.26,636.2,onion,red soil
56.7,30.2,37.7,18.86,49.53,7.26,487.5,safflower,black soil
60.4,44.7,50.5,24.34,56.66,6.96,618.2,sunflower,black soil
55.3,35.2,40.9,29.3,64.44,7.76,462.9,jowar,red soil
35.9,57.4,90.1,22.03,38.48,7.72,2344.5,lentil,red soil
71.1,12.3,81.1,43.74,92.95,4.89,1753.7,maize,laterite soil
108.9,62.9,57.8,22.14,79.4,6.65,808.9,tomato,alluvial soil
126.0,59.6,78.6,28.65,68.61,6.72,1834.9,sugarcane,black soil
105.5,56.0,85.7,31.09,71.04,7.16,1956.4,sugarcane,black soil
102.2,55.8,73.5,25.72,58.73,7.18,689.7,pomegranate,red soil
88.6,46.3,75.7,18.74,48.47,5.15,1008.6,ragi,laterite soil
75.5,37.2,52.6,34.18,62.06,6.38,639.4,cotton,black soil
71.6,38.7,40.7,15.27,57.06,7.38,457.3,wheat,alluvial soil
29.0,34.0,18.9,25.22,67.45,6.49,524.3,blackgram,red soil
15.9,24.3,21.4,30.09,52.3,6.72,788.0,blackgram,red soil
66.5,41.8,45.1,19.41,50.53,6.93,568.9,wheat,black soil
44.3,30.1,96.6,38.84,25.44,8.06,1600.8,sunflower,red soil
41.3,31.9,47.2,22.89,61.5,6.5,737.7,ragi,laterite soil
90.3,68.9,30.2,35.7,52.11,4.66,1386.5,cotton,laterite soil
24.2,31.8,26.3,21.1,45.3,6.19,517.8,lentil,black soil
34.5,35.4,75.8,36.83,50.71,5.37,905.3,sunflower,black soil
35.1,44.7,35.8,25.36,48.34,7.8,833.8,pigeonpeas,black soil
53.3,32.8,31.1,25.81,46.23,7.98,649.2,jowar,black soil
78.9,42.6,46.1,15.78,67.78,6.35,478.6,wheat,alluvial soil
77.5,40.9,45.7,27.58,63.38,6.51,770.2,chilli,black soil
54.4,9.1,0.8,44.75,80.84,5.26,1650.1,lentil,red soil
31.9,37.7,33.3,31.94,52.68,7.43,827.8,pigeonpeas,red soil
103.6,48.1,70.6,28.35,76.0,6.2,824.5,tomato,red soil
44.1,42.3,29.4,28.06,72.74,6.73,920.8,soybean,black soil
24.8,39.1,23.3,26.47,56.56,7.99,592.7,chickpea,red soil
17.2,24.1,20.6,27.39,61.18,6.6,634.1,greengram,alluvial soil
53.9,45.3,42.9,25.34,48.53,6.5,516.4,sunflower,black soil
41.6,34.8,37.9,28.35,70.49,6.13,963.7,soybean,black soil
41.5,30.0,44.0,21.98,53.33,5.97,986.6,ragi,red soil
46.1,28.9,30.7,28.36,49.25,6.79,559.7,jowar,red soil
22.9,33.2,24.6,33.67,58.66,7.04,703.9,greengram,black soil
55.2,28.8,45.4,43.02,55.56,7.57,2324.3,onion,alluvial soil
35.3,22.9,35.3,30.12,44.72,6.31,650.0,bajra,red soil
92.6,20.0,88.8,32.69,33.82,7.56,1829.0,wheat,laterite soil
88.7,47.8,58.3,26.9,56.66,6.46,642.0,chilli,black soil
83.5,67.0,83.5,27.53,52.91,7.28,556.3,pomegranate,red soil
111.5,62.3,64.2,22.4,76.51,6.07,735.0,tomato,red soil
83.6,65.0,7.6,22.5,91.1,8.8,1842.5,tomato,red soil
69.5,29.6,26.4,30.6,28.97,8.1,1491.5,sunflower,black soil
16.6,34.9,52.9,42.8,25.21,6.06,1590.0,groundnut,red soil
41.7,48.8,42.9,29.22,65.41,6.54,765.2,soybean,black soil
21.9,34.6,23.1,19.31,64.73,6.43,581.8,lentil,black soil
28.5,31.1,21.6,27.48,66.74,6.08,737.8,blackgram,red soil
37.1,31.3,41.1,27.18,65.9,6.64,691.8,groundnut,red soil
44.4,43.8,44.6,27.89,60.32,6.12,769.8,ragi,red soil
106.9,54.1,75.7,28.92,52.19,6.66,723.2,grapes,red soil
36.1,32.6,40.3,22.76,79.21,7.45,747.2,soybean,black soil
100.4,70.2,6.1,44.25,57.29,6.72,1897.8,maize,black soil
48.1,23.7,33.0,27.13,57.69,6.12,551.3,bajra,red soil
35.0,45.0,36.7,34.45,48.68,6.64,881.3,pigeonpeas,black soil
58.6,34.1,44.8,22.64,69.6,6.1,762.4,ragi,red soil
20.9,25.3,27.5,31.95,54.8,7.32,773.9,blackgram,red soil
88.6,52.9,64.9,25.78,60.7,5.69,745.1,maize,red soil
125.4,73.0,13.2,33.26,79.83,9.43,2184.0,groundnut,laterite soil
98.4,40.4,63.5,19.21,67.73,6.3,626.2,onion,red soil
47.2,18.0,51.9,42.22,77.55,4.63,1272.7,chilli,alluvial soil
135.6,44.0,72.1,37.82,68.21,7.69,1334.2,pomegranate,black soil
116.6,62.4,74.3,20.89,78.16,6.66,854.1,tomato,alluvial soil
26.7,33.9,19.0,34.93,64.22,6.81,601.3,blackgram,black soil
75.1,36.2,59.3,29.15,69.67,6.63,757.6,cotton,red soil
119.6,64.8,73.6,27.11,68.37,6.27,873.9,tomato,alluvial soil
30.7,31.3,36.7,26.4,64.78,7.41,663.0,groundnut,alluvial soil
18.5,25.8,27.8,30.27,55.7,6.16,573.3,blackgram,black soil
62.6,47.0,54.3,26.58,58.63,7.25,515.0,sunflower,red soil
24.1,28.4,29.7,33.68,60.0,7.21,778.1,blackgram,black soil
80.3,63.4,3.0,35.08,56.93,5.55,2261.5,jowar,laterite soil
50.4,41.0,41.0,21.95,54.77,7.94,529.7,sunflower,alluvial soil
89.9,54.8,45.6,25.5,56.53,6.04,507.3,cotton,black soil
21.7,20.9,21.5,33.32,66.0,7.14,561.8,blackgram,black soil
50.1,28.8,27.9,27.58,44.21,6.33,626.7,bajra,alluvial soil
66.6,44.6,35.2,27.85,50.73,6.72,562.8,sunflower,black soil
23.3,33.0,22.6,21.47,59.0,7.02,594.1,lentil,black soil
98.0,61.6,89.8,32.14,57.08,7.17,586.9,pomegranate,red soil
63.9,43.4,44.5,22.75,58.44,5.82,801.8,ragi,red soil
78.9,50.3,57.8,21.43,64.45,6.74,810.9,maize,alluvial soil
39.4,78.1,71.4,23.97,46.42,6.27,929.9,jowar,laterite soil
20.8,27.9,29.0,25.27,58.84,6.11,458.3,lentil,black soil
66.5,35.2,42.8,24.11,48.65,7.99,767.3,sunflower,black soil
66.8,46.4,41.8,24.62,48.47,7.72,552.7,sunflower,red soil
110.0,69.3,87.6,26.95,53.45,6.93,725.6,grapes,black soil
99.0,36.7,56.0,28.48,58.16,6.05,795.7,chilli,red soil
61.9,40.4,47.4,17.52,59.54,6.36,586.2,wheat,alluvial soil
22.6,26.4,29.5,24.89,46.13,7.27,416.5,chickpea,red soil
80.6,51.2,63.0,25.65,58.91,7.42,995.1,onion,alluvial soil
54.8,29.6,28.8,31.61,56.5,7.99,547.4,bajra,red soil
97.4,65.0,68.1,28.91,53.0,6.56,715.3,pomegranate,red soil
106.3,14.6,97.8,28.41,66.67,5.61,514.6,lentil,alluvial soil
104.6,9.1,4.3,29.54,26.39,5.88,710.8,soybean,black soil
32.5,38.3,24.2,28.6,51.07,6.28,633.2,chickpea,black soil
39.2,28.7,37.7,32.27,52.07,6.11,655.0,groundnut,red soil
86.2,15.9,14.4,30.22,91.53,8.76,499.3,sugarcane,alluvial soil
51.5,34.5,38.4,24.21,51.6,6.32,719.4,ragi,laterite soil
29.4,43.3,38.0,28.73,51.57,7.44,701.6,pigeonpeas,red soil
54.3,34.6,49.0,28.97,57.08,7.22,742.2,sunflower,black soil
100.7,36.3,66.5,42.27,80.21,7.61,1673.8,sunflower,black soil
52.1,33.5,32.1,29.38,42.71,7.81,586.6,bajra,red soil
46.9,30.0,44.3,26.28,64.95,7.95,690.5,jowar,red soil
31.3,42.5,39.9,24.53,52.47,6.58,612.9,pigeonpeas,red soil
30.4,42.0,43.6,30.57,57.18,6.74,529.7,groundnut,red soil
3.3,27.0,6.4,20.25,53.34,9.49,637.0,groundnut,red soil
45.8,38.7,40.1,27.8,70.96,6.42,995.1,soybean,alluvial soil
76.9,55.4,47.4,21.32,62.32,7.47,743.8,maize,alluvial soil
59.6,33.4,41.2,26.81,50.61,8.14,557.3,jowar,red soil
73.0,49.8,52.2,28.54,61.2,6.47,907.5,chilli,black soil
108.3,55.7,75.1,42.65,84.25,5.35,338.9,ragi,black soil
56.1,33.6,36.6,15.63,52.27,6.5,427.1,safflower,red soil
52.2,1.8,43.3,18.32,48.16,6.89,840.5,maize,red soil
113.4,39.0,85.0,24.62,91.08,5.04,1766.1,pigeonpeas,red soil
112.1,50.8,66.4,10.47,82.25,7.14,2304.7,grapes,red soil
47.6,74.5,11.1,13.91,43.23,8.94,380.4,ragi,alluvial soil
20.4,34.3,24.6,22.92,49.27,6.93,416.6,lentil,alluvial soil
67.2,46.4,51.5,27.2,42.17,7.62,787.6,sunflower,alluvial soil
37.9,20.0,73.9,33.8,51.96,5.91,2048.9,lentil,black soil
90.2,56.1,67.9,15.88,29.82,9.43,1012.9,greengram,laterite soil
2.1,35.0,16.4,33.78,28.29,5.96,1627.7,sunflower,alluvial soil
117.2,57.7,56.3,27.78,77.92,6.31,994.7,tomato,alluvial soil
59.6,30.6,36.6,25.29,58.47,7.2,640.3,jowar,black soil
16.5,34.1,23.8,26.14,50.39,6.61,518.3,greengram,black soil
106.3,42.4,64.1,27.21,62.52,7.12,797.2,onion,red soil
91.4,64.2,57.3,28.24,68.6,6.28,650.0,tomato,red soil
46.5,35.0,36.2,25.86,73.57,6.13,922.9,soybean,alluvial soil
126.0,61.1,78.4,25.63,69.1,6.59,1617.5,sugarcane,alluvial soil
50.9,37.4,34.4,24.26,42.89,7.68,602.7,safflower,red soil
22.1,21.3,20.8,28.9,59.05,6.92,706.9,blackgram,black soil
46.8,74.8,92.3,13.41,47.72,5.85,1999.9,onion,red soil
126.6,57.6,89.6,44.93,89.06,8.2,1850.9,cotton,red soil
68.5,31.6,76.9,35.62,24.6,6.19,1613.6,cotton,red soil
27.4,29.6,25.0,26.6,64.92,7.21,540.0,blackgram,black soil
51.3,38.5,52.2,24.57,56.57,7.82,583.0,sunflower,red soil
84.8,50.3,59.2,21.16,73.62,6.82,974.0,maize,alluvial soil
53.4,30.4,26.4,29.32,48.97,6.13,510.1,bajra,alluvial soil
55.0,34.4,39.2,31.04,56.21,6.71,589.4,jowar,black soil
27.1,31.0,31.4,25.95,53.55,7.01,575.8,groundnut,alluvial soil
57.2,5.0,0.4,25.72,86.09,6.71,983.3,sugarcane,alluvial soil
9.4,4.7,84.7,24.69,37.73,6.66,952.6,soybean,red soil
57.4,29.6,41.4,28.43,51.4,7.32,597.0,jowar,red soil
114.8,26.6,57.7,13.87,22.7,6.86,1871.7,greengram,red soil
21.9,29.7,20.3,19.82,52.01,7.23,594.2,lentil,black soil
31.4,34.7,32.7,28.45,67.55,7.16,899.4,groundnut,alluvial soil
33.4,42.3,31.7,22.92,63.23,6.47,895.4,soybean,alluvial soil
56.3,31.2,33.0,16.86,50.51,6.56,506.2,safflower,red soil
90.3,56.2,58.0,27.91,67.38,5.7,893.5,maize,black soil
61.1,48.8,42.9,15.16,51.55,6.37,606.6,wheat,black soil
112.0,23.7,84.0,18.13,49.44,6.02,933.9,lentil,alluvial soil
118.1,51.0,71.1,27.04,83.69,6.77,1871.5,sugarcane,black soil
25.8,32.8,16.3,25.04,57.91,6.67,776.0,blackgram,black soil
99.9,64.3,78.2,26.86,56.25,6.77,561.6,pomegranate,red soil
41.1,40.3,43.8,22.73,60.63,7.19,794.1,soybean,black soil
117.7,65.9,48.3,23.98,71.61,9.36,397.3,soybean,black soil
45.9,31.0,45.5,28.98,54.51,6.8,980.5,ragi,laterite soil
11.4,28.6,32.3,10.96,29.79,6.7,1986.5,sugarcane,alluvial soil
36.5,1.5,75.4,31.26,84.79,8.46,2252.2,wheat,black soil
15.8,31.1,22.9,18.41,64.12,7.37,588.8,lentil,alluvial soil
34.4,16.8,76.3,35.36,30.94,8.21,1806.9,chickpea,alluvial soil
36.4,43.2,33.6,27.02,60.31,7.11,736.7,soybean,black soil
107.9,50.0,73.2,21.35,69.45,6.7,902.4,tomato,red soil
17.9,20.7,21.0,27.25,67.95,7.23,599.0,blackgram,red soil
84.0,44.4,45.2,28.4,64.71,6.38,658.9,chilli,red soil
33.3,39.8,41.0,30.66,60.15,6.11,639.9,groundnut,alluvial soil
82.9,54.8,53.0,22.79,64.7,6.9,763.8,chilli,black soil
92.0,39.0,52.5,26.3,74.18,7.22,653.9,chilli,black soil
15.6,34.8,26.7,20.13,54.94,7.19,484.9,lentil,alluvial soil
139.2,63.8,89.5,26.43,73.8,7.05,1285.3,sugarcane,alluvial soil
37.4,37.7,47.4,26.52,57.75,6.92,575.7,groundnut,red soil
54.4,10.0,76.2,17.85,30.8,8.69,1220.7,jowar,red soil
89.3,42.5,61.3,25.89,57.0,6.54,769.4,chilli,red soil
134.9,54.9,22.3,34.32,21.49,8.58,1097.9,blackgram,red soil
32.7,25.0,21.9,21.64,54.78,6.88,440.4,chickpea,red soil
19.0,31.7,20.0,29.63,63.42,6.73,536.4,blackgram,black soil
92.7,38.7,59.6,26.89,62.47,7.11,623.2,chilli,red soil
93.3,66.3,2.0,21.36,90.45,4.97,896.9,onion,black soil
24.1,37.4,42.4,32.84,65.98,6.07,576.8,groundnut,red soil
136.0,8.6,68.2,24.01,75.55,7.86,582.2,maize,alluvial soil
90.8,57.8,63.3,22.0,65.91,6.65,789.6,onion,black soil
39.4,37.8,35.0,31.1,47.49,6.75,632.5,pigeonpeas,red soil
29.1,23.8,28.3,31.71,50.09,6.94,698.4,blackgram,red soil
24.5,26.0,20.7,28.7,41.13,7.68,545.3,chickpea,red soil
23.0,25.5,24.3,27.24,56.49,7.4,610.0,blackgram,black soil
59.9,39.4,30.8,19.67,42.17,7.06,567.1,safflower,black soil
129.3,66.1,20.2,37.02,31.5,9.46,757.9,groundnut,alluvial soil
96.0,58.9,67.1,29.31,40.19,7.4,508.5,pomegranate,black soil
93.8,44.7,14.7,27.44,51.56,6.8,1809.6,grapes,alluvial soil
45.6,34.5,93.9,35.91,45.29,7.74,2266.5,safflower,red soil
81.8,2.9,18.1,38.58,29.19,5.56,520.0,sugarcane,red soil
28.9,39.9,26.5,25.42,54.23,6.42,624.0,chickpea,red soil
68.7,46.5,54.4,17.28,59.33,7.09,585.6,wheat,black soil
81.8,14.2,7.8,36.65,71.83,4.96,1899.4,ragi,laterite soil
87.7,15.0,84.9,11.09,84.8,8.91,677.1,cotton,alluvial soil
42.0,37.9,49.5,23.93,68.71,7.39,903.7,ragi,laterite soil
67.3,47.3,36.1,24.17,55.94,6.62,603.7,sunflower,alluvial soil
22.6,57.5,47.7,36.17,48.95,5.08,2413.2,jowar,red soil
42.6,30.1,39.7,29.29,50.88,6.78,782.4,ragi,red soil
98.0,41.4,55.3,25.34,69.3,6.41,857.1,onion,black soil
60.6,28.3,28.7,35.22,89.16,6.59,1376.7,maize,laterite soil
30.3,35.3,30.9,34.29,64.15,7.42,848.4,pigeonpeas,red soil
60.7,48.6,43.3,33.33,62.12,7.17,836.6,cotton,black soil
100.3,63.0,70.8,27.8,61.37,6.55,895.6,tomato,alluvial soil
16.3,25.5,19.0,29.34,65.69,7.42,663.6,blackgram,black soil
114.6,56.5,73.4,22.75,66.6,7.09,887.1,grapes,red soil
48.3,29.4,39.8,29.83,58.4,7.91,593.4,bajra,alluvial soil
120.9,57.2,62.7,26.45,82.99,7.36,1811.4,sugarcane,black soil
125.0,70.5,5.2,41.07,90.4,9.11,1461.2,lentil,black soil
98.4,75.1,76.6,41.3,91.25,8.29,2261.8,safflower,alluvial soil
93.5,64.3,59.1,20.5,71.12,6.4,681.1,tomato,alluvial soil
82.6,68.6,22.8,29.77,60.2,5.96,1094.0,onion,red soil
20.3,33.2,26.7,21.02,57.15,7.33,400.1,lentil,black soil
24.7,29.4,22.4,20.15,41.43,6.05,578.1,chickpea,red soil
22.9,28.5,31.6,23.83,50.87,7.12,523.5,chickpea,red soil
43.5,42.7,27.4,25.72,75.53,6.57,973.4,soybean,black soil
18.1,27.0,28.4,26.25,52.35,7.22,769.4,greengram,black soil
57.5,27.3,38.8,31.45,57.58,8.31,487.9,jowar,black soil
77.6,43.3,40.4,19.53,55.11,6.37,571.3,wheat,black soil
41.3,32.4,40.0,25.63,52.71,6.01,612.0,ragi,red soil
97.3,51.4,65.2,27.53,48.83,7.21,595.9,pomegranate,red soil
65.2,46.1,52.7,21.16,69.07,6.11,628.1,wheat,alluvial soil
54.3,48.2,36.1,29.41,45.81,7.78,652.0,sunflower,black soil
111.3,75.1,87.0,15.05,64.82,5.31,1728.5,jowar,black soil
98.2,62.6,86.6,22.82,60.73,6.56,746.9,grapes,black soil
86.4,56.2,76.4,30.29,47.76,7.45,696.8,pomegranate,black soil
84.3,61.0,65.2,29.04,51.86,7.03,751.8,pomegranate,red soil
99.3,54.5,90.4,26.94,65.44,6.53,718.3,grapes,red soil
95.1,62.8,71.6,29.63,67.81,6.85,877.1,tomato,alluvial soil
54.4,26.1,31.9,23.71,43.76,7.09,458.9,safflower,black soil
90.8,52.6,54.7,25.03,71.51,7.5,964.9,onion,alluvial soil
49.9,32.5,99.4,42.2,20.4,7.35,1950.2,bajra,alluvial soil
81.2,41.7,55.3,22.29,61.27,7.43,728.7,maize,black soil
15.5,28.8,97.5,25.3,36.55,4.91,928.4,tomato,black soil
34.2,42.0,31.3,34.53,65.98,7.52,800.1,pigeonpeas,black soil
23.9,30.0,24.2,33.19,67.73,6.81,792.1,blackgram,red soil
66.3,39.7,58.6,29.54,54.38,7.68,650.0,cotton,red soil
18.2,34.8,24.8,26.28,56.36,7.18,489.7,lentil,black soil
93.4,66.6,87.4,26.63,60.16,7.33,885.3,grapes,black soil
47.7,37.4,47.7,22.18,64.09,6.72,892.7,ragi,red soil
110.1,66.6,76.2,20.03,59.63,6.94,718.0,grapes,red soil
19.2,20.7,25.5,27.04,63.87,6.49,763.2,blackgram,red soil
138.8,57.1,79.5,29.94,76.49,7.5,1881.5,sugarcane,black soil
7.8,40.0,87.3,34.34,35.49,5.14,1749.0,chilli,black soil
31.3,33.7,34.2,25.75,65.38,7.12,910.3,soybean,black soil
20.1,26.0,43.4,29.28,69.43,6.44,584.3,groundnut,red soil
122.7,7.3,75.9,32.75,20.05,7.31,1115.7,wheat,red soil
69.8,45.0,50.0,23.0,50.88,6.96,569.7,wheat,black soil
42.1,31.1,66.4,31.34,28.49,5.81,1431.3,safflower,laterite soil
25.9,39.7,32.3,31.92,61.27,7.33,703.4,pigeonpeas,black soil
103.8,58.8,68.2,30.24,54.25,7.07,577.5,pomegranate,red soil
75.9,48.1,48.6,24.02,50.94,6.09,590.2,wheat,alluvial soil
43.4,27.2,37.0,20.21,36.52,7.17,412.7,safflower,black soil
32.2,47.6,29.9,37.48,39.47,6.97,402.4,sunflower,laterite soil
21.6,29.9,30.1,29.66,51.49,6.26,552.7,chickpea,black soil
43.0,32.4,30.1,22.19,67.22,6.12,827.8,soybean,black soil
35.4,21.3,42.8,34.91,40.13,7.09,1707.8,safflower,red soil
69.7,39.5,47.1,28.75,51.33,7.42,732.9,sunflower,red soil
50.0,31.8,40.5,27.29,64.75,5.96,711.9,ragi,red soil
70.8,3.3,84.8,20.19,38.58,7.24,2446.2,onion,red soil
94.5,48.4,68.8,20.19,75.17,6.48,645.5,tomato,red soil
130.5,78.6,22.1,36.05,60.32,5.03,894.9,grapes,alluvial soil
51.7,33.4,29.3,30.05,50.98,6.01,535.7,bajra,alluvial soil
105.4,26.8,72.7,25.8,75.14,4.78,2393.1,groundnut,black soil
29.0,28.8,25.4,25.6,50.78,7.56,626.9,chickpea,red soil
131.4,58.7,67.7,31.65,68.25,6.72,1886.4,sugarcane,alluvial soil
119.7,59.6,65.7,25.52,75.23,7.32,1811.6,sugarcane,alluvial soil
93.6,54.0,48.5,24.91,58.35,6.78,981.2,maize,black soil
18.2,26.2,20.1,18.28,52.99,6.2,595.5,lentil,black soil
43.6,35.4,49.4,12.78,61.82,6.5,1722.4,groundnut,alluvial soil
70.3,38.9,43.8,24.18,63.5,6.53,528.3,wheat,alluvial soil
79.1,43.4,48.8,34.01,54.46,7.3,909.9,cotton,black soil
25.3,41.4,32.8,29.8,55.85,6.66,645.0,pigeonpeas,black soil
63.9,34.3,38.1,22.35,55.19,6.52,619.6,sunflower,black soil
26.7,36.3,34.5,31.48,54.14,7.06,788.1,groundnut,red soil
94.8,50.0,52.9,27.01,68.65,6.64,897.7,chilli,black soil
51.0,11.9,87.8,16.49,38.19,8.19,1550.7,lentil,black soil
137.7,50.9,75.1,25.58,61.09,7.27,1845.4,sugarcane,black soil
16.7,32.2,17.3,28.75,68.75,6.43,754.5,blackgram,red soil
70.0,2.0,23.4,42.76,85.29,8.36,2236.2,chickpea,alluvial soil
35.6,39.3,33.7,32.52,59.21,6.6,709.1,pigeonpeas,black soil
22.5,43.3,42.6,31.87,60.57,6.68,560.1,groundnut,red soil
78.1,73.8,35.2,18.76,83.13,4.57,894.0,lentil,red soil
20.5,27.5,24.3,26.83,45.85,7.29,578.4,lentil,black soil
0.6,20.7,88.6,24.96,29.19,8.35,1348.8,ragi,red soil
20.4,26.5,22.3,28.0,59.66,7.45,427.3,lentil,black soil
34.1,33.4,29.5,22.05,56.68,7.19,841.5,pigeonpeas,red soil
50.0,38.5,38.6,27.0,59.58,8.46,561.8,jowar,red soil
65.2,40.3,52.9,21.75,64.75,7.27,460.8,wheat,black soil
57.8,36.4,39.1,29.25,55.55,8.11,571.3,jowar,red soil
91.9,59.4,68.7,24.79,73.05,6.94,753.8,onion,alluvial soil
60.2,48.7,44.1,19.45,50.53,6.98,580.4,wheat,black soil
25.6,40.3,44.8,26.36,63.95,6.85,751.2,groundnut,alluvial soil
20.9,31.4,25.5,26.24,66.18,6.25,642.8,blackgram,black soil
99.7,60.7,43.2,25.44,63.06,9.32,1383.4,safflower,black soil
21.2,31.6,29.4,20.2,60.88,6.81,494.2,lentil,alluvial soil
71.5,54.6,58.4,36.12,78.26,8.01,516.2,onion,laterite soil
121.8,4.8,95.8,12.75,83.04,9.02,2296.6,safflower,laterite soil
5.4,20.3,16.6,26.7,25.84,9.49,962.7,soybean,laterite soil
50.0,37.6,38.8,29.58,55.96,7.26,629.1,sunflower,red soil
134.3,60.9,73.3,29.18,75.45,7.05,1361.3,sugarcane,alluvial soil
40.9,26.1,31.2,29.01,59.51,8.34,583.5,jowar,black soil
22.2,26.9,28.1,27.16,53.2,7.41,683.3,greengram,alluvial soil
23.4,32.1,26.1,18.71,48.91,7.14,443.3,lentil,alluvial soil
62.9,36.5,48.3,29.09,57.67,7.29,618.1,cotton,red soil
30.1,11.3,86.5,27.37,68.65,5.31,982.0,tomato,red soil
54.7,38.4,34.2,25.42,49.04,7.96,621.9,jowar,black soil
21.4,33.2,47.8,29.37,51.41,6.42,743.9,groundnut,alluvial soil
27.6,29.6,31.1,21.04,41.73,7.57,623.5,chickpea,black soil
18.5,24.4,26.6,28.97,54.75,6.92,647.5,greengram,alluvial soil
111.0,46.2,66.1,24.56,74.8,6.62,602.7,tomato,red soil
106.9,54.9,17.1,15.37,79.98,8.31,201.1,sugarcane,black soil
59.3,33.9,46.1,22.62,50.04,7.14,719.8,sunflower,black soil
74.4,48.0,43.7,23.58,64.1,6.3,462.6,wheat,alluvial soil
121.0,6.1,89.6,39.75,63.38,7.85,1571.4,sugarcane,black soil
85.5,45.7,52.4,24.62,64.08,5.62,748.8,maize,black soil
107.4,26.1,5.1,39.93,78.14,7.8,1698.3,sunflower,alluvial soil
33.2,36.7,34.0,30.37,60.66,6.7,840.9,pigeonpeas,black soil
44.9,42.8,49.2,26.29,55.95,6.94,810.4,ragi,laterite soil
28.6,39.6,37.2,27.46,63.7,6.56,881.8,pigeonpeas,red soil
53.0,20.1,37.8,29.75,54.12,7.58,587.0,bajra,red soil
95.9,54.5,66.5,24.11,77.5,6.95,984.3,tomato,red soil
90.2,64.6,88.0,25.71,66.27,6.8,888.7,grapes,black soil
61.0,42.8,52.5,15.2,58.81,6.22,577.0,wheat,alluvial soil
45.2,23.8,35.6,28.68,57.03,6.57,553.9,bajra,alluvial soil
119.0,57.4,97.1,22.61,58.5,6.56,881.3,grapes,red soil
44.2,20.3,38.7,28.05,57.11,7.27,526.4,bajra,red soil
117.8,60.9,69.9,32.12,81.21,7.38,225.1,pomegranate,alluvial soil
18.0,31.6,28.8,23.41,51.78,7.08,547.7,lentil,alluvial soil
71.2,19.2,57.1,34.91,23.6,5.24,1072.5,blackgram,alluvial soil
22.6,27.4,23.7,25.8,61.81,7.08,573.1,lentil,black soil
48.3,34.9,38.7,23.56,54.75,5.71,930.6,ragi,laterite soil
95.7,61.2,61.1,25.07,67.63,6.66,610.4,tomato,alluvial soil
48.6,26.3,36.3,26.67,45.32,7.56,532.2,jowar,black soil
69.8,49.5,49.4,28.68,56.54,6.3,876.6,cotton,red soil
19.8,32.4,25.0,18.08,46.44,6.63,555.1,lentil,black soil
33.6,26.9,40.5,30.76,58.62,6.66,892.1,groundnut,red soil
51.4,26.7,37.9,34.15,40.32,6.26,539.0,bajra,red soil
16.1,34.8,23.1,26.46,61.14,6.02,592.9,lentil,alluvial soil
29.9,41.2,46.9,27.19,57.62,6.58,800.9,groundnut,red soil
95.2,63.7,84.4,28.64,68.38,6.89,754.7,grapes,black soil
118.6,65.1,76.8,27.18,69.16,6.87,863.8,grapes,black soil
39.1,44.8,32.3,34.69,48.21,6.54,662.0,pigeonpeas,red soil
40.1,44.7,35.8,25.91,62.42,7.16,732.5,soybean,alluvial soil
129.0,8.0,19.8,19.73,78.3,6.38,817.8,cotton,red soil
134.4,62.3,99.4,39.92,28.21,6.28,1698.1,safflower,alluvial soil
23.5,25.3,24.0,20.25,47.71,6.1,575.2,lentil,alluvial soil
31.9,32.3,43.3,22.75,61.93,6.13,683.4,soybean,black soil
32.4,37.4,33.0,29.06,50.98,6.66,530.4,chickpea,red soil
27.7,31.0,24.9,29.08,64.52,7.23,714.0,greengram,alluvial soil
104.0,66.0,66.4,31.38,59.21,6.98,698.4,pomegranate,red soil
24.8,29.8,22.9,31.98,57.51,7.48,636.8,greengram,black soil
43.7,33.4,26.4,26.26,58.3,7.41,608.7,bajra,alluvial soil
20.1,35.5,26.2,23.9,43.14,6.58,561.6,chickpea,black soil
117.4,47.3,66.8,21.95,73.07,6.51,624.0,tomato,red soil
56.1,37.4,34.6,18.07,44.05,7.49,520.7,safflower,red soil
96.3,54.9,70.7,13.69,75.62,6.22,579.2,tomato,laterite soil
23.7,38.6,23.0,23.87,49.45,6.95,525.1,chickpea,red soil
134.8,18.6,98.2,20.44,28.75,8.64,1013.3,wheat,black soil
59.5,14.4,29.5,16.31,86.18,9.29,1569.4,safflower,alluvial soil
87.0,49.0,40.5,34.35,63.8,7.63,811.3,cotton,red soil
37.8,24.7,30.6,30.48,56.24,7.15,535.3,bajra,red soil
81.1,40.7,56.3,25.99,63.53,6.89,652.0,onion,alluvial soil
109.7,52.6,72.4,21.4,69.48,6.98,752.6,grapes,black soil
53.7,32.5,27.6,26.77,41.35,6.32,411.4,bajra,alluvial soil
89.4,22.1,51.4,40.28,22.37,5.36,1484.3,jowar,alluvial soil
80.5,15.2,20.3,40.91,84.08,5.56,1297.8,maize,black soil
50.9,75.9,87.3,40.85,38.26,9.13,1043.3,maize,laterite soil
84.3,57.8,75.6,31.54,56.36,6.6,627.4,pomegranate,red soil
42.6,32.1,34.0,16.34,36.72,7.7,641.5,safflower,red soil
27.9,43.9,35.9,22.62,53.23,7.5,853.4,pigeonpeas,black soil
108.7,59.5,55.7,24.37,61.73,6.56,669.4,tomato,alluvial soil
37.6,28.8,30.7,30.71,45.02,6.14,602.1,bajra,alluvial soil
95.4,37.9,57.4,27.28,71.53,6.23,716.4,chilli,black soil
104.9,69.5,83.5,22.42,60.53,7.22,829.9,grapes,red soil
62.9,37.9,40.3,25.71,65.23,7.72,979.5,cotton,black soil
58.2,32.4,41.7,19.93,49.2,7.81,542.8,safflower,black soil
42.7,0.6,55.9,23.04,45.02,6.93,1008.3,onion,laterite soil
106.0,51.4,51.8,22.72,59.34,6.05,805.6,onion,alluvial soil
36.7,39.6,30.1,28.19,57.73,6.97,652.6,pigeonpeas,black soil
100.5,69.4,99.1,29.84,57.42,7.33,721.0,grapes,red soil
62.4,36.1,42.6,19.24,62.53,6.38,580.9,wheat,black soil
58.1,37.5,39.8,26.96,47.13,7.44,586.0,sunflower,black soil
78.9,39.6,49.3,19.24,68.5,7.05,489.7,wheat,black soil
114.5,62.1,61.8,28.78,60.96,6.53,634.7,tomato,alluvial soil
16.8,28.4,23.8,26.3,58.71,7.13,518.6,greengram,black soil
95.8,62.4,65.6,33.02,43.68,6.81,705.9,pomegranate,black soil
95.6,42.5,64.5,29.63,70.69,6.43,617.7,maize,alluvial soil
95.5,66.1,78.8,26.99,49.67,6.56,579.8,pomegranate,red soil
49.4,28.9,34.1,23.75,40.16,7.68,444.6,safflower,red soil
16.0,31.3,20.3,18.95,58.4,6.13,461.9,lentil,black soil
74.0,36.0,55.4,29.18,64.47,6.01,778.7,chilli,red soil
63.7,39.4,36.3,24.47,61.45,7.44,856.5,ragi,red soil
63.6,33.9,40.3,22.43,53.23,7.48,633.9,ragi,red soil
58.7,38.9,35.7,18.7,43.33,6.95,465.0,safflower,black soil
61.2,44.5,38.2,20.36,59.65,6.8,782.3,sunflower,black soil
124.0,70.0,93.1,16.31,50.95,9.33,1455.0,onion,black soil
59.6,57.3,13.5,14.25,53.34,8.06,1574.7,ragi,laterite soil
65.8,76.0,0.1,10.14,79.16,8.34,1744.4,wheat,laterite soil
111.1,50.9,63.7,24.86,71.06,6.35,951.1,tomato,red soil
2.1,74.3,33.0,17.89,43.62,6.0,268.4,grapes,black soil
37.6,44.9,26.0,26.57,65.59,7.62,857.6,pigeonpeas,black soil
77.6,50.3,59.5,25.48,55.66,7.15,898.8,maize,red soil
80.7,40.1,49.0,24.76,71.85,6.9,956.4,chilli,black soil
56.8,31.8,36.8,29.33,53.87,7.96,507.3,jowar,red soil
85.6,36.1,51.2,31.64,68.01,6.58,986.7,cotton,red soil
105.0,64.2,68.6,20.58,69.62,6.66,812.5,tomato,red soil
22.8,23.3,18.8,27.35,61.4,7.38,608.8,blackgram,black soil
53.5,47.5,52.4,28.43,59.84,6.99,683.0,sunflower,alluvial soil
46.9,28.4,41.1,21.84,45.66,7.88,548.7,safflower,black soil
57.0,39.8,35.3,27.86,64.42,7.19,778.7,ragi,laterite soil
30.6,32.1,34.3,25.99,77.64,6.07,778.7,soybean,black soil
88.4,56.7,63.0,22.84,68.45,7.1,756.1,maize,red soil
30.6,34.3,35.0,22.66,47.81,6.14,481.3,chickpea,black soil
75.7,44.0,58.8,22.61,69.14,6.77,677.0,chilli,black soil
77.0,43.9,46.9,28.02,56.84,6.51,732.7,chilli,red soil
42.3,34.5,38.7,29.62,58.16,6.31,500.2,bajra,red soil
37.8,41.2,33.6,31.66,45.64,7.89,848.4,pigeonpeas,red soil
53.2,23.5,36.8,33.72,51.7,7.88,635.4,bajra,alluvial soil
54.0,31.0,31.5,26.78,59.04,7.0,627.3,jowar,red soil
137.1,61.1,79.8,32.13,79.8,5.71,662.0,wheat,red soil
16.9,29.1,29.3,19.58,56.24,6.67,539.1,lentil,black soil
57.3,34.3,40.1,29.08,58.33,7.11,684.0,sunflower,alluvial soil
80.1,53.2,49.9,29.52,59.71,6.09,681.6,maize,black soil
80.2,58.8,61.1,21.14,55.78,5.76,848.8,maize,black soil
53.1,32.9,54.2,27.49,41.65,7.95,709.0,sunflower,alluvial soil
18.8,22.6,19.5,26.15,56.44,7.38,757.9,blackgram,black soil
43.4,24.7,76.8,17.75,84.59,7.0,1460.4,pigeonpeas,black soil
68.9,32.9,49.1,23.58,58.43,7.33,660.3,sunflower,red soil
87.0,69.4,65.0,28.88,51.27,7.0,597.7,pomegranate,black soil
108.7,53.6,61.5,23.38,66.02,7.04,709.2,onion,red soil
66.8,37.5,39.6,23.65,30.75,8.28,822.4,tomato,red soil
63.6,37.7,41.5,27.61,64.31,6.84,941.4,ragi,red soil
94.9,46.1,62.3,22.81,68.51,6.41,651.4,onion,alluvial soil
39.9,32.1,48.7,32.88,52.59,7.09,755.9,groundnut,red soil
98.2,25.1,14.6,10.17,55.79,5.97,1762.5,grapes,red soil
106.7,49.7,53.7,23.28,65.51,6.85,719.0,onion,red soil
61.3,48.6,42.9,30.7,55.24,6.82,544.8,cotton,black soil
28.7,33.2,29.8,27.62,69.06,6.01,724.1,blackgram,red soil
25.8,31.6,25.1,26.41,62.59,6.52,602.1,blackgram,red soil
102.1,61.0,63.6,29.95,61.78,6.87,1263.7,sugarcane,alluvial soil
33.1,34.7,33.1,24.36,79.73,6.74,689.0,soybean,alluvial soil
26.8,41.7,37.2,30.57,57.08,6.48,803.3,groundnut,alluvial soil
99.3,56.9,99.4,25.06,64.16,7.46,787.5,grapes,black soil
28.6,27.9,23.3,32.84,53.14,6.72,704.1,blackgram,black soil
20.4,28.4,29.7,27.32,61.37,7.33,449.9,lentil,alluvial soil
116.7,54.5,84.1,34.2,72.37,7.43,1243.0,sugarcane,alluvial soil
72.9,45.0,52.6,18.59,52.84,6.47,482.7,wheat,alluvial soil
33.8,37.3,43.5,27.88,79.54,7.08,665.9,soybean,black soil
109.9,67.1,74.8,30.47,84.98,7.11,1609.4,sugarcane,black soil
87.8,40.4,60.6,29.47,69.6,7.06,816.6,chilli,red soil
61.3,45.4,54.6,24.47,56.18,6.75,661.8,sunflower,black soil
36.6,23.1,37.9,32.47,40.39,7.7,514.1,bajra,red soil
1.4,2.5,86.1,20.72,55.08,8.23,2097.0,pigeonpeas,red soil
73.5,55.6,57.2,28.54,63.96,5.62,807.4,maize,red soil
21.6,27.7,25.8,19.18,54.97,7.14,499.7,lentil,alluvial soil
46.0,26.3,41.8,25.26,57.9,7.58,464.3,jowar,red soil
47.0,33.3,39.9,29.43,43.27,6.24,567.7,bajra,red soil
76.1,43.0,51.1,11.66,33.39,5.47,1084.0,lentil,red soil
27.0,22.7,24.2,26.89,57.95,6.87,526.2,blackgram,red soil
18.5,25.0,21.6,30.29,54.38,6.52,694.4,greengram,black soil
115.3,53.8,87.5,26.63,65.37,7.31,767.0,grapes,red soil
25.5,29.4,23.8,27.56,59.43,7.5,561.9,chickpea,black soil
76.9,46.1,53.5,16.19,68.27,6.88,559.0,wheat,alluvial soil
95.8,55.6,67.7,26.78,69.26,6.73,837.7,tomato,alluvial soil
19.3,32.7,21.9,34.76,66.7,6.93,748.8,greengram,alluvial soil
136.7,67.6,67.3,28.49,61.41,6.79,1290.5,sugarcane,alluvial soil
102.4,61.7,83.2,29.39,69.15,6.85,1578.5,sugarcane,black soil
40.5,39.5,42.4,20.16,42.61,6.54,516.9,safflower,black soil
16.0,27.5,23.8,31.51,63.54,6.54,762.3,greengram,black soil
41.3,38.0,41.2,24.05,64.93,7.05,946.6,ragi,red soil
69.0,48.0,32.1,41.34,78.59,9.41,2218.3,lentil,red soil
35.5,44.2,25.2,23.33,53.17,7.69,893.7,pigeonpeas,red soil
71.4,55.4,55.8,27.38,64.73,5.99,694.0,maize,red soil
89.8,57.4,68.4,24.7,61.28,6.55,977.7,onion,red soil
33.6,72.2,48.3,43.16,38.88,5.78,2188.4,ragi,black soil
46.8,26.7,32.3,26.38,57.28,7.11,533.3,jowar,black soil
66.0,49.4,47.8,28.94,63.59,6.59,855.9,cotton,red soil
106.6,47.7,95.1,10.42,32.84,8.67,943.3,sugarcane,red soil
25.7,33.9,18.0,30.65,57.48,6.86,653.5,blackgram,red soil
8.2,0.8,70.9,17.18,69.23,9.12,2175.3,blackgram,laterite soil
118.6,63.3,73.3,20.03,65.69,6.89,742.1,tomato,red soil
99.7,43.2,16.8,29.05,91.63,8.52,1340.9,wheat,alluvial soil
70.9,3.8,61.4,17.21,75.05,7.06,1882.4,ragi,black soil
57.7,28.7,33.3,21.82,41.29,7.68,590.2,safflower,red soil
57.3,40.7,52.6,27.28,43.52,7.9,727.6,sunflower,red soil
2.7,39.6,2.4,13.81,26.17,6.0,1709.3,wheat,red soil
108.5,60.3,76.9,24.48,54.89,6.63,842.9,grapes,red soil
62.8,46.6,41.5,17.15,60.18,7.42,487.4,wheat,black soil
62.3,32.3,48.8,22.75,55.72,5.53,873.8,ragi,laterite soil
90.6,53.0,69.5,24.13,72.15,6.1,705.1,tomato,red soil
25.7,29.4,46.5,32.45,55.82,6.21,573.9,groundnut,red soil
28.5,28.5,16.7,29.42,68.31,6.11,710.2,blackgram,red soil
56.8,29.7,68.5,17.87,88.03,7.77,928.9,blackgram,black soil
22.4,34.9,26.6,19.28,53.56,6.15,559.6,lentil,black soil
79.0,35.2,60.8,25.88,59.45,7.09,756.8,chilli,red soil
47.2,46.8,71.3,35.54,76.35,8.48,2171.0,chickpea,black soil
109.9,59.8,79.6,26.88,58.26,6.96,757.1,pomegranate,red soil
37.2,43.4,43.9,28.35,59.48,6.97,854.6,groundnut,alluvial soil
70.4,39.9,54.0,19.69,64.07,7.02,595.9,wheat,alluvial soil
121.0,56.1,89.0,25.15,77.9,7.32,1457.4,sugarcane,alluvial soil
59.6,34.5,40.8,24.25,54.52,6.52,606.0,ragi,red soil
58.8,35.6,46.2,27.83,60.72,7.0,616.4,ragi,laterite soil
62.2,12.9,10.4,24.74,92.95,7.81,1630.9,safflower,black soil
95.3,44.7,56.8,24.9,59.86,6.82,998.7,maize,alluvial soil
77.5,50.9,60.0,22.83,63.81,6.26,723.9,chilli,red soil
58.8,26.7,98.0,44.78,25.56,4.74,1380.8,soybean,red soil
58.1,39.6,48.0,22.97,60.12,6.4,976.2,ragi,red soil
134.0,51.0,85.5,32.21,70.95,7.27,1209.5,sugarcane,alluvial soil
20.1,26.9,45.8,27.36,62.32,6.24,772.3,groundnut,red soil
41.9,19.4,47.5,34.61,81.28,8.54,951.7,ragi,black soil
28.1,27.2,28.0,34.57,68.13,7.31,663.5,blackgram,red soil
30.0,34.6,26.7,22.25,59.72,6.64,680.0,pigeonpeas,black soil
51.3,40.4,48.4,22.85,67.29,5.74,917.4,ragi,red soil
88.5,54.6,60.7,22.96,74.58,6.77,980.1,maize,alluvial soil
73.1,48.8,45.2,26.97,67.79,5.88,661.0,maize,red soil
42.4,27.7,37.2,19.66,36.98,7.92,417.4,safflower,red soil
42.2,7.9,0.9,11.59,45.11,8.86,1866.5,chilli,red soil
15.6,27.8,25.6,21.85,50.07,7.13,484.3,lentil,black soil
49.8,49.3,35.3,28.76,67.01,6.74,783.8,soybean,black soil
37.2,25.9,40.0,34.05,43.06,7.48,522.8,bajra,alluvial soil
82.1,46.6,58.2,26.6,65.91,7.5,631.9,chilli,red soil
90.7,46.6,57.3,23.39,60.38,6.15,782.0,chilli,black soil
72.1,37.0,54.2,24.27,66.33,6.19,465.6,wheat,black soil
60.7,42.7,47.3,40.79,53.01,6.4,2466.0,maize,laterite soil
11.3,74.8,45.7,29.06,40.4,7.73,1429.8,wheat,alluvial soil
23.0,26.9,33.5,29.65,43.3,7.43,443.4,chickpea,black soil
102.5,12.2,38.7,11.98,76.31,5.86,2207.8,blackgram,black soil
59.1,35.2,34.6,20.82,44.18,6.66,646.4,safflower,red soil
40.7,28.0,43.5,24.73,38.61,7.56,590.2,safflower,black soil
86.1,51.0,52.5,20.92,67.83,7.41,980.5,onion,alluvial soil
43.0,37.7,33.6,17.11,54.38,6.63,601.2,safflower,black soil
83.0,20.4,40.4,41.61,67.8,5.17,2143.1,sugarcane,red soil
57.9,25.7,44.2,18.41,44.91,6.59,471.5,safflower,black soil
18.5,28.5,28.6,18.57,52.88,7.39,575.7,lentil,black soil
74.6,61.1,30.0,34.29,63.8,6.1,1073.9,pigeonpeas,laterite soil
39.8,28.8,29.8,32.14,45.34,6.86,442.7,bajra,red soil
92.2,48.9,68.9,22.24,55.42,7.02,629.4,onion,black soil
134.4,52.9,65.2,31.91,68.72,7.35,1840.2,sugarcane,black soil
41.3,34.7,39.3,29.12,57.17,7.33,736.5,jowar,red soil
131.1,62.0,79.6,30.79,63.12,6.74,1230.1,sugarcane,black soil
82.8,66.1,82.0,33.54,54.38,7.04,672.0,pomegranate,red soil
51.2,31.9,44.4,24.92,39.23,7.64,443.7,safflower,black soil
44.5,27.9,33.0,28.49,43.81,6.38,636.6,bajra,red soil
92.4,66.2,90.6,28.4,68.94,6.93,742.8,grapes,red soil
99.2,50.7,82.0,26.1,51.01,6.67,739.1,pomegranate,black soil
94.3,47.6,52.8,24.96,57.66,6.2,779.5,maize,alluvial soil
43.1,39.5,31.7,21.5,50.99,7.02,457.8,safflower,red soil
17.2,32.5,28.5,26.42,48.76,7.23,458.1,lentil,alluvial soil
76.0,45.1,40.1,21.05,64.68,6.23,610.9,wheat,black soil
34.4,29.4,33.6,28.9,69.12,6.35,545.0,groundnut,red soil
46.8,28.5,35.7,26.05,40.19,6.44,462.0,bajra,red soil
67.6,49.1,52.6,17.68,56.66,6.26,599.8,wheat,alluvial soil
20.9,29.4,25.8,26.57,59.77,6.7,574.4,lentil,black soil
61.0,32.4,52.8,24.35,57.88,7.45,668.3,sunflower,black soil
92.9,55.0,61.3,24.19,67.1,6.37,852.0,tomato,alluvial soil
41.3,31.2,37.1,34.19,54.23,7.42,492.8,bajra,alluvial soil
36.3,14.1,39.0,27.72,87.09,9.41,2479.7,blackgram,alluvial soil
108.5,52.0,59.8,22.1,56.91,7.39,876.3,onion,black soil
82.7,44.7,64.4,29.27,62.16,5.89,988.1,maize,alluvial soil
15.5,28.0,23.3,18.34,54.11,7.04,542.2,lentil,alluvial soil
21.9,33.9,29.2,27.75,48.78,6.6,545.9,lentil,black soil
71.1,37.2,49.9,24.49,52.65,7.03,898.4,cotton,red soil
132.9,37.9,61.3,35.89,62.19,5.09,202.3,bajra,laterite soil
78.6,38.6,54.5,35.42,66.57,6.85,2223.5,groundnut,black soil
25.1,44.9,29.4,28.09,53.82,7.64,779.0,pigeonpeas,red soil
84.9,36.8,53.9,27.68,67.12,6.39,781.5,chilli,red soil
43.4,24.9,33.0,26.62,44.75,7.6,487.1,bajra,alluvial soil
52.2,30.6,38.2,29.63,62.21,7.34,729.5,jowar,red soil
114.4,54.5,81.6,27.26,50.44,7.31,877.0,grapes,red soil
60.0,30.4,33.4,17.71,53.14,7.48,528.3,safflower,black soil
71.6,49.0,49.5,23.7,61.12,6.38,814.3,maize,red soil
61.6,44.7,45.3,27.9,54.89,7.35,785.0,ragi,red soil
125.4,21.7,45.2,10.97,35.33,6.89,1185.4,pigeonpeas,black soil
97.2,59.1,48.9,22.2,73.46,7.39,979.2,maize,black soil
61.2,36.1,1.0,23.71,83.7,5.28,2408.2,lentil,laterite soil
50.6,22.7,33.8,33.64,40.86,7.68,536.6,bajra,red soil
88.5,51.7,58.3,23.94,69.44,6.48,666.2,maize,alluvial soil
25.1,33.5,22.8,23.5,52.72,6.16,541.9,chickpea,black soil
83.9,62.2,70.2,30.95,52.16,6.62,787.3,pomegranate,red soil
69.1,38.4,40.8,24.4,59.8,6.5,614.3,wheat,alluvial soil
93.1,35.3,95.9,17.07,28.51,4.79,541.0,pomegranate,black soil
57.6,30.1,44.7,15.73,42.23,7.66,516.1,safflower,red soil
18.6,25.5,26.6,27.05,64.49,7.03,558.2,blackgram,red soil
77.5,47.3,41.0,33.82,67.84,7.65,665.8,cotton,red soil
74.1,47.1,40.4,21.7,52.69,7.11,550.4,wheat,black soil
23.7,32.9,24.9,23.15,48.94,7.4,522.1,lentil,black soil
77.7,27.7,66.4,36.38,43.88,6.18,1550.8,ragi,alluvial soil
52.0,33.3,40.1,22.73,43.15,7.73,475.8,safflower,red soil
97.3,59.6,66.0,24.1,68.34,6.22,928.9,onion,alluvial soil
65.8,32.1,53.5,22.79,55.35,6.99,570.0,sunflower,black soil
103.3,51.0,97.0,26.14,68.08,6.6,646.7,grapes,black soil
19.2,29.7,29.4,27.03,51.44,7.31,583.7,lentil,black soil
103.7,62.4,78.7,30.22,83.08,7.05,1810.8,sugarcane,black soil
27.9,34.8,21.4,32.84,61.45,6.84,770.7,greengram,black soil
13.1,4.9,14.1,19.58,40.91,4.86,702.5,ragi,laterite soil
43.4,31.4,37.2,24.68,66.67,6.76,677.4,ragi,laterite soil
76.4,41.0,50.5,27.9,58.65,6.18,776.5,chilli,black soil
60.3,36.1,48.7,24.51,64.0,7.42,821.3,cotton,red soil
91.7,49.8,63.1,19.69,63.2,6.26,810.7,onion,black soil
26.9,28.6,28.0,29.28,66.08,7.45,565.6,greengram,black soil
51.2,39.4,44.0,28.99,49.33,7.88,620.3,sunflower,black soil
42.4,36.9,43.6,29.6,61.36,7.41,715.6,ragi,laterite soil
52.6,23.9,36.3,32.4,56.94,7.31,504.9,bajra,red soil
88.4,49.8,57.1,32.02,57.93,6.36,783.1,cotton,black soil
85.2,18.1,56.7,14.28,81.48,5.56,1443.6,greengram,alluvial soil
108.9,60.7,75.8,33.98,53.16,6.81,723.9,pomegranate,black soil
119.6,54.1,92.6,38.57,53.68,9.17,1115.4,wheat,alluvial soil
111.0,55.8,70.1,26.33,67.62,6.68,679.7,tomato,alluvial soil
89.5,53.9,53.3,28.36,70.36,6.26,968.8,maize,red soil
67.3,41.9,50.5,19.13,65.65,7.19,571.6,wheat,black soil
15.5,32.9,21.4,22.18,59.65,6.28,501.0,lentil,black soil
41.0,43.1,36.6,26.52,79.44,7.26,737.4,soybean,alluvial soil
78.2,40.7,51.1,30.07,66.11,6.44,756.3,cotton,red soil
44.9,25.9,44.6,16.64,38.33,7.09,557.2,safflower,red soil
80.6,44.0,51.2,28.88,56.78,5.9,795.9,maize,red soil
72.9,7.2,39.5,19.35,50.16,6.54,1210.4,soybean,laterite soil
69.3,46.3,53.6,22.63,54.16,7.91,504.5,sunflower,red soil
98.7,51.5,71.9,29.54,73.16,6.38,700.1,tomato,alluvial soil
115.2,23.4,3.9,34.46,86.32,8.98,737.9,soybean,red soil
102.7,69.3,73.2,29.5,67.6,7.23,892.2,grapes,red soil
70.5,42.4,50.3,19.05,58.25,7.29,467.6,wheat,alluvial soil
55.2,43.4,45.7,20.8,53.85,6.99,627.0,sunflower,alluvial soil
35.7,40.1,35.8,30.45,65.88,7.63,686.9,pigeonpeas,black soil
121.6,60.5,64.0,30.92,73.29,6.71,1572.6,sugarcane,alluvial soil
69.5,38.8,44.2,31.82,66.31,6.74,733.4,cotton,red soil
26.8,37.0,24.7,25.96,40.22,6.16,488.9,chickpea,black soil
17.5,27.2,24.2,27.62,66.05,6.86,703.0,greengram,black soil
47.5,33.9,41.5,27.92,68.12,6.7,615.2,ragi,red soil
37.2,31.8,29.9,31.57,64.68,6.52,606.4,pigeonpeas,red soil
72.6,49.5,48.1,24.53,50.11,7.84,904.9,cotton,red soil
59.6,34.6,45.1,26.11,55.64,7.14,512.2,sunflower,black soil
62.7,31.7,47.4,28.66,51.91,6.05,733.5,ragi,laterite soil
18.0,28.1,22.6,32.34,53.16,7.1,764.5,blackgram,black soil
119.5,61.1,85.3,26.12,60.05,6.57,708.4,grapes,black soil
40.2,40.7,37.8,22.15,61.06,6.32,712.8,ragi,red soil
116.4,69.5,87.9,22.92,55.81,6.56,626.0,grapes,black soil
103.6,51.6,63.5,23.54,62.89,6.13,717.2,tomato,red soil
22.7,27.5,27.7,25.56,58.58,6.38,556.8,blackgram,red soil
41.4,44.4,40.5,23.96,65.03,5.53,638.8,ragi,laterite soil
44.9,34.2,37.0,22.77,65.46,7.35,733.6,soybean,black soil
82.9,54.6,48.6,22.52,74.26,6.49,661.5,maize,alluvial soil
32.1,42.6,31.9,28.91,69.07,7.86,892.7,pigeonpeas,red soil
52.6,39.8,39.3,31.76,46.97,7.16,533.4,jowar,black soil
84.3,38.0,51.0,30.45,51.83,6.14,757.9,cotton,red soil
74.8,40.4,44.3,32.18,64.64,6.13,523.5,cotton,red soil
17.5,34.6,22.4,22.23,55.85,7.29,478.6,lentil,alluvial soil
77.1,38.8,53.6,23.98,61.76,7.05,616.3,chilli,black soil
115.1,20.9,45.3,26.1,26.52,6.68,2177.5,sunflower,alluvial soil
48.2,43.0,42.0,25.12,52.57,6.45,673.2,ragi,laterite soil
97.0,47.9,57.1,24.19,69.66,7.16,934.7,onion,alluvial soil
78.4,73.3,9.0,44.95,73.08,6.06,2140.3,pomegranate,black soil
20.5,28.1,24.8,21.95,50.54,6.42,427.3,lentil,alluvial soil
28.4,27.9,17.9,25.65,62.49,6.93,607.7,blackgram,red soil
94.0,53.6,71.6,29.94,77.65,6.94,610.8,tomato,red soil
23.2,32.2,21.2,34.69,69.82,6.13,646.6,blackgram,black soil
15.8,33.9,27.1,20.55,55.45,6.01,490.1,lentil,black soil
52.5,37.2,30.7,26.99,60.48,7.53,469.0,jowar,black soil
99.8,61.5,92.6,27.45,62.4,6.87,796.6,grapes,black soil
131.2,68.5,85.2,36.83,59.56,8.25,1678.5,onion,red soil
17.9,29.0,16.8,26.13,61.47,6.13,765.5,blackgram,red soil
75.7,39.5,42.4,19.97,54.72,6.16,511.2,wheat,alluvial soil
24.3,17.7,40.6,36.57,69.43,8.12,469.8,sugarcane,black soil
112.4,64.6,62.4,31.87,64.7,6.55,1325.9,sugarcane,alluvial soil
100.2,54.5,65.6,28.54,68.91,6.89,1287.8,sugarcane,alluvial soil
41.4,39.4,44.6,27.14,63.34,6.42,897.0,soybean,black soil
33.0,30.8,22.4,23.15,59.79,6.62,456.7,chickpea,black soil
39.8,43.1,47.5,28.09,52.37,6.59,729.6,groundnut,red soil
44.8,48.6,36.7,29.67,78.06,6.3,785.6,soybean,alluvial soil
31.3,38.2,25.2,20.77,57.34,7.14,552.8,chickpea,red soil
69.9,51.7,54.3,25.75,63.0,6.81,745.1,cotton,red soil
40.9,31.6,33.7,33.53,44.04,7.33,575.0,bajra,red soil
21.3,25.0,22.3,24.2,63.01,7.05,448.4,lentil,alluvial soil
84.5,47.6,52.2,21.11,72.63,6.77,839.2,onion,black soil
83.6,43.7,61.5,21.85,72.56,7.49,627.1,onion,alluvial soil
27.2,22.7,23.2,25.63,67.42,7.21,641.0,greengram,alluvial soil
78.1,46.8,54.6,30.94,58.63,6.8,611.7,cotton,red soil
47.9,31.0,27.9,22.3,64.32,7.22,953.4,soybean,black soil
54.9,25.9,39.3,27.26,51.02,6.74,617.7,bajra,red soil
57.8,41.1,41.8,24.85,68.08,7.36,852.4,ragi,red soil
49.3,25.5,30.2,23.56,39.2,7.86,458.9,safflower,red soil
19.8,24.0,22.2,27.07,69.86,7.08,798.3,greengram,alluvial soil
112.1,46.4,60.3,16.25,74.87,7.21,618.2,groundnut,alluvial soil
48.0,27.7,42.8,15.7,54.6,6.71,407.5,safflower,red soil
94.4,48.8,45.3,30.62,65.75,4.57,1899.2,wheat,laterite soil
94.8,75.6,89.7,39.95,71.17,9.0,515.9,pomegranate,laterite soil
51.6,33.3,33.0,25.39,62.98,7.89,589.6,jowar,black soil
22.6,29.6,24.7,26.1,59.52,6.63,657.6,greengram,black soil
15.1,33.6,27.6,19.09,49.39,7.04,542.2,lentil,black soil
74.6,55.5,64.9,27.88,62.13,6.44,791.4,maize,alluvial soil
86.0,69.3,89.4,26.31,52.32,6.94,757.9,pomegranate,red soil
99.7,51.2,80.3,27.9,58.94,6.73,616.5,pomegranate,red soil
100.6,66.5,60.1,34.51,58.67,7.13,671.3,pomegranate,red soil
21.2,36.8,35.0,27.54,52.64,6.88,476.4,chickpea,black soil
75.9,43.4,56.5,28.88,57.4,7.95,904.0,cotton,red soil
73.6,73.1,75.2,29.92,53.22,5.15,1754.9,grapes,alluvial soil
122.6,37.2,43.0,22.49,23.35,5.08,1360.4,maize,red soil
38.6,33.3,41.9,26.56,52.66,6.89,724.7,groundnut,red soil
108.2,63.1,86.2,34.39,58.4,7.31,543.3,pomegranate,black soil
15.4,30.7,15.4,25.19,51.14,6.44,527.2,blackgram,red soil
62.9,32.0,48.8,28.25,45.91,6.69,667.8,sunflower,alluvial soil
112.3,51.4,37.1,30.28,70.25,9.01,2232.0,safflower,black soil
30.5,41.1,34.3,27.89,66.92,6.64,833.8,pigeonpeas,red soil
71.5,39.9,62.8,29.16,62.51,7.16,782.2,chilli,black soil
50.1,38.8,36.6,30.03,64.84,6.65,608.0,jowar,red soil
82.8,63.7,76.0,34.49,49.43,7.21,796.0,pomegranate,red soil
46.0,37.1,71.5,11.09,66.19,5.22,1685.2,bajra,black soil
62.7,25.4,98.4,44.68,81.5,4.69,1179.8,safflower,red soil
45.5,29.4,40.3,25.61,59.52,7.25,522.8,jowar,red soil
47.4,28.0,41.9,29.41,62.16,7.99,684.2,jowar,red soil
6.4,42.3,86.3,10.49,75.5,4.81,1963.2,grapes,alluvial soil
23.7,34.8,32.6,24.0,42.5,7.87,608.5,chickpea,black soil
23.8,26.3,27.4,18.54,48.09,6.58,597.2,lentil,alluvial soil
46.8,31.5,42.2,20.36,65.11,6.19,929.0,ragi,red soil
40.7,35.0,37.9,23.51,70.27,7.21,789.3,soybean,black soil
62.3,30.2,46.4,24.03,57.95,6.08,998.6,ragi,laterite soil
79.7,45.4,41.9,24.02,55.31,6.45,640.3,wheat,black soil
36.9,36.8,30.6,27.2,65.4,7.23,847.1,soybean,black soil
55.4,60.1,8.7,17.73,82.56,9.09,2163.8,jowar,red soil
15.6,55.0,11.3,36.69,41.05,6.34,2353.9,pomegranate,black soil
108.3,63.1,94.8,20.41,56.4,7.46,894.8,grapes,black soil
120.0,0.8,47.6,35.13,54.82,6.41,220.6,tomato,black soil
43.9,37.1,32.9,29.82,75.81,5.77,2005.1,onion,alluvial soil
105.9,61.4,63.1,31.15,71.99,7.18,1569.5,sugarcane,black soil
48.3,31.8,34.8,17.51,44.34,7.24,449.9,safflower,black soil
10.8,22.7,0.1,43.09,44.92,6.99,800.4,wheat,alluvial soil
83.5,61.7,77.8,28.55,48.08,6.9,741.8,pomegranate,black soil
91.5,75.1,99.0,34.47,88.7,7.69,2064.5,groundnut,laterite soil
116.6,55.4,63.1,25.12,77.22,6.85,841.3,tomato,alluvial soil
16.8,78.5,30.4,17.53,21.18,4.81,2107.3,pomegranate,alluvial soil
25.1,30.5,27.4,25.74,53.47,6.62,758.7,greengram,alluvial soil
100.0,49.3,43.3,16.64,29.55,7.36,1060.1,soybean,alluvial soil
50.3,34.5,31.5,23.83,45.87,7.09,477.3,safflower,black soil
22.8,31.5,31.1,20.53,51.49,7.56,425.6,chickpea,red soil
95.4,40.6,67.5,19.72,73.25,6.18,602.8,onion,alluvial soil
47.0,37.5,40.6,24.67,60.69,7.35,973.2,ragi,laterite soil
105.8,33.8,10.9,18.3,54.06,9.05,1450.1,sugarcane,alluvial soil
101.9,10.6,21.0,19.27,43.53,6.03,336.0,bajra,black soil
89.2,63.8,61.7,25.6,57.13,6.91,612.5,pomegranate,red soil
137.2,67.2,67.7,33.11,62.78,6.76,1373.9,sugarcane,alluvial soil
93.2,43.7,47.7,25.71,60.59,6.11,703.6,chilli,red soil
34.5,37.0,31.7,33.54,67.24,6.62,717.8,pigeonpeas,black soil
62.2,37.9,45.3,21.15,53.72,6.31,582.6,wheat,black soil
70.5,48.7,49.0,24.42,64.49,6.3,488.7,wheat,black soil
53.9,27.3,43.5,18.57,41.46,7.71,476.8,safflower,black soil
97.9,57.9,62.2,25.12,57.52,7.36,907.5,onion,alluvial soil
93.4,1.7,21.2,24.61,90.42,8.56,643.2,onion,black soil
80.5,56.7,64.6,20.69,60.94,6.71,951.3,onion,alluvial soil
82.7,49.3,57.3,26.55,59.09,6.54,813.5,chilli,red soil
99.9,61.3,55.8,27.06,70.56,6.59,975.3,tomato,red soil
102.8,56.2,68.7,27.28,42.41,6.85,527.4,pomegranate,red soil
50.8,27.8,31.9,21.07,36.55,7.28,592.4,safflower,red soil
81.4,58.7,62.2,22.22,55.4,7.48,739.0,onion,black soil
70.4,40.4,52.5,33.74,60.08,6.65,607.5,cotton,red soil
54.8,25.5,39.6,26.25,57.92,8.09,530.7,jowar,black soil
19.7,28.1,21.3,19.63,59.1,6.95,555.3,lentil,black soil
65.4,51.0,46.9,32.0,56.45,6.65,925.7,cotton,black soil
63.7,35.5,45.8,23.47,52.28,6.56,476.8,wheat,black soil
89.7,50.1,54.5,25.13,56.43,7.16,600.8,chilli,black soil
53.3,34.7,33.0,34.55,53.29,6.85,402.3,bajra,alluvial soil
60.5,41.4,44.2,32.12,56.28,7.98,518.2,cotton,black soil
52.0,45.2,39.3,22.17,49.98,7.64,509.3,sunflower,black soil
100.3,50.3,97.8,23.69,53.78,7.34,764.9,grapes,black soil
94.1,50.9,68.1,28.16,79.0,6.41,840.1,tomato,red soil
54.0,27.2,32.1,24.12,35.49,7.05,515.3,safflower,black soil
47.1,45.5,30.9,23.4,64.86,6.49,983.5,soybean,black soil
110.9,51.5,84.9,34.13,70.73,7.47,1366.0,sugarcane,black soil
129.3,57.3,63.3,34.0,76.69,6.66,1693.5,sugarcane,black soil
15.2,30.9,20.6,23.83,48.92,6.22,472.6,lentil,alluvial soil
78.1,59.6,51.4,27.84,67.33,7.1,990.6,maize,red soil
77.2,52.5,47.2,28.16,60.66,7.6,674.3,cotton,black soil
13.0,47.6,65.6,18.12,46.6,5.0,1259.4,tomato,alluvial soil
25.7,73.2,26.6,31.3,36.24,7.73,2009.1,grapes,laterite soil
36.2,37.5,44.0,26.81,51.13,6.71,565.3,groundnut,alluvial soil
47.3,32.5,43.1,20.37,56.16,5.87,695.3,ragi,red soil
41.9,32.4,35.7,20.45,38.88,7.23,449.7,safflower,black soil
92.2,55.7,82.2,32.18,59.5,7.05,620.2,pomegranate,black soil
92.1,47.3,74.7,24.13,74.24,6.75,689.0,tomato,alluvial soil
27.6,38.2,39.7,28.45,64.03,7.14,862.9,groundnut,red soil
22.4,30.4,30.6,29.57,43.07,7.18,516.8,chickpea,red soil
78.8,39.9,49.9,27.66,65.25,7.37,844.0,cotton,black soil
18.6,28.7,20.2,26.94,57.21,6.54,793.5,blackgram,red soil
134.0,57.9,81.7,26.88,72.43,6.54,1411.0,sugarcane,black soil
53.0,33.5,35.2,34.57,53.17,7.89,607.8,bajra,alluvial soil
27.8,41.4,84.3,35.92,93.9,9.2,439.7,chickpea,laterite soil
31.2,33.1,34.2,22.33,61.79,6.07,935.8,soybean,alluvial soil
60.5,34.6,48.1,28.91,57.66,6.7,933.6,ragi,red soil
26.1,26.0,20.3,26.16,68.15,6.71,660.5,greengram,alluvial soil
71.4,35.5,40.5,20.74,64.54,6.8,497.6,wheat,alluvial soil
54.0,19.5,53.2,34.74,50.84,7.54,910.3,pomegranate,red soil
78.1,37.6,54.9,33.02,58.03,7.9,668.2,cotton,red soil
58.8,37.5,34.5,23.44,52.51,6.89,498.3,safflower,black soil
53.6,38.8,43.9,26.31,65.3,6.28,904.6,ragi,red soil
24.3,28.0,26.3,21.31,61.68,6.53,517.0,lentil,black soil
28.9,35.8,29.6,27.23,59.06,7.77,507.6,chickpea,red soil
88.7,68.0,89.8,32.97,51.78,6.86,667.9,pomegranate,black soil
28.6,33.3,36.7,31.99,56.86,7.9,720.1,pigeonpeas,black soil
114.0,16.7,48.2,34.64,31.42,8.45,475.8,blackgram,alluvial soil
128.1,32.6,97.6,18.83,34.42,5.8,2391.6,soybean,alluvial soil
114.5,63.9,95.4,28.72,46.68,5.99,1920.6,maize,laterite soil
118.8,68.4,72.4,23.22,50.61,7.42,681.7,grapes,red soil
94.9,51.2,54.9,27.99,62.6,6.07,732.1,chilli,red soil
137.3,4.9,13.8,43.01,65.24,5.71,821.3,chickpea,black soil
135.0,30.7,97.2,18.12,65.11,8.77,1469.5,jowar,black soil
70.4,41.0,53.7,21.28,50.29,6.91,568.0,wheat,black soil
17.0,55.1,59.4,29.65,74.65,7.03,1020.6,pomegranate,red soil
93.7,62.0,68.4,28.36,51.51,7.38,565.8,pomegranate,black soil
24.6,25.5,44.6,31.49,63.53,6.43,754.7,groundnut,alluvial soil
97.1,11.5,74.3,21.96,37.03,8.38,1346.2,onion,laterite soil
79.5,40.3,45.4,17.87,68.81,7.01,544.4,wheat,alluvial soil
62.2,37.5,36.7,25.15,66.62,6.5,880.6,ragi,laterite soil
100.4,53.8,91.2,28.77,65.97,6.87,635.0,grapes,red soil
30.7,21.0,67.1,10.97,94.23,8.18,1761.4,blackgram,laterite soil
81.0,55.2,45.3,28.54,61.97,7.37,728.5,maize,red soil
17.0,28.3,22.2,25.67,51.35,6.6,567.9,lentil,alluvial soil
43.0,41.1,56.3,35.43,74.03,6.18,2249.3,bajra,red soil
61.9,17.8,76.1,11.74,89.63,4.54,1039.5,sunflower,laterite soil
51.6,74.5,60.0,21.65,51.65,5.22,652.3,soybean,red soil
19.7,28.0,25.5,29.52,64.23,6.67,693.3,greengram,alluvial soil
96.7,51.7,68.9,29.58,77.74,6.13,888.2,tomato,alluvial soil
52.9,42.8,43.8,20.69,52.42,6.47,641.9,ragi,laterite soil
40.3,45.5,25.1,27.72,78.21,6.37,683.1,soybean,alluvial soil
83.1,57.1,64.9,25.61,65.81,6.79,895.5,onion,black soil
73.0,46.4,53.4,15.83,58.03,6.62,533.1,wheat,alluvial soil
21.4,25.5,24.6,22.38,50.88,6.18,484.2,lentil,black soil
39.7,32.6,31.0,29.61,78.41,7.35,614.2,soybean,black soil
1.7,57.9,53.1,39.49,89.01,4.97,1798.9,jowar,black soil
51.7,47.1,36.1,21.53,49.31,7.84,721.9,sunflower,black soil
16.3,26.6,27.6,31.34,52.4,6.56,525.8,greengram,black soil
58.7,31.8,40.2,22.45,35.22,7.34,627.2,safflower,black soil
80.1,47.8,62.1,24.7,65.55,7.46,823.1,chilli,red soil
29.6,21.8,21.4,28.72,54.56,6.33,698.7,blackgram,black soil
23.3,34.5,27.6,20.32,50.36,7.04,499.5,lentil,alluvial soil
97.7,52.2,57.5,26.71,71.55,7.34,948.8,chilli,black soil
133.1,72.7,16.9,40.7,41.54,5.3,595.4,jowar,alluvial soil
26.7,32.3,34.9,29.07,67.12,6.52,788.7,pigeonpeas,black soil
111.8,54.8,78.8,23.61,54.5,6.98,825.1,grapes,black soil
18.1,28.5,26.8,24.43,56.76,6.84,482.5,lentil,black soil
34.9,46.1,37.3,24.74,73.22,6.8,666.3,soybean,alluvial soil
129.8,40.2,41.8,17.39,85.82,7.17,1618.0,greengram,laterite soil
51.1,34.1,2.1,24.06,56.12,4.69,1397.4,blackgram,alluvial soil
84.8,9.5,11.0,35.01,82.15,4.6,1070.1,tomato,red soil
118.9,64.3,98.9,21.9,55.51,7.44,819.5,grapes,black soil
25.1,25.4,26.1,34.36,59.69,7.36,549.1,blackgram,red soil
41.6,27.3,35.3,26.31,53.27,7.05,497.1,bajra,alluvial soil
32.5,52.5,45.1,26.53,73.32,5.69,1509.7,maize,laterite soil
75.7,39.6,51.4,28.34,59.5,7.2,748.4,cotton,black soil
102.7,66.4,85.2,38.32,85.15,8.4,1678.0,jowar,alluvial soil
114.9,67.7,75.0,32.71,65.23,7.22,1590.5,sugarcane,black soil
95.1,56.0,73.8,30.8,57.04,6.82,712.1,pomegranate,black soil
36.6,22.5,33.7,30.86,42.26,7.02,574.9,bajra,alluvial soil
49.4,39.4,43.7,28.91,76.46,7.4,806.4,soybean,black soil
11.2,54.2,20.2,38.26,46.36,5.76,1148.2,maize,laterite soil
58.4,48.6,54.5,24.3,57.25,6.83,703.1,sunflower,red soil
37.9,47.7,35.9,24.62,61.47,6.84,647.9,soybean,alluvial soil
98.3,52.0,87.1,28.46,69.4,7.27,620.0,grapes,red soil
95.3,63.0,92.3,25.33,58.8,6.91,748.3,grapes,red soil
29.2,22.5,22.8,31.67,56.15,6.56,641.6,blackgram,black soil
89.1,73.4,82.4,42.41,44.39,9.34,699.2,safflower,black soil
101.7,48.4,59.9,27.22,65.32,6.93,925.5,tomato,red soil
50.6,35.6,31.9,15.12,41.44,7.87,633.2,safflower,red soil
58.1,49.5,38.9,27.9,42.74,6.8,587.8,sunflower,black soil
103.8,62.9,61.1,34.99,44.5,7.22,701.3,pomegranate,red soil
82.7,49.4,47.1,29.67,58.66,6.12,847.0,chilli,black soil
45.1,33.5,39.8,31.59,51.28,6.28,513.8,bajra,alluvial soil
47.2,28.1,28.3,32.96,46.64,6.5,480.9,bajra,red soil
61.8,25.3,23.1,29.49,74.7,5.6,2179.9,bajra,red soil
131.0,57.8,72.1,43.56,56.82,5.42,778.4,tomato,alluvial soil
69.2,46.9,59.0,30.03,66.33,6.59,647.7,cotton,black soil
100.5,67.8,71.8,24.38,55.02,6.93,733.4,grapes,black soil
97.0,48.1,58.3,21.23,76.21,6.36,961.8,tomato,red soil
26.5,27.1,24.4,26.47,65.37,7.26,660.0,greengram,alluvial soil
23.8,26.4,33.8,32.92,67.22,6.07,842.9,groundnut,red soil
96.9,77.0,98.5,18.22,38.87,5.92,912.3,groundnut,alluvial soil
35.7,40.6,25.4,27.0,73.92,6.49,660.8,soybean,black soil
73.8,9.9,69.2,25.32,33.67,4.83,2126.6,sugarcane,laterite soil
77.7,49.4,62.9,31.32,73.86,6.51,870.7,chilli,black soil
105.8,19.2,38.4,28.33,80.03,7.69,621.8,onion,alluvial soil
72.9,66.9,26.5,30.55,26.14,6.23,537.1,grapes,black soil
138.6,61.2,88.8,34.68,80.13,7.26,1767.7,sugarcane,alluvial soil
67.6,44.0,43.7,17.19,51.47,7.47,546.7,wheat,alluvial soil
80.4,48.6,51.6,19.49,42.06,8.59,1594.1,chickpea,alluvial soil
78.1,53.8,58.1,23.62,55.06,6.52,776.0,chilli,black soil
109.0,69.4,74.5,20.12,58.61,7.01,750.9,grapes,red soil
96.2,43.1,65.2,18.24,56.54,6.73,814.9,onion,black soil
89.1,69.4,61.0,29.03,56.16,6.69,575.8,pomegranate,red soil
33.7,31.6,28.8,26.69,45.23,6.79,493.4,chickpea,red soil
33.3,27.7,42.4,25.28,66.38,7.22,556.7,groundnut,red soil
39.8,41.3,40.6,26.61,67.85,6.87,663.9,soybean,black soil
37.1,23.8,30.8,32.43,52.0,6.55,614.8,bajra,red soil
75.5,41.1,46.4,23.98,61.93,6.48,552.8,wheat,alluvial soil
34.3,28.4,34.3,24.96,52.53,7.38,592.3,chickpea,black soil
46.3,36.2,40.9,22.18,60.1,5.81,640.4,ragi,laterite soil
97.1,43.3,65.7,23.89,74.52,7.3,858.9,onion,black soil
103.4,59.7,84.9,20.59,60.53,7.24,745.3,grapes,red soil
100.0,47.4,45.6,27.82,55.14,6.37,812.3,chilli,red soil
30.0,50.1,35.4,15.93,84.27,5.87,367.0,grapes,red soil
92.6,43.0,55.0,29.83,57.23,6.95,830.8,chilli,red soil
95.9,42.7,69.3,25.04,63.15,7.41,980.1,onion,red soil
22.6,32.5,22.3,23.64,60.94,7.34,442.6,lentil,black soil
26.3,27.8,32.7,23.43,46.83,7.18,579.4,chickpea,black soil
100.6,67.4,84.7,28.94,67.14,6.59,622.8,grapes,black soil
123.8,12.5,5.8,21.27,84.04,4.64,2254.7,greengram,alluvial soil
89.4,49.8,60.5,26.79,71.76,6.07,878.0,chilli,red soil
46.5,29.7,33.3,31.35,56.99,8.38,633.6,jowar,red soil
54.6,37.1,31.8,29.49,55.45,8.27,481.9,jowar,black soil
42.0,28.9,31.0,22.8,39.95,7.6,632.0,safflower,red soil
84.1,57.6,54.5,24.58,71.95,7.26,974.4,maize,alluvial soil
128.1,26.3,2.1,22.86,80.46,6.31,2234.5,ragi,alluvial soil
45.9,43.6,32.1,28.97,78.29,7.22,718.7,soybean,alluvial soil
57.3,32.7,35.1,31.05,56.16,6.88,543.3,jowar,red soil
22.4,29.6,21.6,33.91,62.08,6.35,548.2,blackgram,red soil
80.0,40.5,40.8,16.87,57.69,6.64,564.5,wheat,alluvial soil
113.0,21.0,41.2,27.57,50.89,6.7,1562.7,lentil,red soil
19.9,20.4,24.2,31.42,64.11,6.74,577.0,greengram,alluvial soil
89.5,46.2,42.9,31.82,68.12,6.38,594.4,cotton,red soil
0.5,42.3,64.3,14.18,79.17,8.19,505.5,wheat,laterite soil
86.9,44.9,59.4,27.53,72.05,7.43,999.9,maize,red soil
48.8,30.2,44.9,23.42,48.5,7.03,477.9,safflower,red soil
4.1,56.1,91.4,35.2,54.62,6.47,1887.9,lentil,laterite soil
106.1,60.2,78.6,33.52,48.02,7.28,799.3,pomegranate,red soil
38.1,27.5,29.5,29.85,54.33,7.22,564.5,bajra,red soil
69.4,48.8,40.4,18.01,68.31,6.94,582.9,wheat,alluvial soil
44.5,28.0,30.2,29.21,61.42,7.79,728.0,jowar,red soil
90.0,46.4,54.4,26.72,61.09,6.92,951.4,chilli,black soil
53.5,10.6,22.8,39.64,82.21,4.72,1012.1,onion,black soil
62.0,5.9,13.4,27.64,61.94,5.71,2383.9,soybean,alluvial soil
50.1,54.0,29.1,18.65,22.53,8.37,2301.1,wheat,alluvial soil
29.4,22.4,7.0,33.68,41.88,7.2,931.4,greengram,laterite soil
55.3,20.4,51.6,40.47,23.67,8.93,256.6,onion,red soil
45.6,23.4,26.6,30.55,42.98,6.69,589.6,bajra,alluvial soil
32.6,34.4,34.7,25.68,76.7,6.43,794.6,soybean,alluvial soil
15.9,27.5,22.3,33.16,58.13,6.03,587.1,blackgram,red soil
30.9,36.4,32.7,33.88,54.93,6.64,828.4,pigeonpeas,black soil
92.0,51.5,72.3,31.69,59.84,6.81,776.5,pomegranate,black soil
33.0,30.2,21.7,12.48,39.19,5.27,1219.2,pomegranate,laterite soil
53.7,34.9,49.1,21.94,69.48,5.88,950.7,ragi,red soil
16.0,17.8,32.8,21.74,59.37,5.53,1211.7,blackgram,laterite soil
97.0,38.2,59.2,24.52,72.88,6.57,613.1,chilli,black soil
58.4,34.0,45.2,27.38,53.38,6.54,718.7,sunflower,black soil
65.3,36.6,51.5,22.79,55.53,6.68,574.9,wheat,alluvial soil
21.7,27.9,25.9,27.23,57.75,7.18,694.3,greengram,alluvial soil
27.5,33.6,27.7,29.62,66.4,7.34,555.6,greengram,black soil
84.8,57.8,78.3,27.97,55.45,6.51,668.4,pomegranate,black soil
59.7,28.8,35.8,27.01,51.89,6.5,642.3,jowar,black soil
76.7,72.3,1.1,18.57,21.56,7.03,1184.8,bajra,black soil
113.2,51.0,88.8,28.02,62.8,7.37,685.5,grapes,black soil
41.3,36.3,27.6,26.54,65.64,6.53,888.2,soybean,black soil
25.9,20.3,20.9,31.37,64.55,6.83,705.0,greengram,black soil
16.0,28.9,23.6,25.6,58.42,7.2,569.5,lentil,alluvial soil
96.3,64.4,65.6,31.29,41.25,6.71,790.3,pomegranate,red soil
30.0,34.4,19.6,28.57,61.25,6.93,676.2,blackgram,red soil
71.2,8.7,70.1,23.82,55.03,7.54,1258.0,ragi,laterite soil
35.8,44.0,35.4,26.62,63.87,6.66,687.9,pigeonpeas,black soil
21.2,30.8,22.9,32.1,50.98,6.17,564.1,blackgram,red soil
84.5,38.7,45.8,32.15,63.82,7.14,828.9,cotton,red soil
116.5,53.7,75.0,37.14,62.77,6.77,1275.7,chickpea,red soil
45.0,13.4,36.7,14.07,94.21,6.72,451.8,safflower,red soil
99.7,64.2,88.0,23.68,54.15,6.79,755.5,grapes,black soil
81.9,50.0,58.7,31.59,62.85,6.51,965.6,chilli,black soil
118.1,39.5,33.4,13.35,86.58,6.13,2169.3,pigeonpeas,black soil
32.7,36.4,33.6,25.01,62.14,6.62,685.9,soybean,alluvial soil
136.1,55.0,67.1,33.9,70.59,6.52,1603.0,sugarcane,alluvial soil
44.7,34.1,42.4,22.92,53.61,7.22,511.9,safflower,red soil
58.9,34.9,35.6,27.02,47.1,7.88,748.3,sunflower,alluvial soil
40.4,38.2,40.5,17.08,42.18,7.05,630.6,safflower,black soil
26.9,35.8,29.7,28.11,58.2,7.01,487.2,chickpea,black soil
77.7,43.6,61.1,21.81,58.14,6.6,885.6,maize,black soil
49.9,27.3,44.8,25.11,55.5,8.04,512.4,jowar,red soil
53.5,76.1,46.5,23.39,44.81,7.81,317.6,cotton,laterite soil
25.3,31.7,25.3,31.19,61.92,6.33,797.2,blackgram,black soil
33.2,37.9,23.8,28.05,47.94,6.36,431.1,chickpea,red soil
104.2,42.6,90.7,24.6,55.05,9.46,2355.7,soybean,black soil
45.9,46.2,27.7,26.15,64.83,6.87,965.2,soybean,black soil
20.0,20.9,19.9,31.25,65.16,6.93,712.4,blackgram,red soil
43.3,31.9,31.4,28.6,45.71,6.99,632.2,bajra,alluvial soil
71.2,44.9,51.0,28.95,52.85,7.37,838.5,cotton,black soil
99.1,41.7,60.1,21.55,67.13,6.78,705.6,maize,alluvial soil
106.7,57.4,65.3,25.98,72.52,7.07,664.2,onion,red soil
36.3,34.4,36.4,26.15,45.22,7.77,607.2,bajra,alluvial soil
76.9,38.2,60.5,30.16,61.28,6.11,998.6,chilli,red soil
46.9,37.9,41.6,15.12,51.03,7.01,546.5,safflower,black soil
104.9,63.3,60.8,28.03,56.7,6.75,723.4,pomegranate,red soil
71.0,51.2,56.2,28.42,67.14,6.61,644.0,maize,black soil
41.4,32.3,30.2,28.71,44.4,6.1,594.6,bajra,red soil
68.5,38.3,54.2,22.64,49.14,6.82,706.3,sunflower,black soil
22.1,29.2,28.3,24.0,58.62,7.86,445.3,chickpea,black soil
71.3,51.4,50.9,26.86,62.54,6.61,929.6,cotton,black soil
16.6,25.4,23.0,25.77,66.93,6.9,585.5,greengram,black soil
85.7,48.1,54.3,20.78,56.33,7.34,707.0,onion,red soil
26.8,21.5,26.8,34.74,60.42,6.28,602.4,blackgram,red soil
113.6,69.3,82.1,26.22,56.23,6.69,647.3,grapes,red soil
45.9,39.4,41.8,26.5,49.31,8.26,468.3,jowar,black soil
49.6,27.2,38.2,30.42,46.13,6.59,460.9,bajra,alluvial soil
85.8,36.0,54.6,26.91,52.33,6.37,722.1,cotton,black soil
80.6,47.8,48.4,28.54,87.84,7.79,367.5,onion,alluvial soil
84.9,58.2,67.9,23.7,33.07,7.6,1755.7,onion,laterite soil
110.4,65.7,66.2,34.94,72.47,7.17,1473.9,sugarcane,black soil
137.3,54.4,75.3,33.35,76.59,7.46,1346.7,sugarcane,black soil
92.7,52.4,48.9,30.53,74.34,7.48,871.6,chilli,red soil
107.0,18.5,19.1,27.89,78.67,4.92,1146.0,bajra,red soil
93.5,63.3,71.7,28.35,64.57,6.84,823.2,grapes,black soil
132.4,34.4,61.0,16.85,28.94,9.34,2497.6,blackgram,laterite soil
26.3,7.6,64.6,43.34,25.34,5.45,2364.8,jowar,laterite soil
122.3,50.1,80.8,34.82,83.22,6.52,1734.2,sugarcane,alluvial soil
83.6,45.2,52.7,34.58,65.39,7.18,571.4,cotton,red soil
24.6,26.3,23.1,25.26,69.91,7.05,686.3,blackgram,red soil
54.5,0.0,90.0,38.72,67.93,5.13,266.2,chilli,red soil
102.2,22.6,84.6,44.68,84.92,9.21,250.0,tomato,black soil
17.2,32.5,26.8,22.93,57.34,6.11,440.6,lentil,alluvial soil
92.8,64.5,89.4,25.68,54.34,7.36,811.3,grapes,red soil
98.7,57.8,49.1,21.98,59.85,6.07,804.9,maize,black soil
59.9,26.9,30.9,17.13,36.4,7.77,633.4,safflower,black soil
109.3,73.0,93.1,44.83,66.08,4.87,1681.5,groundnut,laterite soil
53.6,30.1,40.0,24.05,53.38,7.62,458.4,safflower,red soil
116.1,53.6,79.0,26.46,61.77,6.93,608.8,grapes,black soil
83.6,43.5,59.6,29.07,59.08,6.71,853.1,cotton,black soil
82.0,43.4,64.1,28.5,68.18,7.39,904.7,maize,alluvial soil
29.3,25.2,25.4,28.38,63.16,6.5,741.1,blackgram,red soil
19.8,20.1,21.7,27.62,63.57,6.88,696.6,blackgram,red soil
109.0,64.0,67.2,28.81,70.78,6.94,1324.1,sugarcane,black soil
47.8,41.1,39.2,24.9,64.22,7.12,861.9,ragi,red soil
82.0,54.4,61.7,24.56,57.81,7.5,809.0,chilli,red soil
40.9,31.4,40.6,18.06,50.06,7.42,447.6,safflower,red soil
53.6,35.8,37.2,25.63,60.41,8.29,706.9,jowar,black soil
62.8,34.1,42.5,28.7,50.08,7.12,584.5,sunflower,red soil
51.4,31.1,44.7,29.55,52.75,6.34,673.2,ragi,laterite soil
39.6,39.1,28.0,34.07,46.35,6.75,635.3,pigeonpeas,red soil
99.3,50.8,46.4,29.31,71.92,6.89,684.7,chilli,black soil
65.0,21.2,93.1,18.91,68.2,6.12,2340.6,soybean,alluvial soil
60.5,8.1,90.5,44.33,79.52,7.98,1484.0,chickpea,black soil
15.2,33.5,27.3,19.31,64.97,6.32,503.1,lentil,black soil
23.6,44.0,45.7,32.55,54.63,7.02,515.4,groundnut,alluvial soil
41.5,27.8,41.4,20.75,48.65,6.57,461.1,safflower,black soil
80.1,40.9,55.5,30.97,57.03,7.82,859.8,cotton,red soil
69.2,38.1,40.7,27.56,65.71,7.19,686.2,cotton,red soil
33.6,24.0,33.1,25.84,79.92,5.5,829.6,blackgram,black soil
25.7,27.2,25.6,26.43,53.35,7.22,741.1,greengram,black soil
108.2,52.4,71.0,33.32,69.2,6.97,1223.2,sugarcane,black soil
124.4,19.2,9.5,26.5,75.5,4.87,1038.3,soybean,black soil
53.6,48.2,53.7,20.68,47.99,7.4,756.2,sunflower,alluvial soil
72.1,44.1,54.0,28.29,61.74,6.97,830.8,cotton,black soil
21.9,32.7,23.5,19.17,60.73,6.1,425.3,lentil,black soil
30.1,38.4,39.0,30.59,49.86,7.94,634.0,pigeonpeas,black soil
18.0,25.0,23.7,18.33,53.16,6.48,524.5,lentil,alluvial soil
77.3,46.5,59.5,31.76,62.07,7.26,634.4,cotton,red soil
63.1,42.2,55.0,28.38,63.25,6.87,525.4,cotton,black soil
137.0,16.8,12.2,29.84,35.24,6.47,1016.4,lentil,laterite soil
47.9,23.1,26.8,32.58,49.29,7.73,495.6,bajra,red soil
91.1,44.0,57.9,26.82,60.6,6.92,717.5,onion,alluvial soil
80.6,57.5,63.2,19.19,73.93,7.07,717.5,onion,alluvial soil
37.8,35.4,25.1,31.07,52.02,7.69,685.6,pigeonpeas,red soil
97.2,64.9,62.9,22.14,60.15,6.68,777.0,tomato,red soil
15.1,34.9,21.7,23.68,45.1,6.03,486.9,lentil,alluvial soil
73.9,40.8,48.3,17.7,56.13,6.7,481.0,wheat,black soil
70.9,22.1,41.2,12.39,89.58,8.18,300.4,lentil,black soil
22.4,25.9,26.1,19.06,57.15,6.29,478.2,lentil,black soil
45.7,35.2,12.7,35.56,84.7,8.62,774.5,lentil,black soil
104.9,53.7,73.8,25.51,58.75,7.4,781.0,grapes,red soil
85.9,52.3,54.9,28.61,67.0,6.66,923.6,chilli,black soil
91.1,79.4,99.8,26.01,77.71,6.57,1040.7,safflower,laterite soil
82.5,37.1,57.9,25.54,54.48,6.13,960.8,cotton,red soil
105.7,43.4,63.5,20.07,59.35,7.24,988.6,onion,red soil
94.4,48.9,49.5,24.8,73.58,6.02,753.8,maize,black soil
84.4,56.9,54.4,21.34,55.69,6.1,660.3,onion,red soil
50.0,32.3,36.2,29.91,53.78,7.98,732.1,jowar,black soil
89.6,58.5,83.2,31.22,58.15,6.9,689.5,pomegranate,red soil
35.0,20.2,25.4,32.44,42.89,7.05,590.5,bajra,alluvial soil
40.5,27.2,34.0,17.45,49.96,7.12,435.3,safflower,red soil
39.8,30.2,41.4,29.84,55.22,7.32,883.0,groundnut,red soil
41.8,34.2,34.4,26.55,56.16,7.99,564.1,jowar,red soil
98.5,66.6,89.5,29.34,44.99,7.34,550.1,pomegranate,red soil
120.5,42.2,11.0,28.38,55.71,6.59,1560.9,onion,red soil
67.6,35.9,44.9,20.08,55.62,6.23,643.3,wheat,alluvial soil
83.2,68.3,73.8,29.5,48.06,7.38,719.5,pomegranate,red soil
112.0,51.4,62.6,22.32,71.18,6.24,857.5,tomato,red soil
37.0,31.3,35.3,25.83,51.79,7.5,677.3,pigeonpeas,red soil
89.0,54.3,52.3,27.23,65.96,6.16,904.5,chilli,black soil
97.0,45.8,59.6,23.55,71.59,6.04,764.4,maize,black soil
23.7,28.6,20.1,30.17,52.99,6.96,799.0,greengram,alluvial soil
41.2,37.0,32.5,17.46,53.61,6.54,438.0,safflower,black soil
100.5,68.5,8.4,35.48,47.78,6.26,1930.9,onion,red soil
47.1,38.4,43.6,29.06,51.09,8.04,574.6,jowar,red soil
95.2,35.6,44.8,35.31,52.94,9.06,1505.1,lentil,alluvial soil
73.6,39.6,42.4,22.8,61.3,7.3,474.0,wheat,alluvial soil
97.5,52.9,60.5,27.76,61.09,7.07,861.8,onion,red soil
75.0,37.5,49.9,22.54,65.06,6.49,466.6,wheat,black soil
96.5,47.4,59.8,22.62,73.53,6.99,695.0,onion,black soil
36.3,44.7,37.4,32.32,52.25,6.66,786.7,pigeonpeas,black soil
64.5,43.4,36.6,27.99,48.94,7.27,712.9,sunflower,alluvial soil
44.0,32.9,33.2,29.26,68.92,7.44,848.3,soybean,alluvial soil
50.2,33.9,31.3,16.25,51.12,7.45,598.4,safflower,red soil
123.5,76.2,50.0,26.42,27.35,7.05,596.4,pomegranate,red soil
50.3,39.6,38.5,29.79,54.94,6.93,706.9,jowar,red soil
121.3,26.7,49.7,13.69,29.97,9.16,1763.0,tomato,black soil
33.8,37.9,38.3,31.27,48.62,6.78,665.4,pigeonpeas,red soil
94.2,40.0,46.0,30.9,69.83,6.94,613.0,chilli,black soil
85.9,64.6,63.3,25.9,59.67,7.23,719.6,pomegranate,red soil
65.7,41.5,40.5,34.73,55.92,6.17,762.4,cotton,red soil
95.4,43.0,63.9,30.17,66.48,7.13,802.8,chilli,black soil
100.0,65.0,67.5,31.0,57.28,7.06,530.3,pomegranate,black soil
47.3,26.4,34.2,26.29,57.56,8.08,522.9,jowar,red soil
47.4,28.9,25.8,31.74,42.68,6.44,493.0,bajra,alluvial soil
105.9,55.1,54.0,27.19,58.51,6.72,973.0,onion,black soil
58.6,41.4,39.1,23.04,53.17,6.54,599.5,sunflower,alluvial soil
27.0,34.9,33.3,32.67,56.52,6.43,642.0,groundnut,alluvial soil
82.7,54.0,56.3,36.78,39.1,5.71,2430.3,sugarcane,black soil
85.5,58.6,49.3,26.71,67.48,6.41,917.3,maize,black soil
22.1,29.6,18.5,33.19,58.28,6.8,512.1,blackgram,red soil
94.7,42.7,51.9,22.48,69.12,6.04,723.0,maize,red soil
123.7,14.3,30.7,31.43,63.27,8.11,2415.1,bajra,black soil
36.7,38.9,33.8,25.27,60.2,6.45,630.0,groundnut,alluvial soil
39.0,28.8,25.2,34.78,58.19,6.0,592.2,bajra,red soil
25.0,40.2,31.9,31.35,54.84,7.32,742.4,groundnut,alluvial soil
110.1,51.1,70.1,26.12,63.97,6.54,703.0,grapes,black soil
21.0,29.2,35.2,29.86,64.76,6.45,805.6,groundnut,red soil
37.4,35.7,32.2,31.32,69.85,7.36,627.0,pigeonpeas,black soil
88.6,57.2,74.8,29.71,49.35,7.2,598.8,pomegranate,red soil
31.5,27.5,31.8,26.63,49.2,6.65,496.0,chickpea,black soil
49.1,47.4,28.6,29.43,64.73,6.37,758.5,soybean,alluvial soil
21.6,3.1,50.1,16.71,41.74,6.4,2205.8,jowar,black soil
33.4,37.5,37.4,30.38,47.76,7.39,767.3,pigeonpeas,red soil
107.0,59.2,78.9,32.89,40.78,7.46,578.5,pomegranate,red soil
111.5,69.9,89.7,26.86,55.97,7.32,866.7,grapes,black soil
41.4,47.2,27.8,28.02,77.04,6.82,625.1,soybean,black soil
59.3,62.3,69.3,43.67,77.5,4.87,2414.7,onion,red soil
20.2,21.7,28.8,28.43,50.47,6.92,529.6,blackgram,black soil
104.0,54.8,59.3,27.46,70.88,6.69,996.5,tomato,alluvial soil
85.0,70.2,96.4,44.84,49.57,6.84,271.8,ragi,red soil
89.0,55.8,87.5,30.91,57.57,7.12,687.3,pomegranate,black soil
16.2,30.3,22.7,24.84,64.75,6.6,502.7,lentil,alluvial soil
39.0,43.1,32.6,29.27,56.05,6.53,721.6,pigeonpeas,black soil
106.2,52.5,11.5,36.9,53.66,6.82,980.1,blackgram,black soil
52.9,26.2,34.8,17.38,53.83,6.53,547.4,safflower,black soil
91.3,56.3,86.8,28.62,67.74,6.83,658.2,grapes,red soil
59.3,35.0,52.1,29.62,44.48,7.41,600.8,sunflower,black soil
106.4,53.1,64.5,25.6,70.22,6.78,982.8,tomato,alluvial soil
125.7,56.5,64.3,29.94,74.07,7.24,1495.3,sugarcane,alluvial soil
71.3,19.4,75.4,36.49,91.42,6.99,1784.1,wheat,laterite soil
58.9,33.5,40.1,25.83,63.26,8.14,601.4,jowar,red soil
61.1,35.2,45.3,23.5,66.79,6.81,608.9,wheat,alluvial soil
89.2,26.5,26.0,38.31,70.36,7.14,1242.3,pomegranate,red soil
98.4,59.4,95.6,21.39,64.99,7.12,622.2,grapes,black soil
68.7,50.5,48.5,31.38,55.71,6.63,743.4,cotton,black soil
28.2,40.5,48.4,30.19,51.15,6.72,728.1,groundnut,alluvial soil
48.2,38.7,27.4,17.71,81.2,6.52,1085.2,pomegranate,laterite soil
91.6,45.2,63.2,18.5,57.44,7.15,852.4,onion,black soil
119.6,10.6,70.7,13.06,28.59,7.02,2331.2,pomegranate,laterite soil
74.2,43.6,54.3,20.71,54.28,6.13,539.5,wheat,black soil
43.1,30.4,32.9,28.76,64.22,7.12,972.1,soybean,alluvial soil
84.4,47.3,58.4,23.45,63.43,7.46,865.2,maize,black soil
18.2,25.3,21.0,25.84,51.96,6.81,772.3,greengram,black soil
45.1,61.8,28.8,17.02,56.06,4.75,1382.1,chilli,alluvial soil
30.6,38.8,31.8,26.17,49.17,7.77,404.0,chickpea,black soil
48.1,21.7,39.4,31.97,56.75,6.93,407.4,bajra,alluvial soil
114.3,67.1,32.3,21.22,61.9,8.88,575.9,safflower,red soil
79.0,50.8,49.5,24.22,61.01,6.85,773.5,cotton,red soil
3.6,9.5,83.1,37.61,40.83,8.97,2290.9,groundnut,alluvial soil
92.9,57.9,64.3,25.06,56.94,6.36,710.8,maize,black soil
48.3,29.8,40.3,16.15,47.27,6.64,430.5,safflower,black soil
58.3,30.7,32.5,29.51,53.69,6.93,480.0,jowar,black soil
72.7,42.8,54.4,26.56,57.92,5.61,705.4,maize,alluvial soil
105.5,67.3,70.8,23.96,58.23,7.23,603.0,grapes,black soil
87.9,53.0,68.5,27.85,58.94,7.2,844.6,onion,alluvial soil
68.0,41.6,54.6,20.99,60.13,6.07,645.3,wheat,black soil
73.8,36.7,41.1,20.28,67.36,6.53,488.0,wheat,alluvial soil
18.2,34.5,24.2,29.81,57.74,7.44,714.9,blackgram,red soil
17.2,28.7,29.4,32.11,55.61,7.17,720.3,greengram,black soil
26.8,38.2,37.4,28.98,69.69,7.37,572.7,groundnut,red soil
57.7,45.4,51.4,26.95,52.85,6.63,738.4,sunflower,alluvial soil
16.7,29.2,23.7,18.18,63.34,6.31,533.3,lentil,alluvial soil
81.5,42.7,53.8,29.85,61.61,6.95,578.3,cotton,red soil
59.7,37.6,30.5,22.75,46.04,6.88,554.2,safflower,black soil
18.7,30.9,25.0,27.32,46.48,7.46,564.2,lentil,black soil
21.0,30.3,20.1,32.13,51.18,6.24,581.4,blackgram,black soil
37.1,27.9,36.8,26.17,59.55,7.16,409.6,bajra,alluvial soil
72.0,38.9,51.0,18.05,57.18,7.33,640.1,wheat,black soil
122.1,14.6,70.3,21.48,26.41,7.16,1929.6,greengram,red soil
83.5,56.9,62.4,26.12,57.23,5.99,923.3,maize,black soil
84.5,37.4,55.2,25.02,72.87,7.47,696.8,chilli,black soil
82.3,7.5,3.3,24.29,88.05,7.15,1692.6,lentil,laterite soil
103.9,55.0,76.1,31.78,60.71,7.39,1962.0,sugarcane,black soil
91.7,59.4,55.0,23.2,66.64,7.14,931.5,maize,red soil
103.9,59.3,65.0,33.44,66.5,7.04,1649.7,sugarcane,black soil
4.4,76.6,61.4,16.16,93.28,9.36,2449.8,pomegranate,laterite soil
84.8,48.0,61.0,24.14,70.23,6.66,973.7,chilli,black soil
47.8,73.0,63.4,25.44,67.48,8.14,2037.8,grapes,laterite soil
112.0,63.7,60.1,27.69,70.89,6.25,959.3,tomato,red soil
23.8,31.1,21.8,30.55,58.99,6.92,799.6,greengram,alluvial soil
82.0,43.3,62.9,25.68,58.89,7.24,606.1,maize,red soil
30.9,31.1,33.1,23.14,61.24,7.01,759.2,pigeonpeas,red soil
65.4,11.4,73.0,33.67,34.34,7.73,1735.7,pigeonpeas,alluvial soil
71.6,40.0,50.8,28.13,65.13,6.59,910.6,chilli,red soil
40.3,19.6,32.2,18.18,56.14,7.41,278.9,sunflower,red soil
33.7,37.8,28.8,28.52,59.87,7.92,860.4,pigeonpeas,red soil
104.6,64.0,46.5,44.1,80.27,8.93,846.5,safflower,alluvial soil
61.7,38.4,37.5,23.76,49.38,6.77,759.7,sunflower,black soil
88.8,55.1,78.0,28.56,40.02,7.2,587.8,pomegranate,red soil
113.8,53.6,89.2,25.51,63.04,6.59,1919.1,sugarcane,black soil
20.4,32.1,27.0,22.54,55.61,6.48,647.2,chickpea,red soil
93.0,51.1,49.0,26.42,74.02,5.86,692.5,maize,alluvial soil
86.3,0.7,23.5,14.19,80.98,7.3,1870.7,grapes,laterite soil
16.2,26.1,28.4,24.43,50.98,7.4,410.9,lentil,alluvial soil
39.5,26.6,34.6,31.27,61.89,7.48,890.1,groundnut,alluvial soil
14.7,41.5,43.6,17.31,34.89,7.81,1666.5,sunflower,black soil
58.2,57.3,33.5,37.1,59.37,9.38,1245.1,pigeonpeas,black soil
106.6,52.8,98.7,21.18,51.13,7.05,876.6,grapes,black soil
82.2,46.6,62.0,20.05,59.59,6.88,942.4,onion,alluvial soil
40.0,31.0,29.6,27.68,57.6,7.16,618.6,bajra,alluvial soil
45.4,29.9,42.9,15.99,51.04,6.59,549.6,safflower,black soil
86.8,52.9,80.0,41.25,60.34,4.76,2454.6,jowar,alluvial soil
57.5,37.6,40.6,27.57,60.04,5.7,932.9,ragi,laterite soil
111.9,45.2,33.4,43.49,26.9,8.32,2320.0,safflower,red soil
79.4,47.1,46.9,18.22,52.3,7.24,590.8,wheat,black soil
101.7,63.7,60.4,26.08,64.9,6.78,1651.7,sugarcane,alluvial soil
10.6,2.0,10.3,22.03,93.0,8.46,805.5,cotton,black soil
73.4,78.5,92.6,27.63,33.75,6.96,289.9,soybean,alluvial soil
89.5,40.9,56.4,23.36,73.17,6.0,681.6,chilli,red soil
39.1,46.8,36.1,28.56,69.27,6.56,899.5,soybean,black soil
98.6,59.7,93.2,26.66,68.93,6.95,731.0,grapes,black soil
98.5,57.6,70.8,20.11,60.49,6.98,910.0,tomato,alluvial soil
41.6,27.7,39.5,25.19,53.9,7.7,528.5,jowar,black soil
24.8,30.5,21.3,22.07,59.62,6.49,564.4,lentil,alluvial soil
52.2,40.8,35.5,22.62,58.81,7.35,697.5,ragi,red soil
53.1,22.7,29.0,30.29,59.05,7.05,550.3,bajra,alluvial soil
20.9,31.0,71.5,42.39,73.58,8.51,2331.3,blackgram,alluvial soil
18.0,14.1,72.8,10.6,84.34,8.96,1881.7,jowar,laterite soil
50.5,27.9,36.1,24.42,36.62,7.95,601.9,safflower,red soil
105.7,67.4,84.1,26.01,56.08,7.08,785.5,grapes,red soil
17.4,28.0,29.0,34.18,63.83,6.87,747.8,blackgram,black soil
45.7,25.8,44.2,28.36,62.93,7.65,450.1,jowar,black soil
62.5,44.7,37.0,20.15,62.8,5.9,869.9,ragi,red soil
10.4,20.4,16.7,26.61,46.01,8.96,1072.6,cotton,alluvial soil
51.2,25.0,31.9,17.41,41.2,7.07,514.2,safflower,red soil
21.8,31.8,28.3,28.53,67.66,7.48,593.2,greengram,alluvial soil
94.2,45.6,73.1,22.64,65.23,6.19,902.3,tomato,red soil
24.9,29.7,59.2,22.82,88.24,8.65,1566.8,safflower,red soil
45.7,27.8,36.5,28.16,50.47,7.97,421.3,bajra,red soil
74.4,45.1,60.1,27.17,83.01,4.89,1677.4,ragi,laterite soil
104.3,48.6,53.6,23.63,64.62,7.02,673.1,onion,alluvial soil
80.3,65.9,61.4,30.17,56.65,7.1,714.4,pomegranate,red soil
49.7,20.6,0.8,27.67,58.32,6.58,1535.2,soybean,alluvial soil
94.5,49.6,66.3,23.36,73.23,7.24,815.2,onion,alluvial soil
104.4,64.5,71.0,31.95,70.56,7.26,1768.0,sugarcane,alluvial soil
63.6,62.0,34.9,19.44,28.38,8.59,1913.3,sugarcane,alluvial soil
27.0,43.1,37.3,27.4,64.31,6.75,764.2,groundnut,alluvial soil
79.4,9.5,43.5,36.81,88.26,8.12,1186.7,cotton,red soil
21.8,22.8,23.5,28.17,66.4,7.38,574.5,blackgram,black soil
9.0,27.4,27.1,18.11,50.5,9.37,2059.4,bajra,black soil
32.0,15.2,94.9,10.86,86.04,5.96,1862.8,chilli,laterite soil
45.6,30.7,43.6,28.99,54.96,6.89,992.6,ragi,laterite soil
63.3,7.6,15.6,35.76,30.4,9.24,2342.9,blackgram,red soil
43.5,30.7,42.9,28.29,62.47,6.12,902.4,ragi,red soil
24.4,39.4,22.3,21.67,54.38,6.43,644.2,chickpea,red soil
22.2,25.7,24.5,26.03,47.92,6.12,514.7,lentil,black soil
93.1,45.5,65.2,25.26,68.53,6.4,919.6,onion,alluvial soil
0.6,26.1,27.4,13.38,85.21,5.31,378.3,cotton,black soil
44.0,30.2,42.4,26.08,61.79,6.46,905.0,ragi,laterite soil
23.7,28.5,23.5,20.89,55.87,6.34,400.0,lentil,black soil
50.5,34.0,53.9,26.2,40.28,6.6,674.2,sunflower,alluvial soil
120.6,69.5,71.8,26.74,61.96,6.78,1313.6,sugarcane,alluvial soil
76.0,43.4,49.9,24.62,57.96,6.53,494.6,wheat,black soil
48.6,48.8,32.5,26.09,72.14,7.05,831.9,soybean,black soil
78.5,42.7,47.3,22.33,66.88,6.8,632.0,wheat,alluvial soil
88.3,54.7,54.4,33.6,56.64,6.49,634.7,cotton,black soil
81.7,62.3,73.0,33.19,59.72,7.38,735.7,pomegranate,black soil
78.5,36.7,52.6,15.56,57.91,7.49,584.1,wheat,black soil
37.5,37.4,27.4,28.97,66.8,7.04,952.7,soybean,alluvial soil
20.7,28.4,23.5,29.15,52.74,6.71,719.8,blackgram,red soil
73.0,45.6,48.2,23.58,69.64,6.36,642.1,wheat,alluvial soil
22.8,21.8,27.1,30.61,52.66,6.52,572.5,greengram,alluvial soil
31.2,41.0,49.4,26.33,60.17,6.22,583.2,groundnut,red soil
11.8,69.4,82.3,27.38,66.55,8.0,462.3,blackgram,red soil
26.7,37.8,32.2,23.15,60.19,7.75,633.7,pigeonpeas,red soil
30.6,32.2,21.5,28.58,40.23,7.43,431.7,chickpea,red soil
43.0,30.0,33.4,30.95,59.1,7.41,430.9,bajra,alluvial soil
22.8,26.1,29.6,28.07,59.37,6.9,748.3,greengram,alluvial soil
65.3,58.9,56.1,36.25,88.37,7.43,1895.1,maize,alluvial soil
72.6,17.5,85.4,23.47,80.84,5.7,2349.7,ragi,black soil
25.1,21.6,24.1,28.24,59.06,6.63,522.1,blackgram,red soil
40.8,43.8,26.8,27.88,43.01,7.59,1380.2,cotton,black soil
44.4,32.5,41.5,25.41,57.56,6.0,953.6,ragi,red soil
82.1,49.0,53.2,27.99,65.41,7.44,995.9,onion,red soil
86.8,60.3,73.2,28.82,46.78,6.78,685.2,pomegranate,red soil
76.5,38.9,53.5,26.23,69.17,6.65,600.7,cotton,red soil
36.8,40.9,36.9,29.57,62.26,7.88,718.0,pigeonpeas,black soil
135.4,28.4,18.4,34.2,28.7,8.6,2471.6,ragi,laterite soil
38.0,39.2,38.3,25.21,70.13,7.08,600.9,soybean,alluvial soil
31.2,32.8,29.0,24.95,42.56,6.8,432.3,chickpea,red soil
127.5,56.3,85.6,29.07,64.28,6.74,1754.7,sugarcane,alluvial soil
26.5,21.6,23.4,34.79,64.32,6.58,557.3,blackgram,red soil
49.9,38.7,41.3,28.95,66.23,5.55,832.0,ragi,red soil
41.1,49.3,36.0,26.92,74.0,6.12,830.3,soybean,black soil
64.3,50.5,53.8,33.73,60.6,6.8,644.6,cotton,red soil
33.4,32.8,36.8,23.21,68.84,6.2,678.5,soybean,black soil
28.0,36.5,35.7,33.88,64.85,7.86,883.1,pigeonpeas,red soil
98.4,38.7,56.4,31.17,63.12,6.31,779.4,chilli,black soil
85.5,78.7,51.8,13.13,71.0,6.7,1903.6,chilli,alluvial soil
33.7,39.3,34.5,28.54,64.56,7.54,823.5,pigeonpeas,black soil
85.5,39.2,80.0,22.95,82.42,7.56,1454.1,tomato,alluvial soil
28.3,43.7,31.8,34.26,68.4,6.78,628.1,pigeonpeas,red soil
39.3,33.5,26.5,27.17,55.53,8.0,605.8,pigeonpeas,red soil
63.6,48.8,50.4,19.84,68.93,6.79,600.0,wheat,black soil
52.0,43.7,52.4,29.96,49.71,6.71,713.5,sunflower,red soil
4.6,28.9,17.1,35.08,46.86,7.27,1999.9,ragi,alluvial soil
39.5,19.7,19.4,20.34,53.11,4.99,625.6,sunflower,alluvial soil
22.2,51.3,3.6,23.49,37.55,7.03,347.5,wheat,black soil
100.1,64.6,93.2,28.99,50.29,6.66,692.2,grapes,red soil
17.2,34.2,21.1,26.14,51.3,6.56,536.7,greengram,black soil
99.6,56.8,62.8,31.17,50.45,7.08,678.0,pomegranate,black soil
61.1,68.7,89.9,20.63,71.05,5.07,1303.4,lentil,black soil
76.5,42.1,51.2,22.0,59.04,6.92,468.0,wheat,alluvial soil
53.9,79.0,37.8,11.38,80.8,5.81,745.2,sunflower,laterite soil
119.0,46.4,58.1,34.4,90.62,7.13,1304.4,maize,alluvial soil
47.6,41.2,38.6,23.24,50.88,6.74,727.6,ragi,laterite soil
33.5,39.5,28.4,24.12,52.8,6.7,648.1,chickpea,red soil
106.2,52.5,52.6,24.4,65.2,7.06,813.7,onion,alluvial soil
34.7,35.3,27.1,30.73,50.55,7.61,779.0,pigeonpeas,red soil
114.7,56.3,60.8,24.66,78.24,6.07,674.7,tomato,alluvial soil
119.2,69.4,85.4,27.13,58.28,7.41,785.9,grapes,black soil
52.3,31.6,43.2,25.8,47.7,7.5,664.6,jowar,red soil
84.2,63.6,85.4,27.17,52.71,7.31,580.4,pomegranate,black soil
95.5,56.2,80.4,13.29,81.87,9.14,1506.7,chilli,laterite soil
118.7,63.9,66.1,24.44,79.56,6.92,788.6,tomato,red soil
66.7,36.1,43.5,18.59,52.24,6.42,645.9,wheat,alluvial soil
22.6,32.4,24.4,32.38,52.99,6.68,726.7,greengram,alluvial soil
93.3,59.5,57.6,20.52,64.55,6.54,880.0,onion,black soil
28.8,32.9,38.7,28.83,68.7,7.3,781.5,groundnut,red soil
67.0,75.3,62.4,33.03,24.76,8.9,1892.5,tomato,alluvial soil
44.8,47.2,28.8,22.61,63.65,6.75,899.9,soybean,black soil
78.5,45.8,16.8,17.47,66.31,4.78,2054.4,cotton,laterite soil
119.1,17.8,81.1,41.16,72.95,5.56,1062.7,chickpea,alluvial soil
80.9,43.8,57.4,23.33,68.93,7.07,712.3,chilli,red soil
34.2,26.8,21.3,20.94,48.77,7.74,558.6,chickpea,red soil
61.0,41.0,47.9,19.67,68.07,7.0,498.4,wheat,black soil
84.6,50.2,52.2,25.88,59.6,5.51,992.3,maize,black soil
48.9,26.5,36.2,28.83,56.36,6.7,450.1,jowar,red soil
100.3,56.9,64.0,20.81,60.85,6.01,647.2,tomato,red soil
15.6,26.6,27.9,34.18,54.4,6.67,739.4,blackgram,red soil
95.1,62.6,71.3,25.21,60.7,6.88,919.1,tomato,red soil
28.2,34.5,24.0,28.4,58.75,6.62,605.8,blackgram,red soil
13.5,68.6,2.6,10.78,24.92,7.3,1019.2,grapes,red soil
55.3,44.8,53.8,23.58,43.34,7.52,684.8,sunflower,alluvial soil
72.5,69.3,80.5,27.5,59.2,7.85,1063.5,jowar,laterite soil
47.3,32.3,45.6,21.85,51.33,6.44,780.9,ragi,red soil
53.5,46.0,39.1,22.14,50.87,6.74,761.0,sunflower,alluvial soil
28.6,33.3,25.6,34.34,54.94,7.69,850.3,pigeonpeas,black soil
97.8,47.6,55.7,23.08,73.0,7.08,975.9,onion,red soil
65.0,37.3,47.9,20.3,67.51,6.46,612.6,wheat,black soil
116.6,16.6,91.1,27.7,33.41,7.26,201.8,sugarcane,laterite soil
12.4,23.2,57.2,30.12,42.03,7.07,706.9,greengram,alluvial soil
40.5,35.5,39.2,15.63,54.5,7.89,475.9,safflower,red soil
76.3,52.8,48.7,32.48,58.31,6.61,520.5,cotton,red soil
24.0,34.4,43.0,26.59,60.81,7.33,873.4,groundnut,red soil
119.8,59.2,58.8,27.66,69.61,6.57,792.5,tomato,red soil
71.0,48.7,46.9,22.69,59.2,7.38,557.1,wheat,alluvial soil
15.6,22.3,21.6,29.38,59.38,6.93,510.6,greengram,black soil
80.8,40.9,7.3,36.18,30.97,4.74,1932.4,sunflower,black soil
31.4,28.7,49.4,29.13,67.39,6.85,747.2,groundnut,alluvial soil
55.1,27.6,37.1,20.1,41.95,6.78,576.4,safflower,red soil
33.2,14.1,40.3,33.19,86.54,4.84,498.6,grapes,black soil
53.0,40.1,40.4,27.23,60.78,5.97,675.5,ragi,laterite soil
17.0,20.1,28.7,34.83,69.97,6.62,771.7,blackgram,black soil
37.3,27.6,45.4,32.51,53.95,6.14,707.2,groundnut,alluvial soil
50.8,26.1,34.3,32.54,50.8,6.29,435.7,bajra,red soil
26.6,39.4,36.0,22.62,58.2,7.43,855.5,pigeonpeas,black soil
32.7,37.5,31.0,21.73,46.51,6.89,537.7,chickpea,red soil
17.4,33.9,26.4,24.61,62.5,6.81,408.2,lentil,black soil
78.1,50.0,54.7,29.08,56.75,6.19,700.6,maize,black soil
96.5,8.2,70.6,22.3,21.84,7.97,1486.8,blackgram,black soil
88.2,69.8,25.0,27.16,86.35,8.8,1940.1,pomegranate,alluvial soil
64.7,54.2,58.8,28.75,51.27,7.29,775.1,cotton,black soil
61.6,49.3,41.1,19.56,55.42,7.36,469.5,wheat,black soil
111.6,34.3,37.4,34.33,81.0,8.95,1991.7,cotton,red soil
33.7,39.7,40.0,26.54,56.18,7.04,613.6,groundnut,alluvial soil
108.7,43.9,52.8,20.4,60.66,6.97,769.7,onion,red soil
23.3,21.4,29.3,27.42,51.05,7.16,570.9,greengram,black soil
122.5,9.2,90.5,32.49,28.84,8.46,1446.2,pomegranate,laterite soil
100.4,65.7,62.7,27.99,42.08,7.2,615.1,pomegranate,black soil
103.7,46.4,74.8,26.44,70.77,6.46,893.0,tomato,alluvial soil
43.0,30.6,39.4,18.12,48.66,6.79,407.2,safflower,red soil
89.7,42.8,56.2,23.05,72.5,6.07,645.7,onion,red soil
72.4,51.6,50.4,28.24,71.18,6.32,705.1,maize,red soil
64.2,1.8,84.7,22.47,74.85,6.21,611.1,chickpea,black soil
94.8,58.3,86.5,21.98,65.9,7.15,851.4,grapes,black soil
24.4,40.8,46.3,30.46,59.92,7.37,598.0,groundnut,alluvial soil
43.9,32.4,44.5,27.16,63.11,7.44,467.6,jowar,red soil
85.5,46.0,69.6,27.76,63.33,6.47,651.9,onion,red soil
78.8,52.6,59.5,25.94,66.86,6.16,528.2,cotton,black soil
71.4,48.3,53.8,27.85,73.8,6.56,963.6,maize,black soil
138.1,6.3,1.9,35.2,53.14,8.09,1198.2,tomato,red soil
24.0,31.3,31.7,27.0,69.19,6.75,670.5,groundnut,red soil
93.1,58.8,57.1,20.31,64.47,6.35,800.5,tomato,alluvial soil
60.4,6.3,84.3,17.75,57.73,4.91,1739.6,tomato,laterite soil
54.4,27.0,33.1,34.76,47.97,7.37,516.1,bajra,alluvial soil
27.1,18.4,44.3,23.69,93.86,5.49,1279.8,pigeonpeas,black soil
45.3,32.2,30.6,21.75,35.68,6.72,496.3,safflower,black soil
80.3,39.7,49.2,22.21,67.93,6.08,901.3,chilli,red soil
92.6,41.0,64.9,29.37,72.18,6.29,934.2,maize,black soil
85.7,59.7,63.9,22.19,55.66,7.17,772.4,maize,red soil
66.5,38.3,44.6,29.06,40.5,7.94,786.6,sunflower,alluvial soil
19.4,21.0,22.6,33.03,54.13,6.7,562.7,greengram,black soil
72.8,52.4,54.8,27.37,52.16,7.78,998.1,cotton,red soil
116.5,77.7,87.7,31.88,71.72,7.2,1735.0,greengram,black soil
27.1,22.4,29.8,26.65,64.45,7.13,739.5,blackgram,red soil
26.4,24.9,27.0,30.98,55.19,6.67,609.2,greengram,alluvial soil
32.6,37.8,44.5,25.78,61.11,6.24,733.2,soybean,alluvial soil
83.6,48.3,63.2,27.92,66.87,6.3,734.6,maize,alluvial soil
87.2,40.8,47.1,27.92,69.38,6.6,882.5,chilli,black soil
62.0,32.9,36.7,26.12,55.88,6.05,629.5,ragi,laterite soil
21.1,29.9,23.6,26.22,51.04,6.95,453.7,chickpea,black soil
70.6,53.4,62.3,31.67,74.75,6.67,826.8,chilli,red soil
42.2,27.7,26.6,33.97,49.42,6.21,434.0,bajra,red soil
41.4,44.9,25.9,28.92,60.76,7.38,902.1,soybean,black soil
30.5,28.6,49.6,31.8,51.08,6.56,897.7,groundnut,red soil
53.0,28.9,30.4,18.76,48.93,7.23,636.7,safflower,red soil
18.1,27.5,20.8,24.99,57.15,6.73,500.2,lentil,alluvial soil
47.2,41.9,35.4,23.7,58.07,6.37,690.5,ragi,laterite soil
81.8,53.7,50.4,26.9,61.79,7.21,789.4,onion,red soil
88.9,54.7,57.0,23.21,71.68,6.7,789.3,chilli,red soil
100.4,62.9,72.3,25.97,67.35,6.82,747.8,grapes,black soil
27.1,26.8,29.7,29.39,50.56,6.55,487.0,chickpea,red soil
49.6,33.0,33.6,19.99,42.81,7.52,524.5,safflower,black soil
27.1,26.8,21.4,25.4,68.4,7.38,619.3,greengram,alluvial soil
91.2,65.3,71.1,30.9,54.36,7.47,650.0,pomegranate,red soil
19.7,25.6,20.5,18.92,53.46,6.36,539.1,lentil,alluvial soil
79.2,35.7,45.0,15.47,50.6,7.02,572.3,wheat,black soil
44.9,75.0,63.7,33.9,42.99,5.06,772.9,pigeonpeas,laterite soil
74.0,44.6,54.3,23.06,57.61,6.81,624.4,wheat,black soil
63.5,33.5,39.0,22.53,58.3,7.41,910.0,ragi,laterite soil
64.2,43.7,35.4,24.83,65.59,6.4,968.6,ragi,red soil
20.5,38.8,28.9,27.37,54.35,6.09,518.1,chickpea,black soil
64.9,49.8,53.1,16.47,52.17,7.01,625.3,wheat,black soil
53.7,31.8,48.1,20.28,68.95,6.96,960.9,ragi,red soil
31.6,33.3,29.2,22.48,77.61,7.49,604.1,soybean,alluvial soil
81.4,40.7,67.8,20.45,65.16,6.76,737.9,onion,black soil
88.5,46.2,77.5,32.11,55.38,5.78,1611.5,sugarcane,laterite soil
68.0,32.4,45.8,26.33,54.66,7.38,647.1,sunflower,alluvial soil
98.6,43.0,54.3,23.06,74.2,6.35,762.9,maize,red soil
2.5,0.8,23.1,25.03,21.64,8.1,1973.8,groundnut,laterite soil
22.6,36.9,22.2,25.91,49.68,7.41,625.3,chickpea,black soil
36.8,36.6,36.0,23.81,76.78,6.61,800.8,soybean,alluvial soil
101.3,31.0,89.0,37.5,74.72,8.39,386.7,cotton,black soil
63.6,35.6,11.1,35.48,24.44,5.1,854.3,ragi,red soil
139.1,57.3,88.2,26.96,68.49,6.72,1318.2,sugarcane,black soil
20.4,21.2,25.0,30.11,52.94,6.81,649.9,blackgram,red soil
54.3,33.3,43.7,20.08,41.58,7.4,706.5,sunflower,red soil
128.0,66.5,81.6,33.51,83.18,7.25,1219.8,sugarcane,alluvial soil
90.9,51.7,59.9,18.58,72.04,7.46,983.2,onion,red soil
107.5,9.7,76.5,27.11,48.95,7.19,574.5,pigeonpeas,alluvial soil
25.0,18.9,8.7,32.98,94.35,6.71,1065.2,grapes,laterite soil
83.9,66.9,68.0,34.8,45.25,6.51,508.8,pomegranate,black soil
86.9,56.3,69.7,31.82,55.98,7.29,523.6,pomegranate,red soil
99.8,48.5,64.5,22.83,78.4,6.74,800.0,tomato,alluvial soil
30.5,36.0,33.3,31.31,67.12,7.54,758.6,pigeonpeas,black soil
101.6,53.7,81.2,31.27,40.14,7.5,734.6,pomegranate,black soil
64.9,37.7,44.3,27.19,50.28,5.97,971.0,ragi,laterite soil
53.3,38.6,43.3,31.21,60.69,7.63,510.6,jowar,red soil
58.0,72.7,37.4,41.51,46.66,5.05,1812.3,safflower,laterite soil
12.2,3.6,22.4,11.07,36.3,6.99,1061.6,tomato,alluvial soil
18.5,30.1,25.0,25.59,45.17,7.48,493.7,lentil,alluvial soil
45.4,34.6,35.5,27.27,72.57,6.81,923.6,soybean,alluvial soil
20.9,35.5,31.1,28.59,64.03,6.51,583.3,groundnut,red soil
13.1,50.5,43.1,14.29,31.44,8.85,1277.8,safflower,red soil
52.0,70.3,13.2,19.61,20.3,5.75,317.9,cotton,red soil
125.6,18.1,41.7,44.27,85.24,5.77,720.7,safflower,red soil
118.6,54.6,60.9,20.26,70.77,6.33,931.4,tomato,red soil
95.1,52.7,55.1,20.89,56.9,6.55,617.5,onion,black soil
93.2,68.9,85.0,31.02,50.35,6.56,747.3,pomegranate,red soil
93.5,79.1,93.6,37.76,77.93,7.02,1964.1,pigeonpeas,black soil
34.4,25.8,33.0,26.0,56.42,7.95,569.5,chickpea,red soil
17.8,34.4,28.9,24.2,58.85,7.06,414.2,lentil,black soil
21.8,28.5,26.4,19.98,61.47,7.39,425.4,lentil,alluvial soil
72.7,66.9,97.6,37.53,44.46,7.42,373.8,jowar,black soil
94.7,61.9,84.0,20.75,60.87,6.86,626.8,grapes,red soil
22.0,32.4,25.3,21.41,60.12,6.6,474.1,lentil,black soil
97.7,63.6,16.0,32.07,27.11,8.86,2122.7,soybean,black soil
38.3,43.1,26.2,31.21,59.54,7.44,624.7,pigeonpeas,red soil
63.8,36.3,48.7,20.26,54.21,7.0,473.0,wheat,black soil
30.9,39.7,36.9,32.36,53.61,7.87,640.8,pigeonpeas,red soil
36.2,36.7,47.4,26.53,59.12,6.22,581.2,groundnut,red soil
131.5,58.8,76.6,32.94,73.83,6.88,1534.7,sugarcane,black soil
102.1,53.2,77.3,29.81,74.03,7.17,1498.8,sugarcane,alluvial soil
70.1,43.9,51.1,24.25,55.52,6.86,535.6,cotton,red soil
18.3,25.3,20.6,23.24,62.53,6.67,486.1,lentil,black soil
70.1,76.8,21.2,34.83,21.31,7.11,870.7,maize,alluvial soil
44.4,20.8,31.9,27.86,59.05,7.06,641.9,bajra,red soil
87.0,40.4,55.5,27.82,60.46,6.14,868.9,onion,black soil
43.7,36.5,39.4,22.59,48.65,6.87,471.4,safflower,red soil
47.7,34.4,34.8,30.41,48.57,7.21,568.7,jowar,red soil
100.4,56.7,82.8,34.23,45.9,6.76,517.7,pomegranate,black soil
93.3,50.6,63.4,21.81,64.67,6.26,904.6,onion,red soil
51.3,31.7,43.5,27.12,52.2,7.31,615.9,jowar,red soil
43.7,35.3,44.1,27.93,71.12,6.63,752.5,soybean,alluvial soil
38.9,25.8,32.0,32.17,43.85,7.38,450.8,bajra,red soil
84.9,58.1,55.8,25.4,55.22,6.96,608.8,maize,black soil
17.4,30.6,22.4,19.25,60.66,6.8,436.5,lentil,alluvial soil
56.5,29.2,1.4,17.65,94.71,6.21,800.6,groundnut,alluvial soil
75.3,18.6,64.3,28.12,52.56,5.39,1281.9,jowar,alluvial soil
26.8,28.4,16.7,26.37,55.57,7.22,560.0,blackgram,red soil
37.7,26.1,27.6,30.06,41.1,6.62,430.0,bajra,alluvial soil
112.8,62.4,74.8,25.72,76.8,6.09,982.8,tomato,alluvial soil
115.4,57.5,67.2,29.47,63.99,6.43,872.2,tomato,alluvial soil
94.0,59.9,93.9,29.58,67.15,6.65,832.5,grapes,red soil
16.7,30.8,28.3,30.76,54.29,6.83,561.1,blackgram,red soil
32.8,25.5,34.8,32.32,65.9,6.2,628.4,groundnut,red soil
29.4,38.4,31.0,31.71,45.09,7.56,734.8,pigeonpeas,black soil
54.7,39.3,36.5,29.47,62.21,8.4,630.6,jowar,red soil
95.9,59.6,44.4,27.26,75.51,8.61,1580.1,grapes,red soil
62.5,37.0,42.5,20.48,56.02,7.3,537.9,wheat,alluvial soil
58.4,36.7,30.7,30.29,59.94,7.83,524.3,jowar,black soil
118.7,59.7,89.9,28.78,73.43,6.54,1457.0,sugarcane,alluvial soil
47.7,29.7,32.9,15.55,36.23,6.99,636.3,safflower,black soil
123.6,64.3,83.0,30.09,62.58,7.17,1810.9,sugarcane,alluvial soil
78.1,49.1,45.5,31.95,73.59,6.56,941.6,chilli,red soil
60.5,41.7,49.0,29.25,54.54,6.25,629.0,ragi,laterite soil
28.1,23.4,41.1,22.43,51.12,6.0,2491.6,cotton,laterite soil
21.3,38.5,26.9,28.9,57.54,7.56,521.2,chickpea,red soil
21.9,25.3,17.5,27.83,51.51,7.05,517.2,blackgram,red soil
64.8,38.7,51.5,17.89,69.75,6.32,498.2,wheat,alluvial soil
38.3,37.1,38.4,29.08,71.29,7.19,667.8,soybean,alluvial soil
109.7,57.5,84.1,32.35,43.87,7.2,608.8,pomegranate,black soil
33.1,39.9,31.6,28.58,47.71,6.26,546.6,chickpea,red soil
88.2,46.7,49.8,32.64,60.45,7.34,815.7,cotton,red soil
85.8,57.4,68.6,23.03,64.23,6.26,860.9,onion,black soil
113.0,54.8,64.0,25.28,60.33,6.79,707.7,tomato,alluvial soil
59.2,34.8,43.2,28.65,58.27,6.87,662.8,ragi,red soil
21.6,22.3,27.5,30.19,67.76,6.76,591.8,blackgram,red soil
22.8,44.7,47.5,31.5,64.51,7.2,809.4,groundnut,alluvial soil
20.8,26.1,21.1,27.03,52.46,6.8,464.6,lentil,black soil
68.3,36.7,56.9,27.68,53.52,6.43,619.9,cotton,red soil
64.3,5.7,52.9,11.76,32.25,7.15,497.7,greengram,laterite soil
104.0,57.5,67.5,20.44,75.6,6.89,725.7,tomato,alluvial soil
77.3,59.1,99.7,15.99,38.47,5.23,2484.4,greengram,alluvial soil
20.9,31.7,21.4,24.73,61.91,7.38,575.5,lentil,alluvial soil
105.9,68.6,83.0,25.41,57.36,7.44,683.0,pomegranate,red soil
22.5,26.8,28.0,21.57,57.96,6.74,403.8,chickpea,red soil
49.1,35.4,35.7,23.9,61.03,6.22,999.7,soybean,alluvial soil
23.8,34.3,44.3,28.22,61.34,6.23,846.0,groundnut,red soil
55.7,47.5,48.9,21.36,40.8,6.63,611.5,sunflower,black soil
70.0,53.1,42.2,29.2,66.01,6.34,835.2,cotton,black soil
78.3,44.2,45.7,31.72,73.55,6.77,837.7,chilli,red soil
108.0,68.2,68.4,35.5,33.12,5.56,1232.5,jowar,black soil
94.2,44.9,54.0,23.45,59.92,7.12,819.0,maize,red soil
52.1,32.3,77.2,30.47,89.04,9.33,1019.4,pigeonpeas,alluvial soil
69.1,49.9,52.4,27.46,41.51,6.92,683.1,sunflower,alluvial soil
56.6,37.2,37.3,20.77,37.44,7.49,556.7,safflower,black soil
49.8,44.1,44.8,24.68,64.65,7.24,894.0,ragi,red soil
61.1,54.5,19.9,29.88,65.75,9.2,1360.4,chickpea,alluvial soil
53.7,37.0,39.1,26.97,46.49,7.73,496.4,jowar,red soil
37.9,47.9,79.4,18.72,93.91,7.43,2464.0,chickpea,red soil
1.9,58.1,25.6,17.6,86.25,4.98,767.9,chilli,red soil
23.9,29.4,26.2,29.74,61.76,6.98,505.3,greengram,alluvial soil
106.8,61.2,76.0,20.49,61.55,6.65,747.8,grapes,red soil
82.7,49.9,67.2,23.84,61.86,6.5,768.4,onion,red soil
41.8,27.7,42.4,31.12,50.73,7.19,498.8,jowar,black soil
72.2,39.7,52.0,16.5,53.7,6.79,544.9,wheat,black soil
113.4,14.2,51.4,32.94,20.38,9.29,654.7,chilli,laterite soil
31.9,12.4,74.4,37.2,53.26,4.63,1111.0,maize,black soil
40.4,45.0,44.5,24.56,56.32,6.49,888.3,ragi,laterite soil
20.2,28.5,27.2,18.32,62.6,6.47,496.4,lentil,black soil
75.6,78.2,78.2,36.71,71.82,7.82,2056.4,sunflower,alluvial soil
73.7,35.7,51.9,17.63,52.04,7.19,517.5,wheat,black soil
23.9,31.0,26.7,27.03,62.18,7.2,608.9,greengram,alluvial soil
25.4,37.9,43.6,31.58,50.01,6.52,803.4,groundnut,alluvial soil
25.0,53.0,88.8,11.04,54.68,6.0,1398.8,onion,black soil
16.7,28.8,28.9,30.42,52.45,6.9,587.5,greengram,black soil
40.1,56.6,0.1,41.11,62.36,6.25,967.1,jowar,laterite soil
95.2,43.1,63.4,22.26,74.35,7.45,641.4,maize,alluvial soil
58.0,32.2,37.0,31.23,49.4,7.91,456.3,jowar,red soil
21.6,48.7,31.2,35.94,49.26,8.94,2099.6,jowar,alluvial soil
133.1,67.0,85.1,30.28,25.27,5.47,2199.5,soybean,laterite soil
119.0,56.1,70.8,32.34,73.66,7.36,1879.5,sugarcane,black soil
18.5,20.4,21.6,29.54,52.02,6.48,639.2,blackgram,black soil
74.0,37.6,50.6,15.68,60.98,6.73,635.7,wheat,black soil
21.3,29.9,27.5,25.22,52.97,6.22,409.8,lentil,alluvial soil
96.6,12.7,23.0,40.1,66.18,8.41,212.3,pigeonpeas,black soil
64.7,40.3,44.2,29.45,68.24,5.57,796.6,ragi,laterite soil
61.0,34.6,49.0,23.59,49.26,6.57,573.7,sunflower,red soil
76.9,49.9,51.7,30.16,58.42,6.35,825.5,chilli,red soil
86.8,67.7,32.6,33.02,85.56,7.51,508.3,sunflower,red soil
94.0,61.3,74.3,29.35,58.75,6.69,808.7,grapes,red soil
26.5,41.7,25.5,26.25,46.27,7.84,629.1,pigeonpeas,red soil
96.6,50.4,86.3,25.65,56.28,7.02,705.4,pomegranate,black soil
23.1,27.8,21.4,23.89,50.55,7.21,573.0,chickpea,red soil
51.5,28.0,44.0,21.6,36.19,7.21,557.1,safflower,red soil
36.1,41.9,47.7,32.58,67.38,6.48,706.5,groundnut,alluvial soil
122.8,66.3,47.9,36.3,43.83,9.17,1690.6,cotton,black soil
85.2,55.9,54.5,25.06,56.41,6.73,822.1,maize,black soil
111.2,64.4,64.9,25.02,61.69,6.66,783.4,tomato,red soil
85.4,49.4,49.9,26.4,68.04,6.07,619.7,chilli,black soil
117.4,62.3,71.8,23.94,70.07,6.07,939.5,tomato,alluvial soil
79.0,49.4,43.8,25.44,52.77,6.71,831.1,cotton,red soil
20.3,31.7,21.0,28.66,48.04,7.6,545.4,chickpea,black soil
56.8,30.9,32.4,31.82,45.17,7.83,713.1,jowar,black soil
50.5,24.2,32.9,32.03,58.04,6.46,476.7,bajra,red soil
29.9,21.7,20.2,28.39,53.88,7.31,582.5,greengram,alluvial soil
29.3,28.1,23.2,28.22,53.7,7.0,774.9,greengram,alluvial soil
51.5,35.0,25.4,28.86,50.46,6.98,641.2,bajra,red soil
35.4,38.8,26.9,32.25,55.99,7.96,744.8,pigeonpeas,black soil
91.9,46.8,54.7,20.04,62.23,6.31,853.2,onion,alluvial soil
44.6,32.5,25.7,25.95,69.45,6.61,917.4,soybean,black soil
108.4,49.6,62.4,28.48,63.25,6.52,962.6,tomato,alluvial soil
110.6,59.8,60.8,22.95,70.98,6.21,632.7,tomato,red soil
44.4,38.4,41.6,22.96,46.48,7.71,419.5,safflower,red soil
55.7,37.2,47.9,29.57,50.35,7.45,502.4,sunflower,black soil
40.1,45.3,28.1,26.83,71.17,7.21,780.7,soybean,alluvial soil
15.8,59.3,27.3,37.57,60.59,5.95,238.4,greengram,black soil
52.9,23.4,32.5,28.5,43.5,7.89,516.7,bajra,alluvial soil
27.9,20.5,29.0,27.99,60.86,6.96,503.6,greengram,black soil
69.9,40.2,55.0,23.26,45.7,6.96,508.6,sunflower,black soil
20.7,32.9,27.7,20.33,46.85,7.37,524.7,lentil,black soil
44.7,71.5,99.5,24.78,37.81,6.95,1849.9,lentil,red soil
17.3,33.3,17.3,27.0,51.16,7.04,554.0,blackgram,red soil
52.3,28.1,32.6,31.93,63.84,6.9,735.9,jowar,black soil
49.0,49.4,32.2,26.82,62.05,7.11,636.9,soybean,alluvial soil
35.4,34.4,40.3,28.35,52.9,6.8,862.8,groundnut,alluvial soil
99.9,42.6,64.6,22.93,58.34,6.46,663.5,maize,black soil
62.2,42.4,46.5,25.45,67.21,7.92,725.5,cotton,red soil
82.9,40.8,1.9,12.23,68.35,7.85,2137.7,bajra,red soil
61.3,31.1,71.7,34.65,77.79,5.59,2294.7,pomegranate,alluvial soil
46.8,28.1,37.0,27.89,47.25,6.72,533.4,jowar,red soil
42.7,38.0,44.8,23.27,65.13,6.9,670.1,soybean,black soil
97.0,60.1,73.7,29.74,59.58,7.34,549.0,pomegranate,red soil
20.4,31.5,25.8,27.42,60.29,6.74,755.7,greengram,black soil
113.5,7.4,11.4,13.18,49.7,7.9,883.6,ragi,alluvial soil
27.7,25.2,26.5,34.47,51.79,7.47,555.4,greengram,black soil
93.9,69.7,89.7,21.83,54.57,6.85,603.5,grapes,black soil
24.3,30.4,24.3,26.51,43.78,7.0,448.1,chickpea,red soil
138.2,54.8,70.9,33.15,70.67,7.34,1662.3,sugarcane,black soil
66.5,46.2,45.3,31.04,60.06,7.6,575.0,cotton,red soil
46.0,64.5,19.3,35.41,75.91,8.9,1883.8,cotton,black soil
97.5,51.2,57.3,26.76,71.71,6.09,781.1,tomato,alluvial soil
34.7,25.2,33.1,31.67,55.7,7.14,870.5,groundnut,alluvial soil
53.8,27.5,41.4,29.38,50.04,6.87,524.5,jowar,red soil
49.4,26.1,44.3,30.73,45.03,6.93,674.4,jowar,black soil
64.9,42.8,36.0,20.73,62.86,7.1,954.4,ragi,red soil
111.9,52.2,96.4,26.77,58.35,6.51,781.7,grapes,black soil
94.7,44.2,48.0,31.33,62.62,6.1,669.1,chilli,black soil
53.8,33.8,38.7,21.78,65.14,6.98,951.9,ragi,laterite soil
113.5,45.3,32.1,27.8,84.46,8.83,1468.9,onion,black soil
22.4,32.7,21.7,23.58,60.56,6.28,512.1,lentil,black soil
100.1,65.4,99.7,27.59,55.35,6.68,766.4,grapes,black soil
76.9,50.1,50.6,23.74,57.29,6.54,945.2,maize,red soil
39.6,29.4,47.3,30.92,67.05,7.12,694.6,groundnut,alluvial soil
33.6,37.9,34.4,29.38,76.26,6.91,938.3,soybean,alluvial soil
123.4,62.3,37.2,34.6,33.75,4.56,1399.9,sugarcane,black soil
24.8,34.7,19.1,27.97,62.6,6.56,629.7,blackgram,red soil
117.6,57.8,72.7,29.49,65.39,6.89,956.1,tomato,red soil
53.9,43.9,42.1,23.77,40.4,7.81,791.0,sunflower,black soil
113.0,56.4,76.1,23.26,65.36,7.09,709.4,grapes,red soil
23.4,26.8,24.3,29.06,48.63,6.08,494.6,chickpea,red soil
19.0,21.1,23.0,28.94,60.49,7.2,547.1,greengram,black soil
36.6,42.5,33.6,23.03,64.56,6.76,643.1,soybean,alluvial soil
103.6,40.9,52.9,26.01,62.63,6.34,823.4,onion,black soil
128.8,64.8,88.5,31.02,71.49,6.85,1386.4,sugarcane,black soil
111.4,65.1,79.2,25.86,61.96,6.72,677.0,grapes,black soil
52.2,30.5,34.5,19.01,50.33,7.33,496.7,safflower,red soil
95.8,46.0,58.6,26.22,71.96,6.84,716.9,tomato,red soil
28.2,34.4,20.4,28.03,52.26,7.74,453.3,chickpea,red soil
121.4,58.0,72.2,41.32,33.89,5.07,562.5,soybean,laterite soil
109.0,67.0,72.0,30.27,54.25,6.63,612.6,pomegranate,red soil
34.1,35.3,29.4,25.73,49.03,7.05,442.2,chickpea,red soil
93.5,59.3,92.4,26.14,61.99,7.05,897.2,grapes,red soil
41.9,33.5,33.2,28.72,71.1,6.81,857.7,soybean,black soil
56.2,39.8,35.6,21.76,46.01,7.9,775.7,sunflower,red soil
64.8,34.3,37.8,29.61,66.28,6.34,834.4,ragi,red soil
113.5,60.0,61.6,26.01,74.34,6.98,1363.2,sugarcane,black soil
33.3,34.8,37.5,24.66,68.19,7.33,816.7,pigeonpeas,red soil
45.5,34.3,37.3,27.1,48.22,6.95,664.6,jowar,red soil
56.4,35.0,38.1,20.91,57.9,6.35,745.7,ragi,laterite soil
16.5,28.7,24.0,20.07,47.98,6.66,598.5,lentil,black soil
100.4,46.0,25.7,31.62,68.65,8.7,1177.4,sunflower,alluvial soil
56.3,36.4,36.6,27.4,47.72,6.78,592.3,jowar,black soil
34.5,67.3,0.1,15.4,22.65,5.87,764.3,onion,red soil
98.1,52.2,63.0,25.99,55.16,7.05,744.8,chilli,black soil
60.1,50.6,54.5,24.16,58.55,7.87,930.8,cotton,red soil
49.2,31.1,31.3,15.38,42.61,7.77,412.9,safflower,black soil
63.8,50.0,43.2,33.37,58.27,7.18,683.0,cotton,black soil
19.8,25.5,28.1,29.27,57.02,7.14,524.9,blackgram,black soil
57.8,25.8,37.4,25.35,57.99,6.68,555.7,jowar,red soil
78.8,37.1,90.2,39.22,50.65,5.33,1646.5,chickpea,laterite soil
16.8,33.3,23.0,25.31,60.27,6.1,509.3,lentil,black soil
26.3,22.3,39.9,21.35,52.6,7.88,1754.5,safflower,laterite soil
107.2,42.5,56.5,19.56,65.24,6.33,629.3,onion,red soil
109.9,50.1,74.8,33.69,56.15,7.03,765.4,pomegranate,red soil
57.3,49.8,41.9,26.66,59.68,7.45,511.6,sunflower,red soil
40.0,38.8,43.1,31.06,48.91,6.63,729.9,jowar,red soil
75.8,47.7,46.1,16.93,68.2,6.59,558.6,wheat,black soil
54.2,32.8,39.7,20.62,61.36,7.22,622.1,ragi,red soil
55.6,41.3,35.5,21.34,41.87,7.79,500.4,sunflower,red soil
31.4,33.9,25.8,32.87,64.71,7.91,747.1,pigeonpeas,black soil
39.7,68.4,33.3,20.49,49.08,9.44,1143.3,pigeonpeas,alluvial soil
25.4,44.8,38.2,32.51,52.76,7.3,878.6,pigeonpeas,red soil
33.6,35.9,27.7,25.22,54.44,7.74,623.8,chickpea,black soil
87.6,0.5,22.6,19.6,59.2,7.25,258.6,greengram,alluvial soil
20.7,23.5,21.2,30.32,53.17,6.6,645.8,blackgram,red soil
24.2,28.1,21.5,18.38,48.17,6.26,433.4,lentil,black soil
50.4,34.0,55.0,26.03,41.6,7.74,602.6,sunflower,black soil
31.0,36.6,39.7,27.93,58.68,7.41,822.2,pigeonpeas,black soil
46.3,26.7,41.4,20.17,37.24,7.48,501.9,safflower,black soil
41.2,35.9,42.9,21.84,62.51,7.16,697.2,ragi,laterite soil
54.0,34.9,37.4,18.28,45.14,7.65,595.9,safflower,red soil
25.7,36.5,23.6,27.67,47.16,6.07,460.3,chickpea,black soil
114.5,54.1,66.2,34.24,68.7,6.74,1469.7,sugarcane,alluvial soil
69.1,35.8,53.2,22.75,62.28,6.06,643.0,wheat,black soil
5.6,69.7,82.1,31.7,44.67,8.21,2413.0,greengram,alluvial soil
76.2,49.3,46.7,24.25,67.34,6.08,973.2,maize,black soil
104.2,55.5,69.8,26.37,65.27,6.07,809.7,onion,black soil
97.1,41.9,57.1,18.35,70.17,6.62,826.3,onion,black soil
20.7,33.0,22.6,31.82,59.36,7.42,544.3,greengram,alluvial soil
88.1,44.9,51.1,24.81,70.5,7.28,772.2,maize,alluvial soil
67.1,27.4,35.9,21.92,48.07,7.01,2382.2,maize,black soil
76.5,40.5,40.2,23.6,58.16,6.48,590.4,wheat,black soil
56.8,37.0,51.5,20.39,58.61,6.78,797.6,sunflower,alluvial soil
26.1,27.2,26.3,26.11,64.2,6.82,715.5,greengram,black soil
63.4,42.1,43.1,20.4,68.24,5.8,914.0,ragi,laterite soil
60.3,62.8,29.7,31.88,79.99,9.06,1121.6,sugarcane,black soil
117.6,50.8,63.7,20.02,74.84,6.95,920.1,tomato,red soil
21.8,21.7,22.4,31.88,60.77,6.76,567.0,greengram,alluvial soil
69.5,57.3,90.9,17.99,48.79,5.2,2080.9,sunflower,red soil
25.9,20.4,20.1,34.3,51.25,6.55,552.3,blackgram,red soil
27.1,38.6,38.7,28.48,63.75,6.84,548.6,groundnut,red soil
93.9,67.7,98.8,21.19,60.98,7.25,658.1,grapes,black soil
63.2,48.1,48.3,23.91,57.77,6.67,555.8,sunflower,red soil
77.6,47.5,58.0,26.94,56.55,5.79,767.7,maize,black soil
114.1,66.5,70.7,27.79,65.74,6.68,1650.6,sugarcane,alluvial soil
15.9,26.4,21.6,25.51,53.62,6.96,668.4,greengram,alluvial soil
18.6,25.4,23.2,27.58,69.78,7.13,584.0,blackgram,black soil
56.4,35.8,35.3,24.48,57.3,5.98,669.8,ragi,red soil
40.1,45.4,31.6,23.97,60.24,6.37,843.0,soybean,alluvial soil
43.8,49.6,32.0,23.33,68.69,6.93,984.7,soybean,black soil
68.1,63.0,96.5,25.19,70.63,4.87,856.4,soybean,red soil
44.6,31.8,48.9,20.39,66.0,6.98,665.7,ragi,laterite soil
53.5,26.2,25.1,28.9,53.67,6.73,601.7,bajra,red soil
16.2,21.0,26.2,25.18,64.21,7.48,594.5,greengram,alluvial soil
31.6,26.7,33.4,25.74,40.8,7.04,514.6,chickpea,black soil
116.4,62.5,68.2,28.02,80.93,6.83,1214.2,sugarcane,black soil
29.6,22.5,27.1,34.77,65.51,6.37,592.3,blackgram,black soil
17.9,26.4,23.8,27.11,61.08,7.2,508.0,lentil,black soil
17.6,32.3,21.7,19.2,48.79,7.19,548.7,lentil,alluvial soil
62.6,38.0,45.3,23.52,47.88,7.92,519.0,sunflower,black soil
16.4,34.1,27.6,31.08,54.9,6.95,718.2,blackgram,black soil
110.5,61.0,64.6,33.51,71.25,7.41,1596.8,sugarcane,black soil
62.9,36.9,47.2,43.64,30.89,8.53,2238.4,maize,laterite soil
23.6,25.4,21.2,28.66,58.74,7.25,671.1,greengram,alluvial soil
15.4,26.3,22.2,34.98,58.91,6.26,600.5,blackgram,black soil
21.6,71.7,43.6,14.59,59.09,7.11,2336.0,grapes,black soil
127.7,57.1,83.1,30.65,80.67,7.36,1647.8,sugarcane,black soil
57.2,35.0,45.9,25.58,57.26,6.75,936.0,ragi,red soil
85.2,45.8,48.4,27.89,70.3,5.97,738.1,maize,alluvial soil
94.3,61.4,73.6,22.39,72.05,6.96,861.6,tomato,alluvial soil
53.8,27.7,27.9,33.41,50.71,6.34,500.7,bajra,red soil
96.6,58.1,70.5,21.15,74.34,6.75,844.8,tomato,alluvial soil
104.2,60.0,62.6,24.56,57.21,7.14,962.1,onion,red soil
62.8,36.6,52.4,26.08,59.21,6.53,624.5,cotton,black soil
92.1,52.4,63.6,26.03,55.53,7.11,712.7,maize,black soil
19.7,67.0,87.2,32.26,67.17,7.35,1371.4,onion,alluvial soil
88.8,53.5,84.5,30.79,58.69,6.54,741.7,pomegranate,black soil
56.9,25.3,33.7,26.54,56.82,7.2,515.9,jowar,black soil
57.6,37.7,38.3,27.79,58.06,7.92,726.7,jowar,red soil
33.5,38.0,36.8,25.91,54.27,6.62,899.3,groundnut,alluvial soil
18.3,26.4,27.2,23.8,59.21,6.8,547.6,lentil,alluvial soil
136.2,66.8,62.0,32.0,64.11,7.25,1344.8,sugarcane,black soil
28.0,35.4,34.8,25.15,55.94,6.52,677.1,pigeonpeas,red soil
103.0,55.0,62.4,22.47,69.26,6.47,604.6,tomato,alluvial soil
36.7,40.1,45.4,26.95,56.95,7.21,881.6,groundnut,alluvial soil
109.8,64.4,65.2,29.07,57.52,6.56,708.0,pomegranate,red soil
22.7,42.0,79.5,15.95,58.39,7.12,415.4,maize,black soil
39.4,34.6,36.3,28.9,67.8,6.74,813.7,soybean,black soil
86.3,46.2,4.7,16.31,55.49,5.57,2240.7,chilli,black soil
107.9,63.3,78.0,20.88,67.26,6.64,636.6,grapes,red soil
79.6,56.4,47.3,24.64,74.35,7.44,913.4,maize,red soil
99.1,46.3,61.3,21.69,59.99,6.29,982.9,onion,black soil
79.5,50.3,54.2,22.24,56.58,7.09,733.4,chilli,red soil
34.2,45.0,35.3,31.36,49.28,7.66,631.7,pigeonpeas,black soil
49.7,27.9,38.5,30.8,56.28,8.27,575.8,jowar,black soil
62.4,36.5,39.0,20.14,55.6,7.39,622.8,sunflower,black soil
24.5,29.0,23.4,24.58,51.33,6.89,553.3,lentil,black soil
111.4,62.9,55.5,29.99,68.71,6.22,756.4,tomato,alluvial soil
98.5,67.6,81.1,22.62,56.76,6.77,887.0,grapes,red soil
70.4,36.5,40.4,16.82,65.24,6.38,529.6,wheat,alluvial soil
51.4,36.4,41.3,22.99,43.72,6.83,484.7,safflower,red soil
100.6,59.9,99.5,23.84,54.37,7.17,710.7,grapes,black soil
91.8,50.0,59.9,28.64,66.09,6.4,676.0,tomato,red soil
81.7,70.7,9.6,15.52,23.68,7.93,1067.1,chickpea,alluvial soil
15.7,66.4,80.5,18.99,56.35,7.85,1278.1,greengram,laterite soil
39.9,31.2,25.3,29.61,58.95,7.72,499.8,bajra,red soil
14.9,51.0,79.7,44.08,67.03,4.56,1983.9,greengram,alluvial soil
72.3,47.5,48.0,17.6,55.55,7.15,626.5,wheat,alluvial soil
116.9,62.9,98.7,22.15,52.23,7.45,733.3,grapes,black soil
27.2,58.1,0.1,37.21,69.82,8.0,1966.7,jowar,red soil
108.1,47.9,61.3,23.47,58.46,6.19,686.9,onion,alluvial soil
28.0,42.4,26.0,28.86,51.21,6.65,740.6,pigeonpeas,red soil
91.8,60.4,71.8,27.04,79.11,6.02,962.6,tomato,red soil
83.1,56.4,62.3,29.45,51.99,6.63,730.1,pomegranate,black soil
88.7,55.3,54.3,26.5,57.65,6.11,854.6,onion,black soil
29.6,20.7,28.6,25.93,60.3,6.88,718.8,greengram,alluvial soil
109.1,57.2,19.6,16.01,77.98,6.6,2450.8,safflower,black soil
48.9,34.6,38.7,22.3,64.76,7.42,622.8,soybean,black soil
32.8,30.4,20.4,28.45,49.66,6.85,555.7,chickpea,black soil
95.3,52.6,95.0,29.26,66.57,7.45,627.1,grapes,black soil
103.5,66.7,75.1,31.91,76.09,6.64,1241.2,sugarcane,alluvial soil
76.2,50.5,45.9,23.73,57.19,5.77,878.4,maize,alluvial soil
19.8,21.5,23.0,29.22,57.52,6.91,659.6,blackgram,black soil
51.7,5.4,45.4,32.29,87.64,5.93,1205.4,greengram,black soil
42.9,21.5,28.3,27.33,49.19,7.7,543.7,bajra,alluvial soil
86.8,43.6,64.7,23.92,63.84,6.32,772.4,chilli,red soil
36.1,65.0,5.1,21.49,62.68,6.1,945.4,jowar,laterite soil
113.2,54.9,85.8,20.08,61.31,7.39,695.6,grapes,black soil
41.9,25.1,39.8,15.95,52.05,6.58,514.7,safflower,red soil
40.2,40.0,24.0,37.0,87.15,7.48,1672.9,maize,laterite soil
122.4,4.5,35.4,21.34,92.92,7.23,1910.9,sugarcane,alluvial soil
55.9,33.4,30.2,27.38,45.52,7.68,686.7,jowar,black soil
83.0,47.6,68.9,25.7,60.13,6.17,611.8,onion,red soil
89.3,42.1,48.9,30.48,56.06,6.98,999.6,chilli,red soil
117.2,36.9,63.2,39.26,84.13,6.44,1663.4,pomegranate,laterite soil
88.9,51.0,56.7,20.97,62.34,6.37,788.4,onion,black soil
117.0,64.0,25.6,20.91,64.68,8.81,2420.1,sunflower,alluvial soil
88.6,51.4,49.4,28.49,61.1,5.67,990.2,maize,black soil
73.3,50.0,97.1,29.66,41.7,8.09,2411.0,tomato,red soil
63.8,37.5,47.1,20.14,52.44,6.1,610.6,wheat,black soil
116.2,10.7,20.1,20.43,49.82,5.2,2194.2,greengram,alluvial soil
96.6,51.6,62.3,22.4,66.52,5.93,738.6,maize,alluvial soil
118.6,59.4,79.9,23.45,59.68,7.12,642.5,grapes,black soil
115.4,33.3,15.6,13.39,60.56,5.43,784.3,safflower,alluvial soil
29.7,34.3,20.0,31.52,66.05,7.05,670.4,greengram,alluvial soil
18.4,32.0,27.4,30.3,64.96,7.48,542.2,greengram,alluvial soil
38.1,32.7,33.2,34.5,51.18,7.64,511.5,bajra,red soil
81.7,8.8,93.2,20.26,20.78,7.94,1122.8,greengram,black soil
5.1,44.9,7.0,44.81,59.26,6.49,1108.7,pigeonpeas,laterite soil
47.3,34.5,34.1,30.42,61.7,8.02,519.6,jowar,black soil
88.8,42.3,61.5,22.52,59.12,7.22,874.7,maize,black soil
107.8,56.4,87.7,28.23,65.65,6.7,752.8,grapes,black soil
43.7,26.9,93.3,24.04,70.3,8.86,1700.1,cotton,black soil
37.0,42.6,47.5,29.89,55.22,7.42,640.1,groundnut,alluvial soil
106.5,68.0,67.2,25.23,67.4,7.15,1395.8,sugarcane,black soil
74.4,50.3,57.5,32.47,61.86,7.87,789.6,cotton,black soil
37.3,32.9,34.4,24.02,67.31,7.64,687.6,pigeonpeas,red soil
30.3,42.0,36.1,29.17,56.67,7.41,576.4,groundnut,red soil
46.1,36.7,37.1,26.64,60.27,7.61,544.7,jowar,red soil
106.4,4.4,37.9,31.98,86.74,8.86,2349.3,chilli,laterite soil
108.1,33.7,98.7,41.85,62.55,5.81,2098.8,maize,laterite soil
86.8,60.7,44.4,44.97,63.4,9.43,2230.8,groundnut,laterite soil
74.4,41.9,45.8,25.27,73.4,5.75,891.7,maize,black soil
59.0,31.1,36.1,26.52,49.98,7.91,452.3,jowar,red soil
43.6,30.9,45.5,20.56,57.26,6.71,750.2,ragi,red soil
44.0,34.4,36.4,27.5,51.29,7.73,453.7,jowar,red soil
61.6,37.6,43.9,28.39,50.82,7.68,550.6,cotton,black soil
15.9,21.2,19.7,31.57,57.38,7.02,567.5,blackgram,black soil
22.6,22.2,22.4,32.02,68.55,7.15,793.8,greengram,black soil
99.0,59.1,46.9,27.24,62.62,7.49,925.6,maize,alluvial soil
81.4,54.5,55.3,24.78,65.97,7.29,765.4,cotton,red soil
93.8,48.6,58.3,29.87,77.5,6.75,690.5,tomato,alluvial soil
68.9,36.1,52.5,20.24,53.9,6.24,505.6,wheat,alluvial soil
37.1,33.5,32.3,33.29,64.78,7.81,772.7,pigeonpeas,red soil
28.7,23.2,21.3,29.01,51.6,6.52,606.1,greengram,alluvial soil
107.7,61.8,55.0,23.25,63.91,6.35,661.0,tomato,red soil
55.8,44.2,41.5,23.09,50.92,7.88,548.5,sunflower,alluvial soil
112.7,69.7,73.2,27.17,63.47,6.66,612.9,grapes,black soil
111.8,65.5,79.8,23.44,66.62,6.61,635.5,grapes,red soil
22.7,38.4,29.6,29.96,45.44,6.35,418.2,chickpea,red soil
50.7,43.7,40.0,33.2,83.86,7.46,1167.4,bajra,red soil
23.3,31.1,79.6,21.73,75.76,5.62,1098.0,bajra,red soil
93.8,48.0,45.7,25.7,71.8,7.24,803.2,maize,red soil
36.8,39.9,31.9,25.46,62.8,6.92,865.3,pigeonpeas,black soil
69.4,36.7,48.2,22.32,58.71,7.43,536.8,wheat,alluvial soil
31.3,40.4,46.5,32.71,51.43,6.73,890.1,groundnut,red soil
126.0,53.4,71.5,30.94,64.68,6.5,1635.2,sugarcane,alluvial soil
72.1,37.8,54.4,29.61,61.91,7.21,868.0,chilli,black soil
44.6,37.5,38.2,30.67,54.08,7.81,530.5,jowar,black soil
58.6,27.5,34.6,26.02,60.73,7.32,740.9,jowar,black soil
90.0,61.2,73.5,27.71,47.7,6.64,785.6,pomegranate,red soil
29.0,40.2,43.1,31.0,65.0,7.25,853.2,groundnut,red soil
85.4,42.7,55.8,28.13,55.94,6.07,821.3,maize,alluvial soil
89.0,36.8,47.7,30.93,62.32,6.01,680.1,cotton,black soil
37.1,10.7,72.2,17.77,77.63,7.32,712.5,greengram,laterite soil
33.0,37.1,49.7,29.83,51.95,6.45,613.8,groundnut,alluvial soil
25.1,23.4,25.3,26.92,59.3,7.35,660.8,greengram,black soil
28.0,30.6,22.7,27.66,65.85,7.2,602.2,greengram,alluvial soil
54.6,26.5,43.4,21.07,45.39,6.65,601.2,safflower,black soil
69.8,30.1,37.6,27.1,44.97,6.83,523.1,sunflower,black soil
36.6,35.0,28.9,22.2,57.5,6.53,893.8,pigeonpeas,black soil
68.4,50.6,48.8,28.76,50.35,6.29,808.5,cotton,red soil
75.6,25.7,8.6,19.24,20.97,8.6,670.8,groundnut,alluvial soil
20.5,26.6,27.9,30.26,57.28,7.2,728.3,greengram,black soil
92.3,48.4,63.9,26.0,65.94,6.56,839.2,onion,red soil
118.8,54.4,60.6,22.05,57.94,7.34,580.4,jowar,red soil
66.3,47.1,52.7,34.58,61.1,7.16,692.4,cotton,red soil
27.4,34.1,26.5,30.17,51.25,6.86,536.1,blackgram,red soil
15.9,29.7,27.9,23.14,56.69,7.46,454.8,lentil,black soil
31.0,42.9,39.6,22.54,67.94,6.92,857.5,pigeonpeas,red soil
74.5,45.9,47.9,17.14,53.07,6.8,469.7,wheat,alluvial soil
30.9,37.4,25.9,28.6,51.63,6.82,825.5,pigeonpeas,red soil
84.0,52.9,54.3,31.83,68.06,7.23,612.5,chilli,red soil
83.7,12.0,40.2,15.11,32.27,4.62,201.5,wheat,red soil
32.7,79.5,57.0,10.78,50.65,5.5,2195.6,greengram,black soil
93.2,54.0,7.3,24.92,51.05,4.96,1459.7,onion,alluvial soil
8.6,40.9,26.8,28.16,82.18,8.88,1443.5,grapes,laterite soil
54.1,45.9,53.7,21.12,57.19,6.92,526.9,sunflower,alluvial soil
103.3,48.2,63.7,19.85,58.83,6.77,842.2,onion,alluvial soil
73.6,36.8,43.3,24.52,52.95,6.24,580.1,wheat,black soil
81.9,41.0,60.9,23.23,74.86,6.59,835.5,onion,black soil
107.1,55.3,57.0,29.98,68.95,6.8,954.7,tomato,red soil
26.1,64.2,95.9,38.01,23.31,9.46,1818.3,lentil,alluvial soil
18.3,34.8,27.7,29.37,50.71,6.79,693.7,greengram,alluvial soil
35.8,47.8,34.5,25.4,61.14,6.53,823.1,soybean,black soil
101.5,54.9,63.9,25.33,57.08,6.73,882.6,onion,red soil
97.9,51.1,65.3,29.89,67.23,6.31,726.8,tomato,alluvial soil
78.6,70.8,58.4,20.5,25.69,8.84,1904.0,bajra,alluvial soil
137.9,6.3,62.0,27.46,76.66,8.12,886.9,groundnut,black soil
57.6,33.0,10.5,42.48,81.97,8.59,697.2,pigeonpeas,black soil
85.3,35.7,56.1,42.87,43.27,5.31,1847.2,ragi,laterite soil
45.7,23.3,28.3,29.88,41.92,6.77,551.7,bajra,alluvial soil
63.0,39.7,50.5,22.91,52.92,6.57,621.2,wheat,black soil
115.5,32.3,92.1,23.41,94.43,5.55,237.7,onion,red soil
22.1,42.2,49.8,31.38,53.74,7.34,653.7,groundnut,red soil
83.3,35.4,59.9,31.9,64.76,7.11,893.1,chilli,red soil
37.3,29.9,34.4,31.68,54.33,7.14,453.4,bajra,alluvial soil
54.5,45.3,37.4,29.03,51.92,7.15,757.5,sunflower,red soil
61.7,44.7,51.4,15.73,52.48,6.03,550.1,wheat,alluvial soil
103.8,54.5,71.5,26.58,56.05,6.72,774.9,grapes,black soil
16.8,29.8,25.9,32.0,60.12,7.3,591.1,greengram,black soil
71.2,38.8,47.2,21.46,59.31,6.15,539.4,wheat,black soil
128.0,1.1,90.9,31.68,51.01,6.6,2179.7,bajra,black soil
128.3,57.2,61.7,26.64,71.47,7.15,1978.5,sugarcane,alluvial soil
38.1,35.0,28.3,25.53,63.04,7.26,627.3,soybean,alluvial soil
64.3,38.9,41.5,28.75,66.66,5.85,600.1,ragi,red soil
55.2,32.6,33.3,30.25,60.76,7.4,727.0,jowar,black soil
38.2,31.0,38.0,31.99,59.79,6.49,643.7,groundnut,red soil
30.0,2.0,44.2,32.13,25.06,8.21,1691.1,grapes,laterite soil
76.8,43.3,63.9,23.23,57.99,6.1,636.7,maize,red soil
97.7,69.0,50.7,17.64,78.89,9.28,1655.7,chilli,laterite soil
30.7,34.5,34.0,27.03,41.12,7.49,440.4,chickpea,red soil
59.7,67.5,34.5,43.86,85.17,6.24,562.4,tomato,laterite soil
30.2,40.7,43.2,23.44,75.22,6.37,904.2,soybean,black soil
42.5,29.3,32.2,22.27,51.88,6.91,408.1,safflower,black soil
25.1,28.8,25.4,32.37,55.99,7.14,511.0,blackgram,black soil
22.6,21.4,22.0,34.9,56.54,6.29,794.1,blackgram,black soil
103.7,73.5,21.3,25.81,71.29,5.94,446.3,wheat,red soil
116.8,58.9,70.0,20.75,61.07,6.69,844.9,grapes,black soil
16.5,38.0,79.1,24.93,50.62,7.69,1939.0,lentil,laterite soil
97.8,41.4,51.2,23.54,61.86,7.24,881.0,onion,red soil
111.5,52.1,75.5,21.85,53.43,6.81,890.6,grapes,red soil
79.4,35.5,49.1,17.58,61.16,6.14,600.6,wheat,black soil
53.4,28.7,31.0,20.58,40.29,6.52,542.9,safflower,black soil
31.4,44.5,33.3,28.38,51.07,7.74,853.6,pigeonpeas,red soil
81.7,9.4,18.6,25.99,84.28,7.12,2096.5,greengram,red soil
25.9,34.1,31.2,34.77,49.41,7.87,603.2,pigeonpeas,black soil
85.5,35.7,45.0,26.33,57.28,7.22,595.9,cotton,red soil
36.8,30.2,40.8,27.74,59.37,6.22,511.9,groundnut,alluvial soil
83.1,41.0,56.7,20.29,70.9,6.18,732.6,onion,alluvial soil
104.7,62.5,69.6,20.07,70.95,6.71,860.1,tomato,red soil
29.4,20.4,27.9,29.55,62.2,6.88,710.8,blackgram,black soil
117.0,63.3,63.0,24.96,72.43,6.53,790.9,tomato,alluvial soil
22.3,27.7,20.2,21.96,46.62,7.37,648.4,chickpea,red soil
42.8,26.1,32.3,25.88,59.78,7.9,620.5,jowar,red soil
47.4,70.4,61.3,24.69,22.33,6.98,2450.8,tomato,alluvial soil
88.4,56.9,68.3,20.75,62.02,7.32,957.5,onion,red soil
119.6,68.9,75.6,34.59,83.18,7.34,1373.0,sugarcane,alluvial soil
119.8,69.3,79.8,23.23,65.56,6.94,717.3,grapes,black soil
103.7,46.1,33.6,43.39,85.63,7.56,475.7,bajra,alluvial soil
49.5,32.4,41.1,28.42,51.81,7.29,661.7,ragi,laterite soil
59.8,71.4,77.9,43.44,72.31,7.95,2378.4,pigeonpeas,black soil
36.1,41.5,33.8,22.55,47.87,6.6,626.9,pigeonpeas,red soil
97.6,47.5,62.4,28.63,62.0,7.12,862.8,maize,red soil
89.5,41.2,58.3,22.52,73.29,7.13,887.0,maize,black soil
88.3,42.7,64.2,24.45,71.24,7.38,747.9,chilli,red soil
70.9,48.4,63.8,26.93,73.76,6.57,639.0,chilli,red soil
103.9,65.2,65.2,42.04,34.34,7.41,576.4,maize,laterite soil
112.3,63.6,56.1,29.2,74.33,6.96,642.1,tomato,alluvial soil
50.6,31.3,37.0,26.2,62.88,6.78,482.9,jowar,black soil
124.1,39.0,25.1,27.94,56.03,9.29,1761.2,wheat,laterite soil
31.0,35.6,37.4,24.77,52.15,6.85,833.1,pigeonpeas,red soil
77.2,50.8,53.8,29.48,70.14,6.76,783.9,chilli,red soil
85.5,45.3,60.8,29.89,64.34,6.74,609.9,chilli,black soil
93.8,49.8,61.3,20.57,63.24,6.16,659.7,onion,red soil
24.3,29.7,24.5,20.28,45.02,7.38,447.2,lentil,black soil
37.5,30.3,35.2,26.66,55.53,7.32,787.7,pigeonpeas,red soil
49.6,35.1,43.5,29.0,59.36,6.54,576.8,jowar,black soil
11.5,5.7,95.8,40.99,60.18,6.25,1336.2,greengram,black soil
60.6,47.9,44.9,20.7,61.57,6.9,461.8,wheat,black soil
37.0,31.4,37.4,24.06,53.93,6.55,846.6,pigeonpeas,red soil
106.1,63.8,88.5,29.99,75.22,7.08,1272.4,sugarcane,black soil
22.8,21.9,29.8,34.39,64.0,6.57,652.7,greengram,alluvial soil
86.4,64.6,92.5,12.08,41.25,5.17,990.7,maize,alluvial soil
19.4,33.7,29.1,26.83,47.38,6.71,442.1,lentil,black soil
47.7,30.9,38.1,25.43,54.16,7.03,631.1,jowar,red soil
108.1,51.3,71.7,33.09,55.7,7.37,701.7,pomegranate,black soil
79.7,35.8,40.5,24.84,53.86,6.07,643.4,wheat,black soil
101.4,60.4,73.5,28.81,62.28,7.09,651.7,grapes,black soil
15.4,25.8,26.6,19.48,54.58,7.22,548.5,lentil,black soil
18.3,29.1,21.6,27.0,47.27,6.39,559.6,lentil,alluvial soil
78.5,40.7,47.3,21.91,56.58,7.0,625.5,wheat,alluvial soil
101.3,48.3,64.9,20.64,74.86,6.26,983.3,tomato,alluvial soil
24.0,20.2,27.0,27.4,66.3,7.29,732.5,blackgram,black soil
51.0,40.6,48.9,24.58,43.9,7.68,730.0,sunflower,black soil
113.0,45.6,64.7,29.44,76.8,6.57,774.1,tomato,red soil
98.2,56.0,67.4,26.7,63.5,6.34,670.5,tomato,red soil
75.5,44.5,63.3,24.43,62.78,7.01,980.1,chilli,black soil
73.4,45.3,40.5,23.98,64.5,7.16,594.0,wheat,black soil
23.6,71.5,30.8,36.0,91.17,9.16,302.2,wheat,laterite soil
113.8,65.5,94.8,27.36,60.84,7.02,711.4,grapes,black soil
23.4,30.4,24.5,18.05,59.97,6.91,520.7,lentil,alluvial soil
40.5,41.3,34.8,29.32,65.53,6.14,954.9,soybean,black soil
114.3,72.3,93.7,22.79,77.57,9.49,1519.8,sunflower,black soil
26.4,31.1,36.8,31.79,59.59,7.16,725.0,pigeonpeas,red soil
114.7,59.3,72.7,27.69,67.39,7.03,1852.8,sugarcane,alluvial soil
95.4,61.4,75.8,31.02,50.55,7.37,704.5,pomegranate,red soil
35.1,41.7,48.3,32.39,60.43,7.14,680.7,groundnut,red soil
57.0,45.0,41.7,23.13,59.28,7.17,825.8,ragi,laterite soil
55.0,18.8,92.3,28.86,74.97,4.7,2360.6,soybean,black soil
32.7,36.5,23.3,23.0,55.64,6.31,533.0,chickpea,black soil
65.3,42.7,49.9,20.77,51.02,6.47,592.4,wheat,alluvial soil
87.0,53.8,85.3,27.98,54.17,6.85,672.2,pomegranate,red soil
34.5,26.4,21.3,26.06,57.22,7.24,562.0,chickpea,black soil
25.1,54.0,21.2,24.88,81.63,6.75,1663.8,greengram,red soil
66.0,63.4,1.6,15.34,29.52,4.83,2245.2,ragi,alluvial soil
22.8,26.5,26.7,21.11,46.85,6.52,462.3,lentil,black soil
84.1,49.7,61.4,26.9,56.41,6.67,755.8,chilli,black soil
22.9,35.3,25.8,28.22,43.17,7.88,468.5,chickpea,black soil
88.9,52.1,43.9,25.35,53.06,6.37,910.2,cotton,black soil
25.7,39.6,26.9,25.26,47.47,7.34,763.5,pigeonpeas,red soil
25.9,20.5,29.9,27.83,58.22,7.35,653.7,greengram,black soil
126.8,8.5,94.7,19.68,77.56,4.54,1195.9,soybean,alluvial soil
47.2,36.0,75.5,12.36,28.1,4.81,1673.5,jowar,red soil
38.6,26.8,35.7,32.19,62.34,7.45,516.2,groundnut,alluvial soil
35.0,26.3,32.5,20.9,54.55,6.22,527.6,chickpea,black soil
30.6,28.3,20.2,26.81,44.73,7.01,453.6,chickpea,red soil
34.0,47.5,41.7,26.91,66.34,6.5,807.3,soybean,alluvial soil
83.1,49.9,46.9,30.75,62.95,6.51,906.0,chilli,black soil
110.8,56.8,80.9,32.45,77.27,6.67,1480.6,sugarcane,black soil
117.0,59.1,81.0,21.68,67.25,6.8,667.9,grapes,red soil
44.7,41.6,39.3,25.19,61.38,6.79,969.3,ragi,red soil
99.4,48.2,59.2,27.85,72.27,6.27,852.3,tomato,alluvial soil
15.5,31.3,26.0,22.75,57.24,7.04,559.0,lentil,alluvial soil
82.6,53.1,47.1,28.36,63.3,7.04,980.4,maize,red soil
59.5,35.4,54.7,21.61,40.73,6.56,593.3,sunflower,alluvial soil
50.9,37.0,35.9,22.33,53.5,7.32,538.7,safflower,red soil
27.2,27.2,44.4,26.29,63.92,6.27,857.8,groundnut,red soil
22.3,42.2,31.0,27.68,54.12,6.27,665.5,groundnut,red soil
137.8,51.9,68.4,29.62,60.51,7.15,1522.5,sugarcane,alluvial soil
82.3,54.9,64.7,24.24,58.51,6.12,863.6,chilli,red soil
26.2,24.2,27.8,31.58,60.12,6.71,664.3,blackgram,red soil
68.4,52.1,55.1,28.35,63.6,6.05,913.3,cotton,red soil
124.4,75.1,87.5,20.33,50.83,5.04,1117.7,jowar,alluvial soil
62.1,37.6,49.9,20.59,52.46,7.01,492.6,wheat,alluvial soil
69.9,49.4,47.9,19.75,56.75,6.06,461.6,wheat,black soil
82.9,57.0,81.4,32.46,50.29,6.62,720.9,pomegranate,black soil
73.5,54.5,52.1,26.07,74.44,6.7,976.0,maize,alluvial soil
48.8,27.8,37.4,24.49,51.6,6.97,647.3,safflower,red soil
78.5,47.5,60.5,26.4,74.29,6.04,652.5,chilli,red soil
111.4,64.4,65.3,27.26,61.51,6.94,859.0,tomato,alluvial soil
20.8,25.2,20.6,23.92,46.15,6.89,559.5,lentil,black soil
56.3,46.6,42.4,43.46,53.22,6.2,1118.5,blackgram,red soil
19.2,26.5,16.7,27.23,64.57,7.32,531.5,blackgram,black soil
78.1,40.7,40.4,30.13,67.93,7.15,620.6,cotton,red soil
29.5,29.1,34.0,25.29,50.4,7.52,632.0,chickpea,black soil
126.8,42.5,77.6,40.01,29.98,9.33,585.9,tomato,black soil
81.0,39.5,45.4,27.14,53.4,7.98,958.3,cotton,red soil
99.9,52.0,55.3,22.68,70.41,6.35,657.1,tomato,alluvial soil
114.9,54.8,69.5,26.31,75.01,6.83,1478.5,sugarcane,alluvial soil
98.3,56.5,85.5,21.65,57.12,6.54,643.8,grapes,black soil
72.6,46.3,49.8,21.29,54.05,6.45,621.4,wheat,alluvial soil
33.4,39.8,29.6,27.01,43.17,6.07,424.2,chickpea,red soil
23.4,30.8,82.7,35.02,42.34,6.46,1214.2,sunflower,black soil
73.3,39.0,51.5,24.15,56.82,7.1,969.9,cotton,black soil
80.7,56.6,66.3,31.36,56.62,6.89,677.7,pomegranate,red soil
64.9,33.2,41.1,27.8,60.15,6.31,631.7,ragi,red soil
28.9,34.0,30.6,29.2,40.31,6.74,587.3,chickpea,black soil
71.9,38.0,51.0,21.95,65.42,7.15,478.2,wheat,black soil
88.2,47.7,70.0,25.59,63.23,6.01,771.4,onion,alluvial soil
67.0,54.7,54.8,33.68,64.65,7.37,541.6,cotton,black soil
52.2,7.7,9.6,39.4,36.26,7.3,312.1,maize,alluvial soil
19.8,27.4,23.9,30.41,56.41,7.03,589.9,greengram,black soil
34.4,45.9,34.7,23.63,61.69,6.87,946.1,soybean,black soil
44.0,37.9,40.2,25.39,67.7,6.06,743.1,soybean,alluvial soil
45.3,42.9,39.0,29.36,70.25,6.39,722.6,soybean,black soil
26.1,21.5,21.9,30.55,51.11,6.33,785.3,blackgram,red soil
43.2,33.3,41.2,23.73,52.15,7.65,441.9,safflower,red soil
90.8,55.1,61.0,25.12,69.43,5.98,933.5,maize,red soil
1.4,21.0,62.8,10.56,52.28,4.74,1171.0,sugarcane,alluvial soil
45.1,34.3,36.2,16.39,39.06,7.66,533.6,safflower,red soil
112.6,51.0,86.5,28.08,63.98,7.15,675.4,grapes,red soil
19.0,28.7,26.4,19.76,61.0,6.87,451.0,lentil,alluvial soil
18.6,29.4,21.6,26.33,54.84,6.63,547.9,lentil,alluvial soil
57.7,61.0,21.3,40.43,29.98,6.61,2131.6,ragi,laterite soil
52.7,47.5,47.7,26.38,41.54,7.97,554.0,sunflower,alluvial soil
16.6,29.9,25.5,20.82,46.56,6.22,463.3,lentil,alluvial soil
87.1,42.0,59.2,25.45,70.91,6.62,763.6,onion,red soil
23.8,38.5,28.1,27.43,48.62,7.33,502.6,chickpea,red soil
51.5,25.5,87.8,42.67,40.08,5.93,312.3,greengram,red soil
136.0,65.9,78.9,31.07,83.73,7.41,1465.0,sugarcane,black soil
120.1,61.0,2.6,18.01,82.88,5.66,856.0,greengram,laterite soil
99.8,29.0,83.1,22.41,36.16,9.24,1941.7,chilli,alluvial soil
9.6,34.4,16.9,39.55,84.92,9.24,2158.1,greengram,black soil
34.1,35.1,26.3,28.71,67.43,6.04,928.8,soybean,alluvial soil
30.7,37.5,37.2,29.5,45.16,7.16,718.0,pigeonpeas,red soil
48.7,44.2,31.6,29.15,62.4,6.16,665.8,soybean,alluvial soil
46.0,40.4,49.3,23.23,52.15,6.93,987.9,ragi,laterite soil
61.0,48.9,54.9,18.53,51.18,7.38,550.2,wheat,black soil
55.7,27.4,41.1,31.29,63.04,7.8,517.8,jowar,black soil
48.9,15.3,76.1,23.6,90.03,5.11,821.6,blackgram,black soil
53.6,35.9,36.2,28.01,61.72,7.18,484.4,jowar,red soil
28.4,38.7,41.2,31.58,59.36,7.44,778.9,groundnut,red soil
19.2,33.9,29.0,22.66,48.18,6.52,516.8,lentil,alluvial soil
43.3,31.7,35.6,28.34,52.48,6.82,836.8,ragi,laterite soil
72.4,47.5,57.7,33.91,67.28,7.72,823.5,cotton,red soil
20.1,29.9,22.0,32.83,52.79,7.35,515.1,greengram,black soil
28.9,29.5,24.7,29.57,62.71,7.43,726.6,greengram,black soil
100.5,57.4,72.4,32.25,81.22,6.61,1545.8,sugarcane,black soil
53.4,40.4,44.3,21.8,54.26,7.35,786.5,sunflower,red soil
93.2,48.1,45.2,26.46,71.11,7.06,839.2,chilli,black soil
98.0,70.9,10.7,15.57,84.73,6.11,1991.5,onion,laterite soil
103.4,40.4,57.7,27.06,63.04,6.17,939.1,onion,black soil
95.1,58.8,57.4,29.03,68.4,6.46,820.0,tomato,red soil
27.5,32.8,27.8,31.75,59.42,7.4,622.1,greengram,black soil
34.4,32.2,27.6,29.78,56.33,7.04,558.5,chickpea,black soil
73.8,55.9,63.5,25.79,74.74,6.13,671.9,maize,black soil
28.0,37.7,36.1,28.16,59.44,6.59,852.9,pigeonpeas,black soil
58.7,42.5,46.3,24.65,59.58,7.43,592.0,sunflower,alluvial soil
101.8,15.4,22.4,24.68,39.57,7.15,1490.6,chickpea,alluvial soil
28.3,42.7,37.1,31.91,50.69,6.12,616.9,groundnut,alluvial soil
119.8,68.2,64.4,32.91,73.24,7.02,1958.8,sugarcane,black soil
99.0,47.9,59.7,23.74,71.96,7.25,751.5,chilli,red soil
72.9,30.7,52.9,29.71,70.64,8.04,2155.8,grapes,black soil
83.7,35.9,51.6,30.22,73.9,7.15,837.7,chilli,black soil
65.3,12.9,59.7,34.94,30.05,4.88,347.6,lentil,black soil
62.8,44.4,51.0,22.61,67.15,6.48,497.8,wheat,alluvial soil
23.9,20.2,15.5,31.04,51.93,7.17,755.5,blackgram,red soil
35.4,36.4,38.2,29.07,51.28,6.51,837.8,pigeonpeas,black soil
99.4,45.9,61.6,27.29,71.79,6.66,982.5,maize,alluvial soil
59.9,33.2,41.1,24.4,59.57,5.54,901.3,ragi,red soil
53.6,27.4,30.8,29.76,58.24,7.08,408.5,bajra,red soil
111.5,63.4,73.1,26.63,76.11,6.11,890.6,tomato,alluvial soil
18.9,26.0,20.7,24.31,50.11,6.0,593.6,lentil,black soil
49.7,31.1,35.7,15.42,41.85,6.51,573.0,safflower,black soil
112.3,47.6,65.6,20.84,75.76,6.4,984.1,tomato,red soil
92.8,27.0,30.4,40.99,93.91,8.34,2248.2,jowar,alluvial soil
60.3,26.5,12.8,37.82,63.2,9.0,603.1,soybean,black soil
101.0,28.9,65.8,12.92,90.56,7.08,2286.4,sunflower,laterite soil
92.3,35.6,59.4,30.84,61.44,6.93,808.2,chilli,red soil
81.0,71.5,29.0,21.77,84.89,5.32,1931.5,greengram,black soil
20.1,34.6,48.7,29.94,54.51,7.33,814.7,groundnut,alluvial soil
81.0,44.7,49.3,28.32,64.75,7.34,876.5,maize,alluvial soil
89.6,13.3,44.6,41.54,27.64,8.28,2346.1,greengram,alluvial soil
39.9,37.6,47.8,31.09,57.88,6.48,621.2,groundnut,red soil
135.5,67.8,69.3,29.98,70.04,7.37,1786.8,sugarcane,black soil
32.8,43.6,41.8,29.1,68.01,7.23,528.0,groundnut,red soil
53.1,39.1,41.9,20.89,62.46,6.68,699.5,ragi,laterite soil
26.7,33.9,20.4,25.23,68.15,6.6,636.3,greengram,black soil
57.5,9.1,99.0,41.37,49.95,6.99,1860.9,soybean,red soil
74.0,75.6,61.5,14.98,66.57,6.8,1758.6,wheat,laterite soil
21.1,26.0,24.1,27.9,43.04,6.82,445.6,chickpea,red soil
21.9,25.8,26.0,20.87,46.8,6.57,442.7,chickpea,black soil
116.3,47.3,56.5,20.47,63.64,6.89,615.2,tomato,red soil
98.0,56.9,62.5,29.96,55.24,7.09,759.5,pomegranate,black soil
36.6,44.1,29.4,26.25,76.03,6.92,610.5,soybean,alluvial soil
38.0,1.2,50.0,12.9,60.22,5.94,1699.5,soybean,laterite soil
85.4,52.4,54.3,26.56,72.13,6.11,729.1,onion,alluvial soil
73.8,48.4,63.6,27.36,69.93,5.97,929.8,maize,alluvial soil
23.1,20.7,17.0,25.73,60.17,6.48,796.8,blackgram,red soil
51.9,63.0,64.3,26.03,67.5,7.37,2481.1,grapes,black soil
94.6,53.7,79.4,24.89,90.57,4.61,320.3,cotton,red soil
21.3,25.9,23.8,22.44,53.19,6.67,637.7,chickpea,black soil
46.3,33.9,43.0,22.84,53.71,6.36,883.1,ragi,red soil
63.9,41.5,54.3,27.75,51.28,7.34,640.4,sunflower,alluvial soil
25.6,33.5,23.1,30.16,69.09,7.27,689.6,greengram,black soil
29.5,37.0,36.5,34.95,51.07,6.94,813.8,pigeonpeas,black soil
24.4,26.6,22.6,22.94,59.26,6.52,573.2,chickpea,red soil
97.7,36.2,45.2,29.32,55.77,6.87,622.6,chilli,red soil
95.2,55.7,58.7,28.62,64.63,6.27,736.9,tomato,alluvial soil
46.0,40.3,35.1,29.75,65.78,6.99,798.4,ragi,red soil
14.3,51.1,24.3,39.62,39.11,7.14,1064.5,sugarcane,black soil
31.8,76.4,65.1,33.29,56.6,4.8,668.8,groundnut,laterite soil
37.7,43.0,32.4,25.08,68.32,7.28,709.1,soybean,alluvial soil
77.4,41.4,45.8,23.31,63.37,6.26,757.8,maize,black soil
25.8,31.7,28.8,27.36,57.87,6.73,536.1,blackgram,black soil
132.8,73.4,40.4,20.63,76.76,7.42,1899.8,grapes,alluvial soil
17.7,31.7,48.6,14.22,69.52,5.19,410.3,chilli,alluvial soil
34.3,32.3,31.4,34.89,57.04,7.49,846.9,pigeonpeas,red soil
36.4,30.7,26.8,26.09,41.65,7.71,605.5,bajra,red soil
28.0,30.7,38.4,30.16,62.06,6.88,640.2,pigeonpeas,red soil
76.4,40.7,54.6,26.09,67.37,6.09,600.2,cotton,black soil
121.5,73.2,96.9,28.8,80.5,6.93,1056.0,blackgram,alluvial soil
19.9,24.6,18.8,34.18,50.93,6.25,735.3,blackgram,black soil
21.8,41.5,45.6,32.92,50.55,6.92,781.3,groundnut,red soil
52.6,28.5,37.7,34.38,59.65,7.83,496.8,bajra,alluvial soil
91.6,46.2,60.3,28.83,60.03,6.6,686.5,tomato,red soil
132.5,63.7,82.2,25.03,81.64,6.8,1307.9,sugarcane,black soil
84.5,48.9,54.8,34.21,61.35,7.84,713.0,cotton,red soil
40.6,36.1,48.8,24.93,68.55,6.97,914.8,ragi,laterite soil
27.4,26.6,25.0,27.79,63.78,7.07,516.9,blackgram,red soil
36.8,39.0,35.6,25.64,62.82,6.27,791.2,soybean,alluvial soil
95.4,62.2,81.2,20.83,50.31,7.33,767.0,grapes,red soil
51.5,23.5,34.2,31.91,49.17,7.06,522.1,bajra,red soil
58.8,39.8,31.4,29.99,47.25,7.87,649.4,jowar,red soil
111.4,54.2,83.5,25.29,58.63,7.18,648.0,grapes,black soil
42.1,31.6,33.7,31.03,47.85,7.63,684.9,jowar,red soil
35.0,36.7,43.5,26.96,55.61,6.03,536.3,groundnut,alluvial soil
57.6,25.4,29.5,21.38,68.34,9.49,2129.0,onion,black soil
79.6,37.3,60.4,26.16,55.19,6.4,690.5,chilli,red soil
98.1,22.6,97.7,20.97,48.7,5.59,631.1,sunflower,black soil
134.8,39.2,15.1,31.88,38.97,6.48,2181.2,groundnut,black soil
110.4,29.6,64.7,15.94,24.89,5.69,1167.3,cotton,laterite soil
49.6,29.5,31.7,34.18,52.02,6.91,579.3,bajra,alluvial soil
117.2,63.3,84.2,29.99,61.96,7.36,653.3,grapes,black soil
37.8,31.5,33.7,25.04,72.53,6.43,930.9,soybean,black soil
47.2,38.6,43.8,28.97,60.62,6.78,939.8,ragi,laterite soil
107.9,53.6,23.7,32.68,92.18,5.16,2410.0,safflower,black soil
55.7,33.5,40.6,30.86,55.84,8.05,499.4,jowar,black soil
61.2,38.4,52.5,21.98,58.06,6.79,577.2,wheat,black soil
87.6,35.3,69.2,41.7,56.63,8.78,389.6,onion,laterite soil
48.4,27.8,37.7,27.46,52.56,7.91,691.3,jowar,red soil
129.1,59.4,72.3,25.33,80.64,6.64,1608.1,sugarcane,alluvial soil
60.0,35.2,54.9,28.03,44.5,7.28,793.2,sunflower,alluvial soil
89.4,57.2,58.1,25.91,68.24,5.58,872.3,maize,black soil
60.8,40.7,50.5,28.75,66.52,6.63,814.4,cotton,black soil
111.3,56.7,63.0,28.38,70.74,6.56,1339.7,sugarcane,alluvial soil
58.7,27.2,34.9,29.42,46.46,6.7,486.5,jowar,red soil
87.1,54.4,56.4,31.02,56.27,6.1,813.7,chilli,black soil
19.4,77.5,96.9,27.48,61.56,6.64,1448.5,jowar,laterite soil
48.5,31.3,30.5,27.01,59.92,7.29,447.8,bajra,red soil
107.3,67.0,63.2,30.75,40.8,6.79,633.3,pomegranate,red soil
84.6,51.5,51.4,13.41,84.97,5.09,1906.0,chilli,black soil
118.4,58.5,94.4,24.34,60.05,6.55,754.7,grapes,black soil
17.7,34.7,22.5,20.96,58.27,6.13,561.9,lentil,alluvial soil
28.6,21.0,27.8,29.64,64.01,6.65,520.1,blackgram,black soil
2.2,53.2,61.8,12.39,46.47,8.6,1618.9,grapes,alluvial soil
98.0,45.4,54.8,24.3,55.81,6.22,682.3,chilli,black soil
94.9,63.5,78.3,21.26,52.84,6.69,823.0,grapes,black soil
16.0,33.1,28.2,25.45,45.38,6.46,531.3,lentil,black soil
23.7,27.1,28.1,23.52,48.11,7.57,533.7,chickpea,black soil
31.0,49.6,39.0,22.32,63.09,6.22,647.1,soybean,alluvial soil
36.5,39.9,32.5,28.59,61.94,7.96,806.9,pigeonpeas,black soil
80.9,46.6,46.5,25.14,57.08,6.76,927.3,chilli,black soil
71.2,48.8,7.8,39.98,39.28,8.76,1857.1,wheat,red soil
56.3,37.2,39.3,15.08,38.16,7.37,643.7,safflower,black soil
46.1,38.8,43.5,21.7,47.39,6.53,476.3,safflower,red soil
37.6,38.5,31.9,28.42,56.81,7.69,649.2,pigeonpeas,black soil
80.7,53.3,71.3,27.35,50.98,6.74,693.6,pomegranate,red soil
53.4,33.2,41.3,25.48,56.14,7.71,452.0,jowar,black soil
108.4,69.5,71.9,25.69,52.51,7.05,713.8,pomegranate,red soil
68.6,41.3,40.0,29.59,45.66,6.98,610.6,sunflower,alluvial soil
50.4,40.3,53.3,27.17,46.71,7.53,645.2,sunflower,black soil
73.0,36.8,59.6,25.72,59.37,7.5,966.8,cotton,black soil
83.4,46.2,51.5,25.04,59.73,6.1,875.5,cotton,black soil
90.4,66.4,94.9,27.79,75.76,9.37,296.0,blackgram,alluvial soil
25.0,29.1,22.6,20.89,56.43,7.32,402.4,chickpea,red soil
77.3,41.2,55.2,30.11,71.94,6.75,774.2,chilli,black soil
27.9,37.5,34.1,21.83,48.35,6.78,548.2,chickpea,red soil
48.8,30.2,36.1,33.33,42.07,7.32,631.6,bajra,red soil
54.9,44.1,38.2,24.07,67.12,6.31,778.9,ragi,red soil
102.0,53.6,73.7,34.88,44.66,7.05,531.7,pomegranate,red soil
37.3,43.3,31.7,30.27,68.55,7.96,832.5,pigeonpeas,red soil
35.8,52.2,55.2,24.71,51.65,5.94,2027.6,grapes,black soil
84.1,64.7,49.3,27.05,52.73,5.15,2350.7,pigeonpeas,alluvial soil
83.5,36.0,42.5,28.51,68.61,7.09,575.9,cotton,red soil
56.3,34.2,40.6,28.23,59.65,8.49,706.7,jowar,red soil
16.8,30.4,22.9,33.49,59.01,7.04,711.9,greengram,alluvial soil
85.3,2.9,27.4,33.47,70.98,4.61,2308.3,bajra,laterite soil
17.1,27.0,23.9,24.35,52.08,7.46,552.0,lentil,black soil
3.3,46.1,3.5,14.12,58.07,4.61,947.0,blackgram,red soil
36.7,22.2,37.6,32.91,57.07,7.71,634.0,bajra,alluvial soil
125.2,16.8,58.2,43.12,90.7,8.17,2491.2,sunflower,laterite soil
15.6,25.7,27.6,18.74,62.5,7.08,422.8,lentil,alluvial soil
38.4,40.7,26.4,34.91,66.7,6.91,886.3,pigeonpeas,black soil
32.5,41.9,28.0,30.16,56.31,7.36,745.7,pigeonpeas,black soil
106.7,68.3,71.6,32.87,66.41,7.03,1357.2,sugarcane,alluvial soil
20.9,40.9,45.8,25.61,50.51,7.43,652.9,groundnut,red soil
136.9,76.3,92.8,40.19,71.88,6.93,259.5,safflower,red soil
66.6,43.1,41.3,31.73,58.88,7.53,875.1,cotton,black soil
70.8,57.9,58.2,28.12,56.16,6.13,650.7,maize,alluvial soil
92.5,67.6,67.9,32.84,54.21,7.45,654.8,pomegranate,black soil
43.8,31.4,34.1,15.0,36.61,7.26,500.6,safflower,black soil
48.7,35.1,36.4,31.42,63.25,7.68,661.2,jowar,black soil
52.6,37.4,45.1,26.19,44.73,6.98,578.0,sunflower,red soil
33.4,47.6,90.9,31.52,84.12,6.37,1250.9,chickpea,red soil
20.4,27.6,36.1,30.01,54.3,6.14,793.8,groundnut,red soil
18.0,34.3,84.9,20.5,74.83,5.6,766.3,bajra,alluvial soil
19.2,31.6,29.6,25.16,68.5,6.81,743.7,blackgram,black soil
17.2,29.0,18.3,29.55,68.6,7.32,549.7,blackgram,black soil
119.9,62.8,72.1,28.34,64.59,6.1,657.1,tomato,red soil
58.2,37.5,41.9,23.02,45.01,6.59,648.3,sunflower,alluvial soil
15.2,28.9,26.3,19.11,52.72,6.71,485.9,lentil,alluvial soil
64.1,5.8,97.2,13.42,87.58,6.87,1854.7,greengram,laterite soil
36.2,31.2,34.3,31.38,65.98,7.94,843.9,pigeonpeas,black soil
61.4,50.0,19.7,15.38,47.77,5.95,2293.1,blackgram,laterite soil
108.9,53.8,70.8,29.75,43.13,6.8,578.7,pomegranate,red soil
70.0,51.8,64.4,22.31,72.37,6.98,841.2,maize,black soil
62.6,44.5,65.9,40.73,54.39,9.21,1100.1,onion,black soil
46.9,28.9,40.1,29.96,64.63,8.25,603.3,jowar,black soil
96.0,50.7,53.3,22.69,62.58,7.18,877.1,maize,red soil
26.7,34.0,25.4,28.04,57.28,7.98,757.3,pigeonpeas,red soil
111.6,57.2,93.5,24.36,60.7,6.91,668.2,grapes,red soil
28.1,44.5,36.0,22.06,61.62,7.95,712.3,pigeonpeas,red soil
24.9,35.6,47.9,28.81,50.93,6.49,755.1,groundnut,alluvial soil
54.8,43.3,47.5,27.82,57.88,7.26,545.9,sunflower,alluvial soil
47.2,30.3,34.7,24.18,74.57,6.44,744.0,soybean,black soil
22.0,31.6,26.7,22.98,58.25,7.04,434.7,lentil,black soil
115.0,47.2,60.2,27.43,78.42,6.49,653.8,tomato,red soil
67.6,43.2,59.7,31.57,64.04,7.81,850.8,cotton,black soil
61.3,7.4,26.9,23.44,76.28,6.18,1121.2,cotton,black soil
39.8,32.4,44.0,26.23,71.1,6.25,868.1,soybean,alluvial soil
57.7,35.0,39.9,25.02,45.47,8.11,626.8,jowar,red soil
96.5,68.7,13.2,16.45,85.87,8.6,287.9,safflower,black soil
126.6,63.3,14.5,14.26,38.57,5.28,1475.0,soybean,black soil
66.6,45.4,45.5,20.59,62.92,6.43,570.5,wheat,alluvial soil
20.6,22.7,29.2,31.33,67.59,7.47,628.6,blackgram,black soil
28.7,39.6,26.0,28.69,46.59,6.49,640.8,chickpea,black soil
26.4,24.7,26.6,26.98,56.12,6.56,597.0,greengram,black soil
24.6,32.5,28.4,25.6,59.47,6.64,437.8,lentil,black soil
45.3,53.3,70.5,27.77,55.17,4.56,2378.0,onion,red soil
113.4,63.0,92.5,26.48,56.99,7.01,815.3,grapes,black soil
86.1,40.9,42.4,29.8,68.37,6.19,906.4,cotton,black soil
90.2,43.0,45.3,22.48,70.97,7.43,880.3,maize,alluvial soil
66.6,37.8,51.4,22.92,68.65,7.0,509.5,wheat,black soil
57.0,29.8,40.4,24.07,48.77,7.19,590.3,safflower,black soil
93.3,54.5,58.6,30.01,71.31,6.08,801.5,chilli,black soil
51.0,34.4,47.6,26.81,54.29,7.68,590.6,sunflower,red soil
77.9,38.7,50.6,21.12,54.96,6.44,529.9,wheat,alluvial soil
18.0,21.4,62.2,20.42,68.36,5.61,2270.4,tomato,black soil
102.8,9.6,10.4,13.68,20.24,8.79,1580.8,sunflower,red soil
45.4,31.1,36.4,17.42,48.61,7.86,503.0,safflower,black soil
23.3,34.1,32.1,22.19,41.24,7.2,546.0,chickpea,black soil
98.8,50.0,59.4,25.86,56.68,6.22,799.9,chilli,black soil
55.2,31.1,42.5,23.72,50.45,5.57,944.5,ragi,laterite soil
74.5,68.9,62.7,22.12,32.99,8.57,1055.0,blackgram,alluvial soil
98.6,47.5,59.1,20.32,78.51,6.25,858.9,tomato,alluvial soil
19.9,26.9,25.4,27.54,51.34,7.19,411.8,lentil,alluvial soil
33.8,28.0,27.2,24.76,41.21,6.45,623.9,chickpea,red soil
28.3,38.0,35.9,25.96,54.79,7.81,868.8,pigeonpeas,red soil
59.2,26.5,31.9,31.6,46.37,6.72,513.8,jowar,red soil
33.1,32.0,38.7,26.68,77.76,6.38,706.9,soybean,black soil
68.6,35.1,38.4,24.96,59.87,6.68,670.4,sunflower,black soil
100.0,64.1,85.3,28.16,52.15,6.94,864.7,grapes,black soil
53.7,44.2,30.9,43.1,49.55,4.5,1735.7,lentil,laterite soil
74.0,38.7,53.0,19.28,53.51,6.3,533.6,wheat,black soil
41.6,31.6,49.5,28.65,58.7,7.44,899.3,ragi,red soil
73.2,47.5,49.8,30.12,60.49,7.35,822.3,cotton,black soil
99.2,57.9,70.3,20.73,51.26,6.61,661.9,grapes,black soil
0.5,12.7,97.6,38.38,72.48,5.05,1634.0,safflower,red soil
73.5,36.7,55.3,26.33,57.97,7.51,721.4,cotton,black soil
31.0,38.7,35.9,26.08,56.75,7.56,749.2,pigeonpeas,red soil
15.6,28.8,16.3,32.42,53.25,6.81,767.0,blackgram,red soil
94.2,55.0,59.2,28.84,70.66,5.89,785.7,maize,alluvial soil
24.6,28.6,24.4,23.64,51.15,7.59,526.5,chickpea,red soil
53.0,46.8,46.6,27.01,57.12,7.42,641.9,sunflower,black soil
70.2,8.7,58.5,21.81,55.67,8.36,282.3,sugarcane,black soil
30.2,39.7,36.5,30.76,51.46,6.89,715.5,pigeonpeas,black soil
30.0,29.9,34.5,27.14,40.43,6.11,594.9,chickpea,black soil
63.7,47.9,37.7,28.84,54.94,7.79,508.4,sunflower,alluvial soil
59.9,46.3,45.6,21.96,52.73,7.98,677.1,sunflower,alluvial soil
35.8,35.2,33.7,26.21,55.64,7.17,657.4,groundnut,alluvial soil
120.2,4.4,39.3,13.79,74.52,6.59,2400.1,sugarcane,black soil
15.9,77.4,52.7,26.87,70.05,6.31,1535.2,chickpea,black soil
94.2,54.3,61.9,25.89,61.32,6.99,894.4,chilli,black soil
18.5,30.0,24.1,27.42,69.01,6.77,717.2,blackgram,black soil
106.4,66.6,91.9,28.13,55.89,6.59,827.7,grapes,red soil
101.1,49.5,37.3,35.95,20.59,7.96,1489.3,pomegranate,alluvial soil
45.5,27.2,33.8,27.35,54.71,6.03,533.6,bajra,alluvial soil
19.3,34.3,23.4,30.88,54.15,7.35,768.9,greengram,alluvial soil
94.8,44.6,69.0,26.11,64.0,6.07,993.9,onion,alluvial soil
63.0,39.6,57.7,32.25,58.17,6.48,666.9,cotton,red soil
121.7,14.1,51.7,14.68,39.1,6.28,990.6,wheat,black soil
87.6,63.8,80.5,27.07,40.5,7.21,549.2,pomegranate,black soil
27.8,32.2,25.9,32.59,52.01,7.46,521.8,blackgram,black soil
116.3,49.5,66.6,24.83,67.52,6.57,907.9,tomato,alluvial soil
25.6,31.8,38.0,30.73,58.67,6.88,666.3,pigeonpeas,red soil
57.2,35.2,33.4,25.69,60.9,7.33,580.2,jowar,black soil
135.5,65.2,73.0,34.88,60.85,6.88,1665.9,sugarcane,alluvial soil
15.3,22.2,16.4,25.26,66.48,6.6,589.1,blackgram,black soil
28.0,37.9,24.7,28.54,43.88,6.27,520.9,chickpea,black soil
90.1,51.7,99.5,27.5,50.53,6.98,631.9,grapes,red soil
22.6,20.2,22.7,34.46,60.62,6.79,592.7,greengram,black soil
41.6,35.6,34.0,28.93,76.75,6.01,641.9,soybean,black soil
30.7,32.5,21.6,28.14,46.92,6.8,568.2,chickpea,black soil
77.9,54.8,58.5,27.14,72.8,5.97,764.9,maize,black soil
37.2,30.2,39.6,28.2,52.72,7.0,726.1,groundnut,alluvial soil
135.6,64.5,6.0,14.95,69.24,8.39,1965.5,jowar,red soil
39.0,47.6,35.8,29.87,78.04,6.25,747.9,soybean,black soil
112.9,68.1,86.2,22.93,54.37,7.37,798.3,grapes,black soil
44.4,26.6,30.5,31.85,52.25,6.93,679.3,jowar,red soil
119.6,51.0,63.2,24.01,70.88,6.28,659.3,tomato,red soil
126.9,69.4,86.3,12.8,50.45,7.53,2388.2,cotton,alluvial soil
89.6,54.4,48.3,30.37,60.45,7.48,910.2,chilli,black soil
74.9,58.4,65.0,26.38,62.36,6.84,666.7,maize,black soil
21.4,61.7,1.7,26.12,51.13,8.96,463.2,blackgram,alluvial soil
58.1,34.3,38.8,22.21,37.59,6.75,513.7,safflower,red soil
29.4,26.2,47.2,28.43,69.88,6.73,860.7,groundnut,red soil
103.3,61.4,73.2,22.05,62.21,6.57,750.5,tomato,alluvial soil
74.4,54.8,55.3,29.2,66.67,5.76,893.8,maize,black soil
37.4,33.7,61.2,25.61,28.38,8.47,1262.1,onion,laterite soil
20.5,39.0,31.8,24.35,50.64,6.27,539.2,chickpea,red soil
23.1,32.6,26.7,19.32,56.58,7.34,518.9,lentil,alluvial soil
20.9,31.1,27.0,26.87,53.76,7.32,515.8,lentil,alluvial soil
44.2,41.4,38.3,20.83,52.6,7.28,738.4,ragi,red soil
63.2,37.0,50.7,28.72,57.15,7.18,502.7,sunflower,red soil
14.9,39.0,16.7,11.86,81.29,5.92,805.2,maize,red soil
61.1,42.3,47.3,26.3,59.05,6.53,840.8,ragi,red soil
63.5,42.8,49.4,21.99,66.08,7.11,846.2,ragi,red soil
15.6,29.7,21.3,34.64,64.81,7.46,640.5,greengram,alluvial soil
28.7,29.8,15.4,34.34,53.49,6.78,594.8,blackgram,red soil
0.9,76.4,35.8,10.68,79.76,4.69,1445.2,ragi,black soil
27.0,39.8,48.8,27.45,52.8,6.32,710.4,groundnut,red soil
30.5,29.8,32.8,24.25,57.69,7.38,554.4,chickpea,black soil
7.4,29.6,90.8,30.07,30.77,7.74,2152.9,cotton,alluvial soil
25.4,40.6,33.1,29.64,52.11,7.71,884.5,pigeonpeas,black soil
37.8,34.6,39.7,25.37,58.01,6.95,827.2,pigeonpeas,red soil
94.8,52.7,48.0,21.87,63.49,5.68,973.2,maize,alluvial soil
36.3,27.3,34.1,32.86,59.82,6.78,576.1,bajra,alluvial soil
38.8,42.5,32.0,33.69,60.89,7.96,897.6,pigeonpeas,black soil
109.7,6.0,78.7,33.27,26.0,5.82,823.3,chilli,red soil
68.0,62.8,65.0,26.37,88.21,8.17,2031.9,blackgram,red soil
50.5,15.8,10.8,36.05,30.91,8.44,2413.1,lentil,laterite soil
29.5,32.4,46.5,32.7,58.22,6.19,635.5,groundnut,red soil
46.7,31.2,41.1,17.03,37.69,7.04,440.3,safflower,red soil
27.9,42.4,39.6,28.1,65.76,6.98,723.2,pigeonpeas,red soil
107.2,45.8,67.2,22.56,61.39,6.73,629.6,tomato,alluvial soil
139.2,60.7,80.0,32.63,62.43,7.11,1480.5,sugarcane,alluvial soil
137.0,66.6,51.3,36.14,80.91,7.51,2262.7,maize,black soil
27.5,39.4,38.7,33.44,53.93,7.66,663.0,pigeonpeas,black soil
26.4,20.4,29.7,27.57,59.04,7.24,620.2,blackgram,red soil
81.3,59.8,50.8,23.39,55.23,7.32,911.3,maize,alluvial soil
54.3,17.8,35.9,22.91,61.19,5.39,1474.0,tomato,black soil
31.4,31.8,42.0,25.19,52.35,6.66,566.2,groundnut,alluvial soil
21.7,8.0,90.3,28.73,24.13,8.22,1544.0,chickpea,red soil
97.1,56.1,70.4,23.03,67.21,6.92,860.9,tomato,alluvial soil
98.2,41.0,51.0,27.82,61.53,6.82,886.0,maize,alluvial soil
15.0,33.3,62.2,38.34,72.01,4.8,2426.0,sugarcane,red soil
50.7,23.6,25.6,28.3,41.81,6.23,606.1,bajra,alluvial soil
68.3,37.9,51.4,32.14,53.44,7.07,593.9,cotton,black soil
53.8,31.3,41.1,26.25,64.16,7.29,701.7,jowar,red soil
94.6,60.0,70.9,34.17,44.86,6.65,796.6,pomegranate,red soil
88.2,50.7,56.0,23.36,66.13,7.13,616.5,maize,red soil
42.2,71.8,88.3,27.98,77.24,9.06,1406.9,sunflower,laterite soil
123.6,63.2,93.8,27.67,40.03,7.24,2236.5,grapes,alluvial soil
24.4,35.3,24.1,25.8,53.3,6.65,649.2,chickpea,black soil
81.3,69.0,5.1,33.0,41.86,6.22,2139.3,pigeonpeas,laterite soil
57.4,28.9,43.6,27.71,59.03,7.68,578.2,jowar,red soil
44.1,26.9,40.6,31.16,50.41,6.77,545.0,jowar,black soil
44.5,34.6,40.0,26.3,64.96,8.3,654.8,jowar,black soil
72.0,76.1,73.8,34.2,64.85,8.05,2432.6,grapes,alluvial soil
42.9,32.8,41.8,29.36,76.89,6.27,738.9,soybean,black soil
134.1,36.1,64.1,18.33,92.47,5.74,359.1,grapes,black soil
82.2,67.1,63.7,34.6,55.96,7.12,622.0,pomegranate,black soil
23.9,30.9,21.1,28.13,48.46,7.45,467.4,chickpea,black soil
48.2,33.2,39.6,21.36,48.19,6.89,590.9,safflower,red soil
24.8,21.4,66.5,21.74,87.49,6.65,295.1,onion,black soil
48.6,38.6,38.9,25.07,55.73,6.88,986.2,ragi,red soil
55.2,37.5,37.9,29.67,63.19,6.84,621.2,jowar,black soil
93.7,65.4,73.8,25.82,27.99,9.21,876.6,lentil,black soil
28.0,32.6,34.3,28.73,43.82,7.18,622.6,chickpea,black soil
1.5,48.3,3.7,18.16,31.26,8.12,799.3,groundnut,black soil
29.9,47.9,72.9,30.51,38.25,5.08,1560.2,bajra,black soil
31.9,25.3,38.8,31.05,69.69,6.14,746.4,groundnut,alluvial soil
32.5,25.6,32.9,25.07,46.63,6.69,638.1,chickpea,red soil
100.7,52.4,56.7,24.69,56.63,6.67,703.0,onion,red soil
62.4,60.0,62.3,20.96,33.43,8.69,1103.9,chickpea,laterite soil
76.8,49.6,50.1,23.62,66.03,6.32,595.1,wheat,black soil
74.5,41.9,58.1,34.3,51.73,6.65,853.3,cotton,black soil
119.7,60.7,60.6,27.14,67.07,6.21,957.4,tomato,alluvial soil
21.6,28.6,25.2,26.9,56.29,6.75,609.6,greengram,black soil
27.1,39.8,25.2,26.73,67.79,7.24,636.2,pigeonpeas,black soil
58.4,42.7,97.9,14.81,77.8,6.47,1055.4,safflower,black soil
125.8,31.8,96.4,10.63,50.11,8.11,1804.6,pigeonpeas,red soil
25.8,33.7,26.1,29.82,52.51,7.29,575.9,chickpea,black soil
36.8,35.1,46.3,28.15,63.31,6.13,793.6,groundnut,red soil
74.5,43.7,42.9,17.22,66.14,6.17,555.0,wheat,alluvial soil
38.2,44.7,25.5,30.27,51.07,6.54,775.6,pigeonpeas,black soil
110.8,50.9,80.6,25.29,50.4,6.91,725.9,grapes,black soil
99.1,56.7,86.2,26.81,51.82,6.91,602.5,grapes,red soil
98.1,41.5,60.2,18.36,73.64,7.04,976.8,onion,red soil
103.7,57.4,65.5,20.67,74.33,6.21,963.7,onion,red soil
120.3,20.2,4.4,11.93,31.89,4.84,291.0,pomegranate,alluvial soil
95.0,51.5,50.8,28.97,56.68,7.45,836.0,chilli,black soil
31.4,36.6,32.2,26.56,60.96,6.16,986.9,soybean,black soil
77.5,37.8,47.2,15.9,65.32,6.03,591.3,wheat,alluvial soil
47.3,44.6,48.1,22.44,51.88,7.4,912.6,ragi,laterite soil
62.2,26.3,22.9,27.94,36.18,5.01,2329.1,groundnut,black soil
42.0,36.0,30.1,29.32,60.16,6.98,840.0,soybean,alluvial soil
78.7,35.9,48.5,19.88,59.49,7.29,453.0,wheat,black soil
40.0,47.1,42.3,24.93,77.66,6.57,822.5,soybean,alluvial soil
77.4,44.6,54.8,24.31,72.34,7.24,945.4,maize,alluvial soil
21.9,30.5,42.5,32.65,63.54,7.21,633.5,groundnut,red soil
119.2,20.5,94.8,12.57,72.16,7.97,1248.4,blackgram,alluvial soil
131.4,45.4,55.1,43.38,35.6,7.55,1801.6,sugarcane,black soil
94.0,51.5,48.2,24.4,64.14,6.15,785.3,chilli,black soil
93.8,62.6,71.9,33.97,43.19,7.22,795.3,pomegranate,black soil
134.7,67.3,83.0,33.3,68.38,6.6,1235.9,sugarcane,alluvial soil
66.1,51.9,42.2,29.31,59.37,6.58,633.1,cotton,black soil
115.2,37.1,22.4,34.63,40.23,9.28,764.6,jowar,red soil
23.8,40.8,49.0,26.2,59.93,7.36,582.6,groundnut,red soil
111.4,66.6,60.9,34.94,73.99,7.39,1263.7,sugarcane,alluvial soil
16.0,24.7,24.0,27.21,67.72,7.41,741.2,blackgram,red soil
17.3,26.3,25.9,26.54,54.42,7.43,618.4,greengram,black soil
48.7,30.0,41.9,28.68,56.01,7.22,493.5,jowar,black soil
27.4,39.5,29.4,24.68,47.59,7.84,686.2,pigeonpeas,black soil
3.7,50.2,20.1,36.23,67.45,6.7,1951.6,onion,red soil
43.5,34.8,26.2,29.67,61.06,6.84,693.5,soybean,alluvial soil
28.4,20.7,22.1,29.19,66.57,7.4,748.1,greengram,black soil
43.2,34.8,44.4,20.23,48.97,7.61,429.7,safflower,red soil
105.4,62.8,88.8,25.87,52.39,6.81,606.1,grapes,red soil
50.7,60.8,56.4,30.35,37.58,8.51,2136.7,safflower,black soil
21.8,34.3,24.4,23.72,56.94,6.36,550.6,lentil,black soil
72.5,39.9,52.9,20.77,66.67,6.37,569.5,wheat,black soil
31.6,40.4,33.9,26.01,67.52,6.82,622.5,pigeonpeas,red soil
53.6,21.9,39.3,34.68,58.77,7.4,432.9,bajra,alluvial soil
28.9,33.6,20.0,32.43,66.43,7.01,719.1,blackgram,black soil
54.9,21.0,28.0,33.41,45.69,6.49,420.9,bajra,red soil
29.5,22.8,18.4,28.34,59.67,6.35,696.2,blackgram,black soil
28.2,33.4,20.2,31.63,67.36,7.41,532.9,blackgram,black soil
58.7,59.2,76.5,35.73,66.73,8.72,1721.0,lentil,red soil
99.7,57.0,54.8,21.89,56.61,6.25,896.1,onion,black soil
21.1,33.3,21.8,26.47,48.07,6.85,575.6,lentil,alluvial soil
20.5,23.9,26.6,30.84,64.46,7.29,639.1,blackgram,black soil
91.0,51.1,99.0,21.19,54.57,7.49,788.1,grapes,black soil
51.7,35.8,37.7,30.34,50.89,7.78,684.1,jowar,black soil
128.6,24.6,42.6,16.26,51.61,7.15,1255.3,soybean,red soil
112.6,55.3,65.6,29.32,72.22,6.77,636.0,tomato,alluvial soil
69.8,23.9,79.7,22.23,29.29,7.6,1301.8,pomegranate,black soil
29.6,27.3,29.1,30.53,64.42,7.0,780.0,greengram,black soil
73.0,53.0,63.8,22.08,71.83,7.24,624.7,chilli,black soil
43.8,23.5,32.0,28.81,56.58,7.28,614.4,bajra,alluvial soil
87.1,44.7,80.5,36.94,61.87,5.07,823.9,chickpea,black soil
64.0,42.6,37.7,29.28,62.38,7.08,744.6,ragi,red soil
100.7,49.4,59.4,26.04,77.47,6.97,749.0,tomato,red soil
112.6,54.8,41.9,34.47,36.7,4.93,2434.8,pigeonpeas,alluvial soil
85.7,40.3,57.6,27.72,67.39,7.33,942.6,chilli,red soil
92.9,41.9,59.2,22.7,57.37,6.53,956.8,onion,alluvial soil
104.1,56.9,61.3,23.63,63.55,6.63,838.4,tomato,red soil
87.2,55.4,55.8,18.92,61.0,6.53,814.9,onion,black soil
26.5,29.5,38.8,30.95,61.65,6.46,871.3,groundnut,alluvial soil
77.5,34.8,61.9,32.17,91.56,8.94,1013.8,wheat,alluvial soil
49.1,24.9,31.2,26.97,46.99,7.67,554.1,bajra,red soil
52.5,31.8,43.0,31.18,58.27,6.65,505.3,jowar,black soil
88.6,50.1,55.9,34.48,62.22,7.36,537.8,cotton,black soil
59.0,30.1,30.2,19.04,47.23,7.0,435.9,safflower,red soil
137.4,60.5,89.9,26.31,84.5,7.27,1226.2,sugarcane,black soil
42.4,24.1,31.4,31.23,51.1,7.22,467.0,bajra,red soil
99.9,57.8,89.9,24.14,53.73,7.22,614.6,grapes,black soil
89.1,53.2,49.3,23.82,58.22,5.69,628.8,maize,black soil
53.7,40.5,40.8,25.23,62.71,6.97,956.6,ragi,laterite soil
110.9,77.6,52.6,39.61,56.62,5.88,345.4,pigeonpeas,black soil
46.7,25.0,43.9,24.82,41.8,7.24,635.2,safflower,red soil
23.9,20.2,20.0,25.26,63.55,7.12,571.7,greengram,alluvial soil
16.3,30.6,20.1,26.21,60.73,7.34,579.5,lentil,black soil
110.3,5.0,40.2,15.47,49.53,7.12,834.0,bajra,alluvial soil
101.7,54.1,57.6,23.28,57.31,6.13,618.5,onion,alluvial soil
36.8,30.4,32.5,30.95,44.95,7.93,402.7,bajra,red soil
100.4,43.5,55.1,26.01,62.58,7.41,838.5,onion,black soil
88.6,53.5,43.2,29.94,54.39,6.73,929.9,cotton,red soil
24.4,27.2,25.8,20.74,52.71,7.02,429.6,lentil,alluvial soil
33.2,53.5,54.2,25.41,72.75,6.9,1504.1,cotton,black soil
116.4,50.7,62.7,29.83,83.63,7.02,1228.5,sugarcane,black soil
97.6,41.4,57.2,28.31,57.39,7.01,876.2,chilli,red soil
105.9,55.3,47.1,35.69,59.47,5.67,2212.3,cotton,alluvial soil
45.5,31.9,36.1,25.95,79.28,6.99,834.7,soybean,alluvial soil
52.6,22.6,27.6,29.41,43.38,7.49,508.9,bajra,alluvial soil
20.6,27.3,33.3,23.03,48.48,7.51,646.7,chickpea,red soil
44.0,47.6,33.5,29.55,63.23,7.01,913.1,soybean,alluvial soil
101.0,45.2,43.1,31.03,22.75,5.72,261.1,blackgram,laterite soil
53.8,24.3,38.4,26.75,58.21,6.33,529.0,bajra,red soil
18.7,25.8,27.5,22.28,55.64,6.01,453.4,lentil,black soil
45.3,25.9,59.2,43.44,73.16,8.8,547.6,safflower,red soil
73.6,45.8,54.0,22.13,62.74,6.8,636.7,wheat,alluvial soil
50.0,29.4,38.7,34.33,41.11,7.61,589.3,bajra,red soil
96.0,56.3,57.4,19.95,63.1,6.4,888.8,onion,black soil
59.6,35.6,54.3,29.62,43.35,6.64,765.5,sunflower,alluvial soil
128.9,54.9,75.7,33.88,69.94,7.24,1856.8,sugarcane,alluvial soil
22.2,32.9,37.7,28.98,57.67,6.28,842.8,groundnut,red soil
48.1,27.0,39.2,20.88,37.72,7.55,496.4,safflower,red soil
49.9,21.6,37.2,29.26,51.11,6.75,567.6,bajra,red soil
36.5,38.4,32.0,29.26,69.77,7.81,824.8,pigeonpeas,red soil
21.2,27.7,25.3,22.79,56.93,7.54,536.6,chickpea,red soil
84.2,62.3,83.2,30.62,55.73,6.76,732.1,pomegranate,red soil
88.0,53.5,61.6,31.19,51.22,7.42,628.0,pomegranate,red soil
65.8,52.3,46.1,25.13,52.31,7.36,885.9,cotton,black soil
35.0,40.4,33.2,26.64,63.7,6.6,681.1,pigeonpeas,black soil
81.0,55.9,68.5,25.24,56.44,7.46,528.9,pomegranate,red soil
91.8,62.0,69.8,25.49,67.96,6.84,758.1,tomato,alluvial soil
130.9,16.3,49.1,39.06,82.98,9.13,1538.2,groundnut,red soil
58.4,45.9,17.8,31.82,28.6,6.04,2110.4,sugarcane,alluvial soil
22.4,34.5,35.7,30.92,54.66,7.34,858.6,groundnut,alluvial soil
28.3,37.6,33.6,25.35,48.72,6.93,438.3,chickpea,red soil
37.2,40.5,32.2,30.22,69.42,7.3,805.6,pigeonpeas,red soil
125.0,64.5,81.8,33.92,72.44,7.08,1260.9,sugarcane,black soil
42.9,34.6,30.7,22.19,77.8,6.44,631.1,soybean,alluvial soil
104.0,66.4,96.1,26.99,53.48,6.65,808.4,grapes,black soil
52.2,37.2,37.5,28.83,60.55,6.56,826.2,ragi,red soil
46.1,29.2,36.7,30.38,50.71,7.02,463.5,jowar,red soil
34.7,41.5,46.3,26.47,59.49,6.21,627.4,groundnut,alluvial soil
22.3,34.9,22.0,31.38,68.67,7.25,665.8,greengram,black soil
87.3,54.4,54.3,34.29,69.94,7.63,703.4,cotton,black soil
64.1,46.6,51.7,28.49,43.05,7.88,720.8,sunflower,black soil
71.2,52.9,87.4,42.11,56.53,5.08,1083.7,chickpea,laterite soil
47.1,23.7,28.9,34.95,54.48,6.8,617.7,bajra,red soil
45.4,35.0,38.5,28.72,55.28,8.18,726.8,jowar,black soil
101.4,51.4,65.0,32.42,63.66,6.77,1777.2,sugarcane,alluvial soil
85.4,45.5,52.5,25.73,65.49,6.21,896.5,onion,alluvial soil
28.2,30.6,20.4,28.19,60.48,6.89,660.0,greengram,alluvial soil
21.2,30.7,21.0,26.57,49.26,7.18,578.7,lentil,black soil
105.5,64.4,87.5,23.33,65.47,7.33,748.0,grapes,red soil
50.3,35.9,43.2,26.28,47.73,7.32,606.2,sunflower,alluvial soil
59.4,37.7,31.7,26.89,49.46,8.46,654.1,jowar,red soil
30.7,32.8,28.1,27.81,48.21,6.97,586.6,chickpea,red soil
40.6,28.9,29.3,31.76,57.53,6.26,446.7,bajra,red soil
93.7,57.2,61.0,34.37,58.12,6.6,707.4,pomegranate,red soil
16.0,22.3,23.1,25.44,69.02,7.05,647.8,greengram,alluvial soil
43.8,39.4,43.1,28.78,63.43,7.08,974.7,soybean,black soil
68.8,42.3,43.5,20.07,65.12,7.33,579.3,wheat,black soil
51.0,37.7,36.9,28.0,62.28,7.64,682.0,jowar,black soil
31.6,36.3,26.7,25.38,79.77,6.23,950.8,soybean,black soil
44.0,39.5,46.1,25.11,52.65,6.28,888.3,ragi,red soil
33.1,43.5,38.4,25.21,69.44,7.82,650.7,pigeonpeas,red soil
21.7,61.0,56.9,34.96,40.84,6.28,1544.6,bajra,black soil
11.5,17.8,54.8,34.33,88.83,8.72,619.1,onion,alluvial soil
33.3,33.9,34.6,20.25,49.67,7.61,410.6,chickpea,red soil
90.0,35.5,59.8,24.52,73.86,6.37,670.1,chilli,red soil
112.7,9.2,46.6,15.5,90.25,6.65,1872.1,pigeonpeas,alluvial soil
2.3,24.7,76.3,29.69,53.66,5.9,2346.6,groundnut,black soil
82.1,42.6,48.9,26.5,64.56,6.91,701.3,maize,red soil
120.8,53.9,68.8,34.13,69.47,6.68,1306.5,sugarcane,alluvial soil
27.7,34.5,18.0,29.07,61.62,6.53,534.7,blackgram,black soil
78.2,41.2,60.4,26.12,65.71,6.17,686.7,chilli,red soil
90.2,69.5,89.3,27.61,43.7,7.18,666.6,pomegranate,red soil
28.8,35.4,22.3,27.77,43.19,6.25,596.0,chickpea,black soil
97.9,53.5,46.8,28.33,71.88,7.22,995.2,maize,black soil
36.9,2.9,51.7,21.6,83.9,9.04,1964.3,ragi,black soil
59.2,48.7,40.3,24.19,41.39,7.46,628.0,sunflower,alluvial soil
85.0,54.2,48.3,24.75,55.53,7.46,932.9,chilli,red soil
16.4,30.5,20.4,26.24,62.82,6.57,680.6,greengram,alluvial soil
39.1,29.9,25.9,32.17,59.73,7.11,629.3,bajra,red soil
36.0,33.1,35.8,33.17,63.26,7.53,844.1,pigeonpeas,red soil
28.7,32.8,21.3,21.25,45.76,6.88,554.6,chickpea,black soil
108.6,50.0,63.1,29.06,78.11,6.44,879.4,tomato,alluvial soil
18.3,26.9,24.3,22.28,55.84,7.35,548.1,lentil,alluvial soil
58.1,30.3,43.0,23.94,57.44,5.93,864.8,ragi,laterite soil
43.6,29.7,36.2,23.41,42.77,6.63,404.7,safflower,red soil
38.8,29.0,33.9,27.4,48.9,6.12,478.1,bajra,alluvial soil
16.1,28.1,16.4,29.77,64.15,7.27,550.7,blackgram,red soil
23.4,27.5,27.9,26.62,51.98,6.83,626.3,chickpea,red soil
40.1,30.6,35.7,22.26,37.69,7.81,625.7,safflower,black soil
86.0,59.8,64.8,28.98,57.67,7.04,636.2,pomegranate,red soil
109.1,47.1,55.8,20.62,78.67,6.84,637.5,tomato,red soil
79.5,47.2,55.0,30.0,56.19,6.6,893.4,maize,alluvial soil
105.6,44.6,52.0,23.56,60.16,6.15,645.6,onion,red soil
56.2,49.0,45.1,27.96,46.48,6.75,625.9,sunflower,red soil
71.9,49.5,52.3,18.15,61.28,6.75,595.7,wheat,black soil
77.7,51.2,51.8,24.2,55.54,7.11,708.9,maize,black soil
17.9,30.0,17.3,29.81,56.89,6.25,546.3,blackgram,black soil
39.3,21.9,33.9,31.28,44.09,7.32,597.3,bajra,alluvial soil
92.9,58.1,63.3,29.29,67.96,5.67,675.9,maize,black soil
18.8,30.8,18.0,34.23,64.92,7.48,758.0,blackgram,black soil
16.3,29.6,27.5,18.92,52.89,6.18,413.9,lentil,black soil
68.1,42.6,53.3,29.53,50.12,6.89,701.2,sunflower,red soil
84.0,53.0,56.9,26.63,70.07,6.61,834.7,maize,red soil
57.3,39.9,36.2,16.85,46.35,7.46,448.7,safflower,red soil
125.8,57.1,84.7,30.01,65.99,6.88,1433.7,sugarcane,black soil
51.1,38.1,40.0,22.26,50.93,6.76,682.4,sunflower,red soil
93.7,4.9,36.0,36.48,84.04,6.59,1943.0,onion,laterite soil
39.5,25.3,38.9,32.76,51.85,6.14,886.6,groundnut,alluvial soil
105.2,56.6,64.0,25.95,78.25,6.68,691.1,tomato,alluvial soil
52.4,36.4,33.8,23.6,47.68,7.31,491.5,safflower,red soil
34.7,10.7,17.6,35.87,35.99,8.61,2284.6,safflower,red soil
54.9,30.3,32.7,29.68,52.21,7.15,570.4,bajra,red soil
90.2,64.7,66.6,30.8,55.75,6.91,656.7,pomegranate,black soil
94.3,49.2,61.6,28.54,76.1,6.76,894.9,tomato,alluvial soil
99.7,42.9,49.4,22.12,60.52,6.1,866.0,maize,alluvial soil
87.6,42.6,45.0,23.97,68.69,6.27,918.6,maize,red soil
54.1,32.1,30.3,26.13,52.71,6.88,439.3,bajra,alluvial soil
38.3,40.8,38.6,28.26,67.95,6.82,846.4,pigeonpeas,black soil
110.2,61.7,68.7,24.56,67.16,6.75,707.7,tomato,red soil
24.4,27.7,30.7,31.96,68.96,6.15,585.8,groundnut,red soil
118.5,53.7,62.8,25.7,77.66,6.36,774.5,tomato,alluvial soil
45.3,31.6,40.0,22.64,53.5,7.17,500.0,safflower,black soil
102.9,46.6,62.8,25.87,71.23,6.6,822.7,onion,alluvial soil
4.6,0.7,2.0,34.33,94.82,8.08,1231.8,greengram,laterite soil
127.6,38.3,27.3,26.89,92.76,6.97,1871.8,maize,black soil
105.9,53.8,65.4,19.06,64.32,6.18,941.7,onion,black soil
70.7,42.3,57.5,28.49,54.86,6.05,932.5,cotton,black soil
102.5,56.5,72.4,29.41,62.4,6.79,855.1,tomato,red soil
54.6,25.3,26.5,28.41,53.2,6.75,606.7,bajra,red soil
58.4,26.4,42.0,28.19,63.26,8.35,566.3,jowar,red soil
27.4,29.9,28.5,24.36,44.16,7.39,426.0,chickpea,black soil
22.7,25.8,25.7,27.58,51.55,6.12,455.2,lentil,alluvial soil
79.3,36.2,45.5,28.14,63.65,6.71,756.2,chilli,red soil
28.1,34.4,39.3,32.38,60.79,6.15,846.0,groundnut,red soil
128.8,61.5,67.5,33.61,82.47,7.06,1441.0,sugarcane,alluvial soil
51.1,33.5,42.0,28.98,52.41,6.54,507.4,jowar,black soil
29.6,22.4,29.5,26.97,56.06,7.01,697.4,greengram,black soil
34.1,29.4,22.5,29.3,59.75,7.73,509.5,chickpea,black soil
64.0,36.9,47.7,29.45,69.66,6.42,682.0,ragi,red soil
17.7,53.6,7.8,43.79,75.47,4.81,1674.7,sugarcane,red soil
95.6,63.0,86.2,25.59,58.13,7.42,666.4,grapes,red soil
80.7,50.4,50.9,26.45,58.82,6.01,647.8,cotton,black soil
109.4,24.6,12.1,36.94,59.27,8.16,1300.0,pomegranate,alluvial soil
103.5,59.1,58.4,25.14,64.92,6.02,838.2,onion,alluvial soil
88.2,48.5,65.6,20.71,57.8,7.23,626.2,onion,alluvial soil
80.2,52.9,46.5,30.71,71.95,6.68,740.2,chilli,red soil
105.7,69.6,64.7,26.24,47.19,7.33,742.8,pomegranate,red soil
95.1,25.6,29.5,41.04,65.8,6.97,214.1,lentil,black soil
27.8,65.5,27.7,12.65,55.77,7.31,1369.6,cotton,black soil
9.8,51.8,64.5,19.7,65.51,6.56,310.6,sugarcane,red soil
21.3,27.7,18.9,34.43,56.86,6.23,597.2,blackgram,black soil
63.8,53.3,45.7,27.18,51.27,6.54,502.8,cotton,red soil
135.6,66.3,60.9,31.45,80.45,6.5,1429.5,sugarcane,black soil
4.0,60.5,37.8,20.01,28.63,7.88,1180.1,lentil,red soil
19.1,26.9,21.1,22.18,63.04,6.8,456.6,lentil,alluvial soil
117.2,53.6,72.0,24.55,62.95,6.5,860.0,tomato,red soil
54.8,32.5,42.5,28.3,67.32,7.12,779.8,ragi,laterite soil
25.5,32.1,34.9,26.14,69.99,7.41,612.5,groundnut,red soil
63.4,52.1,44.9,25.02,58.51,6.12,726.5,cotton,red soil
101.6,58.7,99.1,13.41,54.45,6.8,812.9,sugarcane,red soil
62.5,34.2,45.0,22.99,65.74,5.86,603.9,ragi,laterite soil
54.1,44.3,52.4,23.43,42.72,7.15,698.7,sunflower,black soil
58.5,25.4,42.9,31.24,49.39,7.29,689.6,jowar,red soil
63.6,41.3,40.1,24.39,64.79,7.42,470.7,wheat,black soil
48.4,28.6,36.1,19.32,39.93,7.77,560.1,safflower,red soil
59.9,36.4,42.2,28.3,51.31,7.42,747.8,sunflower,black soil
23.1,25.5,22.9,26.62,56.16,7.25,500.3,lentil,alluvial soil
117.1,15.6,60.0,35.83,29.54,5.15,2090.7,cotton,laterite soil
18.8,27.8,26.5,30.96,69.82,6.39,706.4,blackgram,red soil
116.7,68.5,76.3,22.37,60.82,6.72,614.8,grapes,black soil
33.7,33.4,30.2,28.6,62.27,8.0,890.1,pigeonpeas,red soil
132.8,19.7,49.3,32.1,81.09,5.97,2382.7,lentil,laterite soil
51.1,56.7,43.6,17.32,20.62,8.25,1033.4,jowar,laterite soil
79.0,44.2,64.8,27.92,67.74,6.92,730.0,maize,alluvial soil
101.9,55.0,59.4,22.25,61.3,6.84,763.4,tomato,alluvial soil
52.2,40.7,47.8,20.04,60.46,5.71,607.1,ragi,laterite soil
37.3,40.9,38.5,30.66,58.61,6.73,643.9,pigeonpeas,red soil
37.7,34.7,31.4,31.38,41.76,6.63,522.9,bajra,alluvial soil
24.2,26.8,26.0,28.51,61.29,7.25,611.2,blackgram,red soil
97.7,54.5,70.6,26.2,50.33,7.21,677.4,grapes,black soil
104.6,36.7,1.8,24.26,35.74,8.91,364.9,bajra,black soil
53.2,46.8,38.0,23.37,43.7,6.7,714.4,sunflower,red soil
100.5,60.1,84.1,26.0,52.25,7.34,662.5,pomegranate,black soil
29.0,32.2,25.2,31.23,58.6,6.9,742.2,greengram,alluvial soil
5.6,53.5,36.0,40.25,63.06,6.12,1033.2,wheat,laterite soil
59.0,35.7,41.5,27.26,47.92,7.82,613.6,jowar,black soil
42.0,41.9,47.9,25.88,53.84,6.71,659.1,ragi,red soil
53.2,34.8,42.8,26.52,56.03,7.3,787.3,ragi,red soil
135.9,69.9,67.1,33.05,61.14,6.63,1413.1,sugarcane,black soil
125.4,20.5,41.3,40.15,71.45,7.46,573.7,onion,black soil
44.9,72.3,59.5,25.57,72.11,8.45,1298.3,soybean,red soil
75.2,46.7,62.6,25.06,63.23,7.47,823.3,chilli,black soil
88.9,52.7,56.3,31.77,59.72,6.05,615.4,cotton,red soil
106.0,54.2,85.4,28.57,44.39,6.57,529.0,pomegranate,red soil
29.7,29.7,32.8,24.36,50.46,7.28,468.1,chickpea,red soil
82.1,13.1,21.0,19.54,83.09,6.2,1734.6,groundnut,laterite soil
84.4,35.3,43.5,29.05,52.12,7.26,824.4,cotton,black soil
110.8,30.8,30.4,38.47,74.55,6.13,448.9,bajra,laterite soil
33.2,42.0,49.4,31.96,53.56,7.02,561.5,groundnut,red soil
82.0,55.3,46.0,24.56,64.49,7.35,776.2,maize,red soil
104.7,56.8,51.4,21.01,62.67,7.19,684.1,onion,red soil
43.1,28.1,36.5,30.66,52.53,8.02,570.9,jowar,red soil
117.6,55.5,84.9,29.68,84.09,7.47,1870.7,sugarcane,black soil
86.5,52.9,55.2,24.24,68.05,7.74,933.3,cotton,black soil
20.4,22.9,34.0,11.38,27.69,7.94,2069.7,chickpea,alluvial soil
38.6,31.3,39.8,32.21,56.2,7.61,498.1,bajra,red soil
27.8,24.4,25.2,32.11,68.55,7.31,638.7,blackgram,black soil
42.4,67.8,30.1,43.7,84.66,6.72,1470.6,sunflower,red soil
95.7,51.5,61.1,27.94,74.75,6.05,833.8,chilli,black soil
72.9,36.3,51.1,24.21,65.67,6.99,624.0,wheat,black soil
20.2,21.5,24.6,29.94,63.38,7.04,547.5,greengram,black soil
107.0,63.8,61.4,31.25,73.9,7.42,1401.3,sugarcane,black soil
96.8,57.3,92.2,24.69,54.7,6.56,891.3,grapes,red soil
111.8,68.5,68.6,33.94,66.45,7.24,1480.9,sugarcane,alluvial soil
118.6,61.1,74.3,24.31,65.11,6.75,838.5,grapes,red soil
18.5,48.2,74.4,10.14,41.55,8.27,1733.8,greengram,red soil
48.0,73.8,77.6,18.21,94.45,7.16,860.8,groundnut,red soil
101.3,62.4,84.4,31.74,66.5,6.6,1268.3,sugarcane,alluvial soil
47.9,30.2,38.5,16.17,38.27,7.39,590.8,safflower,black soil
72.1,59.3,63.9,27.26,64.85,5.74,710.7,maize,alluvial soil
16.1,23.4,21.6,33.63,59.48,6.71,527.0,greengram,alluvial soil
40.2,41.6,39.1,20.69,61.71,6.69,791.0,ragi,laterite soil
47.5,38.8,42.1,27.33,68.99,6.07,985.8,ragi,laterite soil
41.8,32.8,32.2,25.31,49.75,7.19,547.0,jowar,red soil
99.7,50.5,64.1,34.46,58.87,7.11,517.1,pomegranate,black soil
66.6,49.3,54.0,20.88,62.32,7.01,471.6,wheat,alluvial soil
103.9,50.9,86.4,20.92,63.56,7.46,749.5,grapes,black soil
113.5,50.0,70.9,16.44,69.39,5.77,2430.6,safflower,red soil
38.1,34.9,38.7,26.92,60.53,6.86,811.7,soybean,black soil
109.9,58.4,58.3,21.72,68.84,6.58,904.5,tomato,alluvial soil
22.0,33.0,27.3,32.8,61.82,6.55,639.1,greengram,alluvial soil
56.9,32.1,33.6,40.69,56.86,7.96,1418.7,wheat,laterite soil
59.2,33.6,38.0,28.04,50.33,7.41,979.4,ragi,laterite soil
63.9,39.2,38.9,23.93,41.96,7.5,632.2,sunflower,alluvial soil
31.0,33.5,31.4,34.54,53.15,7.33,685.4,pigeonpeas,black soil
15.2,29.3,26.7,24.74,47.93,6.47,491.0,lentil,black soil
109.2,34.9,57.4,16.32,92.99,7.9,795.0,jowar,laterite soil
59.1,31.3,42.4,22.82,64.03,6.21,679.9,ragi,laterite soil
37.2,29.3,44.0,28.11,56.05,7.24,870.0,groundnut,alluvial soil
31.0,33.3,23.2,27.01,53.15,6.61,644.7,chickpea,red soil
81.7,44.5,64.5,30.16,64.75,6.39,833.0,chilli,red soil
17.6,31.4,23.1,23.33,52.86,6.9,483.6,lentil,black soil
74.4,39.6,51.6,24.26,67.48,6.02,562.3,wheat,alluvial soil
53.0,73.4,76.1,26.38,54.98,7.17,833.1,jowar,alluvial soil
90.9,51.7,62.7,29.78,73.89,6.12,896.9,tomato,red soil
81.7,55.7,51.8,23.33,59.82,6.16,916.8,onion,black soil
88.0,45.0,49.3,23.56,68.37,6.04,846.4,maize,alluvial soil
130.0,39.0,95.9,18.31,67.48,8.12,2352.8,pigeonpeas,red soil
103.0,60.1,90.9,26.03,55.46,6.84,714.3,grapes,black soil
15.4,27.3,24.2,20.46,53.01,6.42,545.2,lentil,black soil
70.9,51.7,52.6,25.11,58.5,5.74,725.6,maize,black soil
40.1,55.1,17.5,35.28,70.7,4.85,917.7,soybean,alluvial soil
87.3,40.0,51.2,31.77,58.91,7.13,908.6,chilli,red soil
32.2,47.5,30.5,29.73,67.94,7.49,859.4,soybean,black soil
85.8,50.6,54.2,23.54,69.17,7.47,782.3,chilli,black soil
35.5,26.4,30.2,32.59,56.21,6.76,443.2,bajra,red soil
62.0,7.1,47.2,13.65,30.2,5.11,2262.8,groundnut,laterite soil
57.5,27.9,44.9,20.86,43.56,6.57,464.0,safflower,red soil
92.2,53.7,82.6,30.02,56.89,6.99,678.8,pomegranate,red soil
85.7,69.7,72.6,33.08,40.17,6.92,659.5,pomegranate,red soil
73.0,36.7,60.8,24.55,56.57,6.15,621.0,chilli,red soil
104.4,42.1,76.2,28.04,89.45,4.77,1322.6,ragi,black soil
81.6,52.6,48.3,29.98,61.9,7.22,781.3,chilli,red soil
89.2,65.6,80.2,34.88,57.34,7.22,569.6,pomegranate,black soil
73.4,44.5,57.1,31.01,67.9,6.59,922.6,chilli,red soil
22.0,27.6,28.4,25.28,63.3,6.85,774.1,greengram,alluvial soil
113.9,53.8,74.5,22.25,52.01,7.04,879.9,grapes,red soil
80.7,68.2,83.5,33.06,42.62,6.81,592.0,pomegranate,black soil
86.3,45.0,4.4,22.5,35.61,5.26,245.5,jowar,black soil
67.6,38.5,49.9,29.54,45.41,7.6,576.8,sunflower,red soil
20.7,30.6,23.5,26.71,53.79,6.63,758.7,blackgram,red soil
43.3,36.0,41.0,18.13,52.46,7.96,589.5,safflower,black soil
122.1,2.0,93.9,34.62,69.91,4.57,2348.2,bajra,alluvial soil
17.0,27.7,22.3,20.35,54.95,7.14,568.4,lentil,alluvial soil
100.9,21.3,46.3,40.44,53.03,7.88,277.4,tomato,red soil
79.9,59.5,90.5,19.66,94.62,9.44,1741.0,sugarcane,laterite soil
71.4,52.6,47.0,33.04,55.05,7.29,762.6,cotton,black soil
57.7,44.2,47.5,29.93,62.18,5.78,958.8,ragi,laterite soil
95.5,58.9,78.4,28.15,45.13,6.67,683.2,pomegranate,black soil
130.2,58.0,60.6,31.11,65.66,7.12,1927.9,sugarcane,alluvial soil
27.4,72.2,85.2,28.29,21.21,4.81,508.3,grapes,black soil
87.0,51.1,48.3,27.53,74.02,6.63,616.4,chilli,black soil
111.8,67.9,83.6,29.75,63.42,7.26,1514.2,sugarcane,black soil
43.4,26.6,37.7,15.24,36.18,7.71,423.3,safflower,red soil
55.3,35.8,39.5,22.14,44.17,7.43,569.4,sunflower,red soil
31.9,34.8,31.1,22.25,44.86,7.65,584.8,chickpea,black soil
109.9,58.7,76.1,32.8,83.87,7.15,1246.0,sugarcane,alluvial soil
93.1,69.9,88.0,27.15,56.34,7.3,763.2,pomegranate,red soil
95.0,58.6,56.8,29.01,70.47,6.07,887.4,tomato,alluvial soil
85.1,35.5,51.0,28.28,61.31,6.97,956.8,chilli,red soil
38.4,27.7,42.3,25.05,61.18,6.16,544.9,groundnut,red soil
68.5,40.2,43.2,24.78,50.88,6.17,564.8,wheat,alluvial soil
61.2,35.4,40.7,24.99,50.89,7.05,573.6,wheat,black soil
16.6,21.3,26.1,28.94,61.74,7.45,716.0,greengram,black soil
104.9,55.6,66.8,27.1,69.6,6.07,643.5,onion,black soil
131.7,23.7,28.4,31.33,83.19,4.64,1030.5,maize,black soil
116.1,31.2,71.5,38.19,70.29,6.69,815.4,chickpea,laterite soil
84.1,43.4,56.9,25.07,53.25,7.52,507.8,cotton,black soil
49.3,29.6,27.2,31.87,47.18,7.34,435.1,bajra,red soil
23.2,23.2,23.5,25.85,59.67,6.72,704.8,greengram,alluvial soil
47.6,28.5,36.3,16.65,39.75,7.17,485.6,safflower,black soil
20.0,53.9,93.9,10.02,60.79,9.06,610.2,ragi,laterite soil
75.1,47.5,57.9,25.33,62.43,5.85,922.2,maize,red soil
45.4,36.2,42.8,27.64,53.92,8.29,479.1,jowar,red soil
40.4,44.7,41.6,24.07,60.86,6.88,790.2,soybean,alluvial soil
63.9,0.1,89.7,14.39,75.02,5.09,1630.1,ragi,laterite soil
27.7,24.2,29.8,31.2,52.31,6.18,545.0,blackgram,black soil
50.9,33.9,36.9,23.22,67.25,5.61,615.5,ragi,laterite soil
137.1,47.9,73.8,41.63,76.92,4.7,396.2,chickpea,alluvial soil
93.7,60.9,78.4,26.65,50.67,7.38,687.5,grapes,black soil
120.8,58.8,85.6,32.62,66.37,6.71,1705.4,sugarcane,black soil
33.6,42.3,31.4,22.08,69.11,6.58,742.1,soybean,black soil
58.4,37.4,41.3,26.87,58.31,6.64,682.4,jowar,red soil
50.4,38.7,52.2,21.42,50.03,7.93,681.1,sunflower,alluvial soil
45.4,34.3,30.7,28.6,48.81,7.73,544.0,bajra,red soil
69.6,39.5,54.9,20.21,47.37,7.59,779.7,sunflower,red soil
83.4,69.8,86.1,27.1,40.42,6.87,597.7,pomegranate,red soil
26.1,23.0,29.9,28.44,61.5,6.03,753.1,blackgram,red soil
64.1,32.5,52.2,27.68,57.25,7.34,767.2,sunflower,red soil
19.7,26.8,28.5,19.02,54.08,7.37,462.0,lentil,black soil
92.7,55.2,60.7,28.69,67.97,7.39,823.1,maize,red soil
8.0,79.9,39.6,40.62,45.92,6.34,658.5,sunflower,red soil
16.7,26.0,29.8,25.71,64.4,7.08,561.9,greengram,alluvial soil
16.5,25.5,26.0,27.65,67.53,6.28,547.3,blackgram,black soil
29.1,6.9,77.1,12.36,65.58,9.28,382.0,chilli,laterite soil
112.0,10.5,61.6,24.55,74.93,8.39,1622.6,sugarcane,black soil
21.7,32.5,19.6,30.5,65.73,6.97,503.8,blackgram,red soil
39.8,43.1,36.1,25.67,78.45,6.93,966.3,soybean,alluvial soil
51.7,43.6,36.3,25.29,40.72,6.7,779.5,sunflower,alluvial soil
22.4,35.0,27.0,22.87,61.13,7.44,552.7,lentil,alluvial soil
82.8,40.4,69.2,19.31,69.64,6.11,983.9,onion,alluvial soil
27.9,40.6,37.8,34.59,51.19,7.25,771.8,pigeonpeas,black soil
96.9,57.8,64.0,22.47,61.91,6.37,897.7,tomato,alluvial soil
38.9,43.0,33.9,29.62,58.49,6.12,759.3,groundnut,red soil
84.4,68.5,70.9,28.54,44.46,7.38,545.9,pomegranate,black soil
60.4,33.8,38.7,29.85,68.82,5.89,874.3,ragi,laterite soil
31.4,30.3,39.2,25.89,67.09,7.23,617.0,groundnut,red soil
107.1,9.3,1.0,40.06,29.47,4.67,344.7,sugarcane,alluvial soil
29.1,36.9,36.5,26.75,61.98,7.8,815.1,pigeonpeas,red soil
113.9,17.2,41.4,36.59,58.95,4.78,1812.7,pigeonpeas,laterite soil
57.9,35.1,31.7,26.47,59.65,7.84,470.3,jowar,black soil
85.1,52.7,62.8,28.9,53.89,7.27,501.8,pomegranate,red soil
109.4,54.3,69.3,21.82,70.03,6.87,678.4,tomato,alluvial soil
30.6,31.6,28.8,26.22,55.69,6.86,408.6,chickpea,black soil
46.6,38.2,37.5,10.26,31.26,6.72,1964.4,wheat,laterite soil
20.8,34.9,30.6,25.53,41.87,6.13,636.2,chickpea,red soil
28.5,35.5,22.9,28.23,43.99,7.44,641.6,chickpea,black soil
97.1,65.9,70.6,29.23,53.72,6.66,751.0,grapes,black soil
23.2,37.2,21.3,25.92,52.35,6.09,585.7,chickpea,red soil
129.8,37.3,23.6,28.82,80.79,5.07,622.7,maize,laterite soil
47.0,21.1,29.4,26.91,43.61,6.31,413.5,bajra,red soil
86.8,54.1,54.9,21.12,73.91,5.95,613.8,maize,red soil
19.5,24.6,27.7,31.14,65.43,6.69,566.6,greengram,alluvial soil
61.6,52.3,56.3,34.64,67.25,7.98,854.0,cotton,black soil
94.8,52.8,50.8,25.69,69.9,6.16,996.4,onion,black soil
39.0,6.3,24.1,37.81,59.48,5.66,694.2,maize,laterite soil
125.1,9.5,36.1,38.27,71.91,7.81,1857.0,chickpea,laterite soil
80.5,9.7,91.9,16.22,74.88,7.32,1321.6,soybean,alluvial soil
70.2,54.8,55.0,26.03,55.39,6.33,654.9,maize,red soil
49.3,34.6,37.3,20.94,64.92,6.69,673.5,ragi,red soil
131.7,61.2,70.0,30.61,81.65,6.99,1526.5,sugarcane,black soil
30.5,41.0,44.8,24.01,71.94,6.61,666.4,soybean,black soil
29.5,30.8,27.1,27.72,41.89,6.45,566.7,chickpea,black soil
20.2,40.1,92.7,26.9,52.31,8.02,1334.2,greengram,alluvial soil
75.6,39.3,56.4,33.7,63.69,6.78,934.2,cotton,red soil
20.5,28.8,26.1,21.63,60.59,6.37,494.7,lentil,black soil
102.1,52.2,69.4,30.99,44.07,6.81,676.2,pomegranate,red soil
46.1,70.9,96.9,30.88,66.66,5.26,591.7,tomato,red soil
34.1,47.8,28.3,22.52,73.31,7.13,976.9,soybean,alluvial soil
82.5,53.6,64.4,30.1,53.68,6.75,612.7,pomegranate,red soil
27.9,22.7,27.1,30.02,66.62,6.64,706.9,greengram,black soil
33.6,27.6,21.3,23.95,44.55,6.62,483.6,chickpea,black soil
40.4,29.8,30.6,34.93,53.94,7.83,480.1,bajra,red soil
131.6,63.9,73.3,27.89,78.77,7.42,1631.0,sugarcane,alluvial soil
115.1,68.8,97.4,23.05,58.75,6.77,611.4,grapes,red soil
36.0,31.3,32.9,30.24,58.06,6.28,493.1,bajra,red soil
99.0,36.3,49.3,19.31,53.63,5.66,1441.3,jowar,red soil
30.1,35.1,29.5,27.4,44.24,7.88,433.3,chickpea,red soil
30.0,39.2,20.9,26.81,57.79,6.74,610.3,chickpea,red soil
49.0,33.1,31.2,30.05,40.32,6.76,407.0,bajra,red soil
109.9,63.4,71.0,33.62,84.11,6.99,1959.8,sugarcane,black soil
99.5,62.1,94.7,29.53,67.59,6.57,873.4,grapes,red soil
104.3,57.1,90.0,28.2,54.18,6.89,818.8,grapes,red soil
21.9,33.9,25.5,23.78,60.07,6.2,567.4,lentil,alluvial soil
105.3,61.5,65.3,33.52,72.54,6.87,1716.6,sugarcane,alluvial soil
17.0,21.7,25.9,32.54,66.73,6.7,634.5,greengram,alluvial soil
96.0,54.3,89.9,21.5,66.07,7.04,751.0,grapes,red soil
42.5,33.0,45.0,20.69,59.78,5.93,821.2,ragi,laterite soil
19.0,34.4,22.5,28.36,61.63,6.39,697.8,blackgram,red soil
33.6,44.4,48.4,31.44,54.25,6.92,704.9,groundnut,alluvial soil
31.0,34.4,31.4,26.03,60.86,6.25,679.3,soybean,alluvial soil
86.6,56.8,58.8,26.7,64.14,7.08,908.5,maize,red soil
54.8,31.7,41.9,16.13,42.85,7.65,619.4,safflower,black soil
67.9,42.5,45.0,16.17,64.1,6.97,552.6,wheat,alluvial soil
82.1,50.6,61.8,24.66,65.65,7.22,770.2,onion,red soil
20.1,34.4,22.2,34.65,55.02,6.34,784.9,blackgram,black soil
72.2,49.6,41.9,25.29,65.68,7.51,797.3,cotton,red soil
59.4,36.3,35.7,23.37,44.22,6.55,750.9,sunflower,black soil
25.0,30.8,28.8,28.62,63.95,6.24,619.2,blackgram,red soil
83.1,45.1,61.9,28.71,64.34,6.8,772.7,chilli,black soil
94.1,69.4,81.3,22.89,55.9,6.72,818.9,grapes,black soil
89.9,55.9,52.5,24.37,73.23,6.9,986.4,maize,alluvial soil
55.0,35.6,36.2,24.95,51.83,7.19,956.5,ragi,laterite soil
101.8,63.4,78.9,29.12,83.69,7.48,1721.2,sugarcane,black soil
69.4,45.5,47.6,16.29,55.72,6.41,648.0,wheat,black soil
34.0,13.0,20.6,30.29,26.31,7.02,304.2,blackgram,laterite soil
22.3,32.2,26.5,22.07,56.3,7.61,473.4,chickpea,red soil
103.1,31.1,6.9,30.35,64.42,6.16,2112.5,maize,black soil
29.7,22.0,18.3,25.24,66.96,7.43,712.0,blackgram,black soil
30.2,48.0,32.4,25.7,93.89,7.62,1087.5,pigeonpeas,alluvial soil
19.5,21.6,15.9,30.36,66.69,6.2,788.5,blackgram,black soil
21.6,21.1,27.2,30.16,59.88,6.17,591.0,blackgram,red soil
43.7,37.9,37.3,26.06,50.95,5.83,617.6,ragi,laterite soil
78.6,43.6,55.9,28.2,58.72,6.81,789.5,chilli,black soil
97.6,59.3,53.3,21.2,72.56,7.41,961.2,maize,red soil
109.8,4.1,50.9,25.21,61.01,9.46,969.5,maize,laterite soil
28.7,35.0,25.3,29.31,51.7,6.44,424.3,chickpea,red soil
36.5,43.3,41.1,25.82,71.26,7.33,763.3,soybean,alluvial soil
62.4,42.0,56.0,25.77,54.8,7.17,926.4,cotton,red soil
16.7,22.7,29.1,34.4,69.23,6.92,587.4,blackgram,red soil
34.2,6.0,50.4,42.44,28.45,6.3,1370.1,chickpea,laterite soil
17.5,27.3,19.3,29.39,58.98,6.61,658.9,blackgram,red soil
80.9,33.5,96.7,34.44,27.43,6.04,1347.4,sugarcane,black soil
139.7,10.1,8.8,12.86,84.1,6.87,2394.5,grapes,laterite soil
63.0,39.8,46.7,24.04,58.54,6.33,592.8,wheat,alluvial soil
113.6,55.5,55.3,28.69,73.32,6.09,673.0,tomato,red soil
23.2,26.4,20.8,21.58,62.07,7.33,413.5,lentil,black soil
123.8,56.6,65.9,32.46,82.74,6.7,1421.1,sugarcane,black soil
52.0,24.4,27.7,34.93,50.72,7.66,405.4,bajra,red soil
131.4,61.5,87.2,34.65,71.99,6.55,1320.5,sugarcane,black soil
49.2,41.2,48.2,27.48,65.54,7.37,877.2,ragi,red soil
38.6,40.8,32.1,27.95,59.34,7.93,640.9,pigeonpeas,red soil
35.6,63.7,46.5,42.56,32.78,9.38,1120.0,sunflower,alluvial soil
106.5,57.1,65.4,33.46,56.34,7.08,789.0,pomegranate,black soil
21.3,63.6,5.3,12.52,45.32,6.24,1416.5,grapes,alluvial soil
21.1,29.4,22.4,27.91,61.29,6.9,716.7,greengram,black soil
115.2,11.1,93.7,14.05,31.66,7.47,897.4,safflower,laterite soil
49.4,37.8,35.1,25.66,71.58,6.64,857.2,soybean,black soil
94.6,53.7,56.5,28.26,71.53,6.27,797.3,maize,alluvial soil
26.7,44.3,43.0,28.33,64.07,6.25,858.2,groundnut,alluvial soil
15.1,32.5,26.2,21.98,49.2,6.82,427.9,lentil,alluvial soil
110.0,43.7,60.0,20.99,62.0,7.13,812.3,onion,red soil
34.9,28.5,37.4,32.5,65.81,6.19,741.2,groundnut,alluvial soil
86.8,54.8,62.8,26.15,73.85,6.55,853.4,maize,black soil
69.3,59.8,31.5,14.27,21.86,7.13,2343.9,lentil,laterite soil
97.3,50.0,46.6,22.03,73.88,6.01,722.4,chilli,black soil
116.3,58.5,96.6,29.2,53.05,6.62,822.9,grapes,black soil
49.1,11.0,9.5,13.27,20.17,4.98,2395.0,safflower,laterite soil
98.3,62.6,89.4,31.86,44.15,7.08,706.2,pomegranate,red soil
21.7,32.2,27.6,28.01,69.08,7.34,601.9,greengram,alluvial soil
49.1,26.0,34.2,29.67,45.06,6.64,400.2,bajra,alluvial soil
48.9,73.8,89.0,13.9,90.25,9.43,1542.8,greengram,black soil
78.8,37.2,63.4,26.77,60.37,7.39,755.3,chilli,black soil
101.9,53.9,72.6,29.28,66.89,6.9,606.9,tomato,alluvial soil
58.2,35.2,41.1,20.58,65.12,6.49,951.7,ragi,laterite soil
104.3,49.9,53.0,21.39,67.62,7.21,635.5,onion,black soil
93.6,9.1,67.9,20.79,70.89,5.19,470.7,soybean,laterite soil
36.7,26.6,39.6,29.1,45.29,6.59,522.7,bajra,alluvial soil
52.2,27.1,41.5,16.74,42.54,6.86,497.9,safflower,black soil
46.1,61.9,61.4,33.76,28.23,5.38,1257.5,bajra,alluvial soil
23.2,28.4,35.0,27.03,46.39,6.08,564.4,chickpea,red soil
104.7,52.8,98.0,27.78,66.26,6.75,628.7,grapes,red soil
67.3,43.6,54.9,28.28,62.29,6.22,976.2,cotton,red soil
84.8,54.0,52.0,24.55,64.39,7.01,929.5,maize,black soil
37.1,39.7,42.6,32.91,66.69,6.5,638.6,groundnut,alluvial soil
24.5,34.2,15.4,34.71,66.31,6.84,632.0,blackgram,red soil
96.7,44.8,54.2,21.15,59.36,6.68,776.3,maize,black soil
103.6,57.5,10.5,31.79,34.81,7.28,1195.6,pomegranate,alluvial soil
47.9,34.4,43.7,29.58,64.01,7.09,691.7,soybean,alluvial soil
79.5,50.0,62.2,27.61,70.17,6.32,921.2,chilli,black soil
28.9,34.3,27.6,27.24,54.62,6.7,521.1,chickpea,black soil
73.6,39.9,45.9,25.54,60.43,6.47,554.8,cotton,black soil
28.8,40.4,33.2,33.93,45.26,7.53,809.8,pigeonpeas,red soil
19.1,29.1,28.7,30.78,58.61,6.89,616.8,greengram,black soil
64.4,2.7,53.0,22.72,57.86,4.52,255.8,ragi,laterite soil
86.9,55.0,56.8,24.74,57.3,5.94,653.5,maize,black soil
78.9,35.4,63.2,23.57,70.41,6.46,714.8,chilli,red soil
103.4,54.7,74.8,26.91,40.98,6.97,640.6,pomegranate,red soil
77.1,6.8,51.7,34.18,78.91,5.33,2086.0,wheat,red soil
136.2,63.5,46.9,17.71,42.17,9.37,240.4,sugarcane,laterite soil
88.5,69.5,3.2,25.96,59.98,9.11,1766.0,pomegranate,red soil
64.1,42.9,42.5,17.98,56.95,6.93,586.2,wheat,black soil
38.2,44.4,35.0,31.54,69.88,6.78,817.0,groundnut,alluvial soil
35.2,37.7,28.2,23.55,57.97,6.69,760.8,pigeonpeas,black soil
80.1,44.5,69.6,22.84,68.28,7.17,983.1,onion,red soil
22.4,24.8,25.0,27.11,60.32,6.77,704.9,blackgram,black soil
76.2,50.3,48.5,26.39,68.2,5.83,601.4,maize,alluvial soil
22.7,26.9,35.9,27.84,50.49,7.49,830.7,groundnut,alluvial soil
83.0,47.1,57.6,31.74,63.03,7.3,738.2,cotton,black soil
52.8,29.4,35.9,32.98,48.07,6.22,640.2,bajra,red soil
63.2,35.9,43.0,23.19,54.72,6.84,546.7,wheat,alluvial soil
103.9,52.6,69.0,33.74,79.71,7.07,1252.7,sugarcane,alluvial soil
35.7,67.1,35.9,27.25,63.08,8.02,251.5,groundnut,red soil
33.2,76.0,13.3,20.4,24.12,6.49,1860.5,pigeonpeas,black soil
29.0,31.2,40.0,27.4,58.98,7.4,797.0,groundnut,red soil
88.4,38.3,0.3,44.93,40.02,5.72,1818.5,jowar,alluvial soil
52.7,43.9,38.0,29.73,69.97,5.97,884.5,ragi,red soil
71.9,54.6,58.0,22.42,69.57,7.18,826.7,maize,black soil
33.9,39.2,26.4,29.98,63.24,6.56,651.7,pigeonpeas,black soil
36.2,37.5,27.4,32.2,60.06,7.8,788.0,pigeonpeas,red soil
111.0,59.5,88.0,25.14,58.86,7.19,605.4,grapes,red soil
44.9,27.8,33.0,32.49,55.15,6.0,439.0,bajra,alluvial soil
115.9,66.4,20.1,10.3,35.78,7.0,690.2,ragi,black soil
107.2,46.4,57.5,29.61,64.83,6.83,953.8,tomato,red soil
94.3,66.8,70.5,25.97,49.78,6.54,764.6,pomegranate,black soil
15.0,67.2,37.9,11.38,42.77,4.97,697.3,bajra,red soil
16.1,34.7,20.6,24.03,61.08,7.25,576.4,lentil,black soil
43.4,43.4,26.7,26.82,76.98,7.17,760.1,soybean,alluvial soil
0.8,59.7,70.1,14.22,82.0,8.85,650.3,sunflower,laterite soil
76.5,51.2,48.1,23.78,60.55,6.47,762.3,chilli,red soil
34.2,39.0,37.9,22.73,68.26,7.1,978.6,soybean,alluvial soil
48.8,29.4,31.2,15.2,53.56,7.61,583.4,safflower,red soil
29.5,40.1,28.3,30.79,56.46,7.9,789.6,pigeonpeas,red soil
29.7,40.6,34.8,31.48,65.67,6.15,862.2,groundnut,red soil
51.1,32.9,39.9,31.31,54.49,7.74,616.4,jowar,black soil
17.5,25.6,29.4,24.33,60.65,6.8,487.6,lentil,alluvial soil
74.2,47.8,53.5,16.2,69.31,7.22,526.5,wheat,black soil
90.7,52.1,63.4,24.99,63.27,6.05,917.9,chilli,red soil
99.3,35.4,62.6,23.87,65.96,6.38,620.2,chilli,black soil
48.2,36.2,31.4,29.38,46.98,6.76,566.9,jowar,black soil
117.4,45.4,58.1,27.39,65.1,6.48,928.6,tomato,alluvial soil
73.9,37.8,57.4,33.96,63.59,7.0,549.4,cotton,black soil
97.5,52.9,59.8,26.81,67.85,5.97,781.2,maize,alluvial soil
128.4,44.7,24.9,21.17,27.07,5.18,1391.0,greengram,black soil
64.6,44.7,59.2,25.34,62.73,7.22,583.1,cotton,black soil
47.1,32.9,36.8,28.62,60.74,7.01,798.7,ragi,red soil
137.0,20.1,66.3,44.89,50.61,5.16,866.6,chilli,alluvial soil
27.1,30.8,33.3,31.53,54.55,6.88,693.3,groundnut,alluvial soil
66.5,45.8,48.3,23.4,67.12,6.25,502.5,wheat,alluvial soil
54.2,35.9,43.2,23.76,64.2,6.12,891.5,ragi,laterite soil
21.1,36.8,64.4,35.92,28.4,7.15,2238.5,soybean,red soil
29.9,37.2,38.4,25.69,64.84,6.62,557.6,groundnut,alluvial soil
46.8,74.5,22.4,11.71,68.33,6.31,1613.1,bajra,laterite soil
117.3,54.7,81.0,33.85,60.29,7.14,1887.6,sugarcane,black soil
63.9,39.9,46.0,31.25,55.26,7.58,588.8,cotton,black soil
112.4,75.1,15.4,11.49,91.69,8.86,1584.6,cotton,red soil
111.9,62.9,86.4,20.82,73.52,7.09,2116.4,soybean,red soil
119.8,57.5,89.3,26.7,59.38,7.3,782.8,grapes,red soil
105.5,62.3,93.3,29.21,68.82,7.08,803.6,grapes,black soil
100.6,47.6,68.4,24.41,61.83,6.1,867.4,tomato,red soil
100.9,51.8,63.1,22.91,74.55,6.34,990.9,onion,black soil
73.5,61.4,31.8,25.56,21.38,8.61,1569.0,soybean,laterite soil
131.7,53.0,79.3,29.67,82.83,7.47,1891.8,sugarcane,alluvial soil
88.0,41.7,58.0,21.84,62.66,6.98,729.8,maize,alluvial soil
120.0,28.0,45.3,43.08,55.05,4.98,1127.7,soybean,red soil
42.9,39.3,32.1,22.44,38.18,7.09,584.5,safflower,red soil
21.2,33.2,21.5,23.09,54.78,6.1,565.3,lentil,black soil
116.0,67.7,71.5,25.99,84.13,7.05,1890.7,sugarcane,alluvial soil
0.8,13.7,48.8,11.43,38.26,6.86,808.6,lentil,black soil
26.3,37.2,43.8,31.95,60.79,6.49,555.7,groundnut,alluvial soil
36.8,38.9,36.9,29.42,67.97,6.8,940.3,soybean,black soil
59.6,38.2,35.4,23.49,50.05,7.77,572.6,safflower,red soil
51.1,25.3,39.0,29.44,50.92,7.85,538.3,jowar,red soil
50.7,28.9,83.4,14.31,71.87,7.02,1588.2,bajra,black soil
75.2,45.4,48.1,29.08,73.17,5.58,678.8,maize,black soil
85.6,46.3,63.7,19.41,64.97,6.89,766.8,onion,red soil
57.4,29.8,41.0,26.44,51.29,8.14,684.6,jowar,black soil
96.8,57.5,50.2,19.4,71.22,6.76,922.2,onion,alluvial soil
24.7,30.0,26.7,32.94,57.92,7.04,524.4,greengram,black soil
69.5,36.4,40.4,31.17,65.76,7.84,539.2,cotton,black soil
68.6,26.1,63.2,10.28,34.48,8.39,685.0,sugarcane,black soil
49.1,38.3,42.6,20.07,40.85,7.48,441.1,safflower,red soil
45.2,31.6,43.6,29.24,78.82,6.96,971.0,soybean,alluvial soil
54.7,42.7,39.1,25.37,43.46,7.88,651.2,sunflower,red soil
55.4,44.5,45.7,23.75,62.72,7.17,675.8,ragi,red soil
84.5,44.8,41.0,31.82,60.19,6.43,857.0,cotton,red soil
44.2,32.8,32.6,19.96,42.86,7.89,520.4,safflower,black soil
64.2,42.4,46.6,22.41,60.33,6.28,648.3,wheat,alluvial soil
54.1,35.6,53.9,31.93,72.77,8.32,298.3,wheat,laterite soil
25.0,39.6,27.6,30.42,54.72,7.1,799.5,pigeonpeas,black soil
32.9,32.6,46.8,29.04,53.25,6.57,774.5,groundnut,alluvial soil
48.3,27.4,36.7,27.16,45.63,7.64,547.1,jowar,red soil
49.3,31.8,39.3,25.31,73.37,6.68,970.5,soybean,alluvial soil
131.3,5.7,21.5,13.92,48.39,8.05,696.9,soybean,red soil
35.1,44.5,39.3,23.24,69.05,7.37,745.3,pigeonpeas,black soil
48.0,38.8,41.1,23.38,46.85,7.99,458.1,safflower,red soil
19.2,27.0,23.9,25.92,59.98,6.16,543.9,blackgram,black soil
37.8,28.0,38.7,33.62,52.59,6.32,535.2,bajra,red soil
37.9,23.7,39.8,28.43,59.43,7.59,585.9,bajra,red soil
36.0,39.8,35.9,27.34,63.6,7.18,781.8,soybean,black soil
79.6,45.4,55.8,21.47,62.44,6.54,721.8,maize,alluvial soil
105.2,51.2,74.1,33.27,83.17,6.65,1615.5,sugarcane,black soil
87.9,43.4,63.5,28.92,56.62,7.07,737.6,chilli,black soil
83.6,62.4,89.4,31.74,46.59,7.36,606.9,pomegranate,red soil
44.3,22.7,32.6,27.74,48.26,6.01,596.6,bajra,alluvial soil
65.3,39.6,40.9,20.28,46.46,7.71,736.8,sunflower,black soil
85.6,52.1,50.5,30.8,59.89,6.35,758.5,chilli,red soil
58.6,28.9,35.0,27.31,45.95,6.7,738.9,jowar,red soil
38.7,24.7,38.2,27.49,48.12,6.69,498.5,bajra,red soil
135.6,48.4,91.9,24.61,74.67,6.42,2326.5,greengram,alluvial soil
110.6,9.5,94.9,30.31,34.01,7.65,1649.4,soybean,red soil
76.6,67.2,84.8,13.47,70.26,6.5,1641.1,soybean,red soil
79.2,6.7,69.3,23.64,53.8,9.22,969.8,soybean,alluvial soil
133.0,58.8,79.4,14.61,80.98,7.23,2009.9,safflower,red soil
85.2,39.8,59.7,34.18,59.38,7.63,560.0,cotton,black soil
37.8,30.6,34.7,27.33,52.54,7.07,741.9,pigeonpeas,black soil
72.0,46.7,47.1,15.7,56.28,7.29,616.6,wheat,alluvial soil
55.5,41.7,46.9,27.61,49.31,7.96,517.9,sunflower,red soil
30.0,42.6,30.0,29.65,51.22,7.3,653.1,pigeonpeas,red soil
28.3,31.3,21.9,29.03,51.4,7.26,627.4,greengram,alluvial soil
99.5,54.7,56.8,24.52,62.85,6.38,956.0,tomato,alluvial soil
49.8,49.7,26.4,28.25,65.93,6.89,895.4,soybean,alluvial soil
98.8,47.4,64.3,24.41,68.9,6.01,634.7,tomato,red soil
36.5,29.1,24.8,37.63,33.65,5.36,1771.9,lentil,red soil
56.5,42.4,53.5,22.8,48.89,7.04,592.4,sunflower,black soil
22.4,34.0,41.5,26.73,68.71,6.79,709.2,groundnut,red soil
28.7,42.3,33.0,33.4,51.18,6.95,790.9,pigeonpeas,black soil
27.7,33.3,28.1,23.41,53.83,6.59,428.6,chickpea,red soil
15.7,20.9,28.3,34.04,53.7,6.66,674.7,blackgram,red soil
39.3,68.8,82.1,31.67,63.61,7.05,2079.6,ragi,laterite soil
97.1,39.9,16.4,28.74,89.67,7.41,2379.5,safflower,black soil
138.7,22.0,71.0,32.94,70.16,8.6,2068.2,chickpea,red soil
113.4,27.8,91.0,26.34,74.58,7.29,1716.7,soybean,black soil
43.2,42.9,47.1,21.58,52.81,6.61,855.6,ragi,red soil
97.0,58.5,63.2,27.27,72.89,6.36,848.3,maize,red soil
98.8,56.1,56.8,24.5,57.46,7.23,953.0,onion,alluvial soil
69.5,38.5,96.4,39.79,89.8,7.54,1430.6,grapes,laterite soil
42.9,37.4,41.4,19.95,36.61,7.78,515.5,safflower,black soil
115.2,45.6,55.7,22.04,67.04,6.62,734.5,tomato,alluvial soil
27.7,27.3,28.5,23.11,51.84,7.33,442.1,chickpea,red soil
61.5,43.9,39.1,24.4,54.2,5.53,825.8,ragi,laterite soil
60.4,39.7,44.8,21.29,44.13,7.97,615.1,sunflower,black soil
44.3,24.5,27.9,26.69,50.11,6.13,550.8,bajra,red soil
27.3,34.7,39.2,28.84,45.68,6.86,837.8,pigeonpeas,black soil
35.4,34.0,30.6,32.64,68.57,6.42,591.4,groundnut,alluvial soil
100.0,51.7,64.9,19.06,61.47,7.06,796.0,onion,red soil
75.7,10.3,78.0,16.89,65.22,8.79,2288.2,maize,red soil
63.8,51.8,7.5,34.33,26.19,8.31,2016.9,jowar,alluvial soil
89.5,52.1,62.5,28.16,56.58,7.1,879.2,chilli,red soil
18.2,26.4,19.0,28.16,56.26,6.45,650.1,blackgram,black soil
40.8,32.6,39.8,32.56,40.06,7.4,611.4,bajra,red soil
91.9,41.7,46.5,21.88,65.16,6.38,699.1,maize,alluvial soil
55.3,40.5,39.7,20.06,67.78,7.37,669.4,ragi,laterite soil
102.4,65.4,83.4,33.76,47.97,7.38,702.6,pomegranate,black soil
92.9,69.3,61.5,25.93,54.92,6.57,580.7,pomegranate,red soil
18.5,30.1,29.7,25.3,57.8,7.3,629.3,blackgram,red soil
77.3,40.7,60.7,22.01,68.48,6.22,621.7,chilli,black soil
51.3,40.1,37.1,23.16,60.82,6.93,768.3,ragi,laterite soil
93.8,50.4,60.1,24.74,63.52,6.97,998.2,maize,alluvial soil
55.0,26.6,38.9,27.7,42.77,7.21,417.5,bajra,red soil
69.4,49.9,53.6,15.29,62.0,6.6,520.0,wheat,alluvial soil
75.3,46.2,53.0,19.79,53.2,7.08,638.2,wheat,black soil
90.7,55.7,57.2,28.33,72.04,6.59,871.8,tomato,alluvial soil
54.0,44.2,48.8,29.97,61.96,6.54,775.3,ragi,laterite soil
39.1,44.2,31.8,26.46,47.64,6.51,866.3,pigeonpeas,red soil
78.1,43.8,45.1,15.07,66.54,6.87,590.7,wheat,black soil
55.0,48.1,52.4,23.96,53.28,7.95,587.3,sunflower,red soil
78.9,47.6,53.7,23.43,53.63,6.36,628.0,wheat,black soil
24.8,32.5,25.1,31.09,63.48,6.71,736.7,greengram,alluvial soil
63.7,39.6,45.6,24.59,67.12,7.1,543.7,wheat,alluvial soil
102.1,41.3,51.0,22.99,74.77,6.02,725.9,onion,black soil
16.6,26.4,22.7,20.55,59.2,6.94,400.2,lentil,alluvial soil
35.0,34.8,24.7,29.85,59.73,6.48,465.8,chickpea,red soil
89.9,58.8,68.5,33.91,57.22,6.54,701.6,pomegranate,red soil
54.9,27.4,37.4,27.0,46.65,8.14,683.6,jowar,red soil
87.9,35.4,52.7,26.7,50.36,7.34,702.0,cotton,red soil
63.0,41.7,45.8,23.18,48.52,7.88,723.8,sunflower,red soil
50.4,43.3,40.6,21.31,52.01,6.01,967.0,ragi,red soil
23.6,29.6,23.8,31.97,53.98,6.96,537.0,greengram,alluvial soil
44.3,37.9,41.7,21.9,59.34,6.34,664.3,ragi,red soil
82.1,65.5,75.8,34.56,42.25,7.06,562.8,pomegranate,black soil
48.0,33.1,41.6,31.18,57.21,7.94,526.3,jowar,red soil
62.1,43.0,55.7,25.91,52.92,6.59,630.6,cotton,red soil
113.4,15.0,22.0,38.89,75.69,9.05,1580.1,chilli,black soil
28.0,34.8,33.9,25.92,62.96,7.37,624.6,groundnut,alluvial soil
108.2,51.8,67.2,32.57,54.65,6.93,516.7,pomegranate,black soil
54.0,33.9,36.2,33.51,52.75,7.46,508.3,bajra,alluvial soil
30.3,29.5,21.9,28.56,56.1,6.94,491.0,chickpea,red soil
46.6,47.4,39.3,25.68,60.16,6.63,908.4,soybean,alluvial soil
116.7,52.4,63.9,20.62,78.55,6.84,883.9,tomato,red soil
15.9,9.5,28.3,15.64,69.89,8.55,2149.3,sugarcane,red soil
67.0,37.0,44.0,22.31,50.69,7.99,724.7,sunflower,red soil
117.2,53.2,88.5,30.3,60.95,6.93,1661.6,sugarcane,alluvial soil
63.3,30.1,42.0,25.47,58.29,7.53,633.8,sunflower,red soil
126.7,55.3,58.2,30.23,25.76,7.24,502.4,wheat,alluvial soil
88.9,37.3,57.4,27.54,58.3,7.13,797.5,cotton,red soil
15.6,69.9,49.4,29.61,81.15,4.63,1821.1,maize,laterite soil
112.4,68.5,63.8,27.18,60.75,6.82,1455.5,sugarcane,alluvial soil
53.7,27.2,42.3,25.64,52.39,7.57,501.1,jowar,red soil
68.2,41.9,51.3,18.53,57.37,6.87,631.4,wheat,alluvial soil
61.8,41.5,37.0,26.67,58.61,6.53,759.9,sunflower,red soil
23.4,32.3,23.4,31.26,66.49,7.18,642.3,greengram,black soil
70.0,73.3,88.7,24.29,90.17,7.19,1433.4,soybean,alluvial soil
18.9,28.0,29.0,30.37,59.44,6.58,557.7,greengram,black soil
47.3,39.4,43.3,20.49,50.96,7.24,641.3,ragi,red soil
98.4,66.0,67.5,27.07,55.29,7.2,502.4,pomegranate,red soil
41.0,26.9,39.2,16.36,49.34,6.71,638.9,safflower,red soil
52.2,32.1,36.8,18.74,37.07,6.83,416.6,safflower,black soil
72.9,52.2,51.3,29.12,59.51,7.45,669.4,chilli,red soil
52.2,72.4,45.1,30.61,24.51,9.11,1314.8,pigeonpeas,black soil
35.7,45.9,28.4,24.45,65.07,6.34,653.9,soybean,alluvial soil
108.4,45.6,51.3,19.18,60.12,6.27,964.6,onion,red soil
18.2,46.8,29.2,18.35,57.81,6.24,675.0,pomegranate,alluvial soil
104.4,59.3,79.9,28.77,57.87,7.4,683.2,grapes,red soil
45.4,30.3,37.6,28.2,59.72,6.89,635.3,ragi,laterite soil
45.6,32.9,44.3,20.95,51.45,6.61,523.9,safflower,red soil
67.0,41.1,40.5,20.23,65.28,7.44,487.9,wheat,black soil
100.1,62.5,97.1,20.95,67.9,7.03,819.9,grapes,red soil
109.0,53.8,57.6,25.83,65.82,6.69,959.1,onion,black soil
121.1,66.0,77.3,22.88,73.83,7.4,674.0,pigeonpeas,black soil
58.2,26.0,35.7,21.35,37.48,7.48,534.8,safflower,red soil
50.5,30.4,32.2,26.95,60.51,8.13,636.9,jowar,red soil
73.7,39.6,42.0,18.72,50.9,6.3,474.9,wheat,alluvial soil
45.5,49.8,28.5,27.38,75.4,7.22,667.3,soybean,alluvial soil
31.9,28.2,49.9,25.49,55.73,6.56,765.6,groundnut,alluvial soil
96.5,73.5,8.2,17.78,27.25,7.54,811.8,grapes,black soil
38.0,37.0,35.4,33.63,45.08,7.16,629.5,pigeonpeas,black soil
84.2,55.0,57.0,22.59,56.48,6.67,914.2,maize,black soil
57.4,35.2,40.4,24.41,64.02,6.44,966.1,ragi,laterite soil
56.4,46.4,50.4,21.38,58.44,7.32,573.7,sunflower,black soil
52.9,29.8,37.6,26.88,48.69,6.85,583.8,bajra,alluvial soil
70.3,44.3,57.1,30.7,62.78,7.46,801.8,chilli,red soil
92.6,46.8,66.9,27.11,76.38,6.78,975.3,tomato,red soil
35.6,26.3,39.1,26.69,48.14,7.14,610.8,bajra,red soil
33.0,39.8,25.8,23.79,68.37,7.34,653.7,pigeonpeas,red soil
94.5,55.6,51.7,24.33,63.33,7.11,918.3,onion,black soil
98.5,69.7,90.9,25.53,54.86,6.92,851.9,grapes,red soil
21.2,29.0,20.8,21.47,46.84,6.83,445.4,chickpea,red soil
24.7,20.1,89.1,23.01,67.98,8.28,574.7,pigeonpeas,black soil
38.5,34.9,26.3,25.16,69.9,7.27,723.2,soybean,alluvial soil
91.5,40.1,63.5,21.82,74.38,6.21,603.7,maize,red soil
48.6,32.3,32.1,32.74,42.25,7.73,548.5,bajra,red soil
70.5,43.8,53.4,22.36,58.96,5.92,941.2,maize,black soil
33.8,39.2,35.8,25.88,63.9,7.0,886.6,soybean,alluvial soil
50.9,39.7,35.4,16.07,41.91,7.66,503.5,safflower,black soil
88.1,55.2,50.1,27.57,68.59,6.58,692.9,onion,red soil
95.9,59.8,72.6,29.12,66.6,6.62,606.4,tomato,alluvial soil
47.3,30.3,30.2,17.75,41.09,7.22,561.6,safflower,red soil
88.8,52.4,54.6,28.67,63.96,6.88,817.9,chilli,red soil
90.4,57.8,73.5,20.62,62.59,6.54,911.5,tomato,red soil
56.8,3.7,36.1,26.71,26.12,6.94,1807.0,greengram,black soil
117.4,55.3,83.9,27.73,58.52,7.25,667.9,grapes,red soil
40.9,28.0,34.5,26.58,47.0,6.55,733.1,jowar,black soil
28.2,36.2,37.8,23.19,69.27,7.41,686.3,pigeonpeas,black soil
107.1,60.4,67.2,29.15,69.66,6.66,733.1,tomato,alluvial soil
66.1,38.7,44.0,20.99,50.25,6.27,577.1,wheat,alluvial soil
100.4,41.2,62.9,21.9,73.26,6.31,648.4,onion,red soil
37.2,23.2,38.7,30.41,45.03,6.1,599.8,bajra,alluvial soil
64.2,39.0,54.1,24.49,58.01,6.23,598.2,wheat,black soil
78.6,38.4,56.8,26.23,62.63,7.12,800.8,chilli,red soil
82.4,44.0,47.9,26.99,64.81,7.35,764.5,maize,red soil
26.9,36.8,23.4,21.58,56.61,6.75,460.2,chickpea,red soil
52.3,37.0,33.9,16.92,40.12,6.91,567.3,safflower,black soil
138.3,60.4,84.4,32.41,74.98,6.64,1396.2,sugarcane,black soil
50.0,48.4,68.2,28.02,60.75,6.55,650.1,maize,alluvial soil
45.8,31.5,28.6,27.88,69.83,6.45,756.7,soybean,black soil
55.2,33.0,38.9,25.04,64.74,6.43,767.0,ragi,laterite soil
88.2,52.9,46.8,28.44,63.94,6.85,955.4,chilli,black soil
59.1,42.4,47.0,22.87,48.73,6.92,769.9,sunflower,black soil
15.2,20.4,29.5,27.15,60.23,6.8,587.8,greengram,alluvial soil
108.9,52.5,56.4,21.59,68.36,6.93,654.1,tomato,alluvial soil
60.8,44.4,35.3,28.94,51.31,7.95,679.5,sunflower,red soil
19.9,30.6,28.7,33.54,61.1,6.48,574.7,blackgram,red soil
61.0,47.0,50.3,21.78,53.23,7.49,781.1,sunflower,black soil
17.0,32.5,22.8,28.59,66.12,6.99,558.5,greengram,black soil
66.5,47.3,51.6,17.35,50.77,7.19,500.0,wheat,black soil
108.9,66.8,91.8,26.73,51.84,7.03,874.2,grapes,red soil
66.5,24.1,84.9,39.4,36.05,5.41,1674.4,safflower,red soil
23.3,38.4,7.7,13.89,51.99,5.32,1561.6,cotton,black soil
20.3,27.1,23.2,24.09,58.56,7.03,555.4,lentil,black soil
62.8,49.5,46.1,18.82,69.04,7.36,629.4,wheat,alluvial soil
29.1,21.7,22.7,34.01,68.85,6.24,778.0,blackgram,black soil
116.0,58.2,4.3,39.97,60.85,6.79,2272.8,pomegranate,laterite soil
50.7,44.9,43.8,22.6,50.73,7.92,525.3,sunflower,alluvial soil
72.0,28.6,88.3,22.01,57.16,7.01,1132.2,blackgram,alluvial soil
103.5,62.0,70.2,24.98,69.75,6.09,820.8,tomato,red soil
80.4,41.7,54.2,27.16,71.17,6.08,950.2,chilli,red soil
63.4,36.8,54.1,24.85,59.77,6.64,719.5,sunflower,alluvial soil
52.2,32.4,30.5,32.76,40.52,7.21,587.3,bajra,alluvial soil
40.3,26.1,25.1,27.91,40.62,7.61,646.6,bajra,red soil
43.5,42.7,44.3,26.22,56.26,7.25,602.6,ragi,red soil
102.1,57.6,78.3,26.01,61.67,7.46,836.6,grapes,black soil
27.6,38.5,35.9,26.81,46.81,6.97,852.9,pigeonpeas,black soil
71.8,53.2,49.8,27.64,55.49,6.68,743.8,cotton,black soil
50.3,27.3,35.3,34.9,50.52,7.38,544.8,bajra,alluvial soil
23.5,33.3,24.1,29.08,60.79,6.19,773.2,blackgram,black soil
97.8,53.9,81.9,33.23,40.61,6.75,616.2,pomegranate,black soil
92.1,53.0,93.7,22.71,57.38,7.38,636.4,grapes,black soil
91.6,61.9,58.3,18.8,71.35,6.72,268.9,pigeonpeas,red soil
74.2,34.9,70.9,37.94,45.47,8.13,2108.0,soybean,red soil
70.4,58.9,60.1,26.67,73.59,5.67,669.3,maize,alluvial soil
104.3,60.3,58.9,25.61,70.44,6.45,946.1,tomato,alluvial soil
81.8,40.4,49.2,22.38,74.06,7.09,640.8,chilli,red soil
50.0,38.9,37.9,27.16,64.31,6.16,916.2,soybean,alluvial soil
33.3,35.5,31.2,31.84,58.47,7.0,675.0,pigeonpeas,black soil
109.9,61.9,89.4,23.98,50.55,7.5,654.7,grapes,red soil
53.0,36.1,44.7,19.04,38.61,7.69,471.9,safflower,red soil
57.2,42.1,41.1,21.1,56.06,7.18,830.1,ragi,laterite soil
50.0,1.1,52.5,39.52,84.14,7.99,2145.0,groundnut,laterite soil
19.6,23.0,24.0,30.67,55.59,6.09,758.2,blackgram,red soil
28.5,38.4,24.3,24.11,49.96,6.48,614.2,chickpea,black soil
70.1,11.9,14.0,33.54,83.31,6.11,2405.8,onion,laterite soil
99.6,51.6,87.1,25.45,59.81,7.44,696.4,grapes,black soil
98.0,55.5,45.9,26.54,57.58,7.03,923.4,maize,red soil
66.9,44.6,42.0,25.99,54.3,7.64,726.2,sunflower,black soil
107.9,62.1,69.7,25.27,81.33,7.34,1366.3,sugarcane,alluvial soil
23.6,22.2,24.0,25.88,63.53,6.99,720.4,greengram,black soil
120.6,69.6,70.7,34.24,70.93,6.6,1815.6,sugarcane,black soil
60.2,35.9,54.4,15.11,68.01,6.35,533.8,wheat,alluvial soil
42.1,26.2,39.6,19.25,43.52,7.62,579.4,safflower,red soil
29.4,31.5,30.5,25.76,59.94,7.92,782.2,pigeonpeas,red soil
76.5,53.9,60.2,26.43,60.65,7.11,604.0,maize,alluvial soil
47.8,33.3,32.8,17.4,48.94,6.56,425.0,safflower,red soil
77.7,53.1,51.4,32.16,63.69,7.25,753.1,cotton,red soil
20.6,26.3,27.0,18.99,52.81,6.34,423.5,lentil,alluvial soil
95.7,51.7,62.2,25.51,71.18,7.23,952.0,chilli,black soil
26.0,30.7,27.6,31.84,59.47,6.73,615.9,greengram,black soil
61.9,40.8,43.3,15.34,55.21,7.26,649.5,wheat,alluvial soil
33.7,36.3,37.9,26.7,66.03,7.74,642.9,pigeonpeas,red soil
85.5,43.7,57.4,29.83,74.13,6.62,902.6,chilli,black soil
86.6,60.0,51.4,19.74,63.86,7.05,604.9,onion,black soil
25.5,27.8,24.7,33.94,66.71,7.35,570.2,greengram,alluvial soil
127.1,64.2,33.0,15.94,55.45,6.88,396.7,maize,black soil
84.4,44.1,52.8,23.93,59.7,7.45,756.9,onion,alluvial soil
93.9,40.7,63.4,31.59,74.71,6.26,986.9,chilli,black soil
95.2,35.7,18.5,34.31,42.92,9.24,2485.1,safflower,red soil
0.5,26.5,50.7,29.39,30.34,7.77,693.8,tomato,red soil
31.4,44.8,40.8,32.66,55.88,6.85,738.4,groundnut,red soil
27.8,27.3,21.0,33.92,61.64,6.96,661.8,greengram,alluvial soil
44.7,43.1,44.9,22.33,77.69,6.41,792.9,soybean,black soil
34.7,41.9,33.8,27.2,71.17,6.69,803.5,soybean,alluvial soil
65.3,38.2,53.8,26.44,40.88,7.44,640.5,sunflower,red soil
73.9,41.5,56.2,32.84,50.66,6.95,610.9,cotton,black soil
81.9,51.4,53.0,23.99,72.84,6.53,895.2,onion,black soil
47.6,22.3,32.9,29.59,52.4,7.24,506.2,bajra,red soil
47.2,35.0,37.3,21.69,62.37,7.15,976.8,ragi,red soil
112.6,54.2,74.5,20.38,62.32,6.64,753.0,tomato,red soil
125.7,50.7,73.4,31.37,71.02,7.48,1590.2,sugarcane,alluvial soil
93.1,59.1,68.8,21.56,74.91,6.08,809.2,tomato,alluvial soil
28.2,29.5,49.3,30.21,66.33,7.04,862.4,groundnut,alluvial soil
84.5,53.2,90.2,26.43,84.5,8.23,640.5,pomegranate,black soil
21.0,31.4,24.9,34.94,53.15,7.38,574.9,blackgram,red soil
96.5,49.8,67.9,24.86,61.18,6.17,735.4,tomato,alluvial soil
24.1,24.5,29.7,32.36,57.06,7.26,653.3,blackgram,red soil
64.1,37.6,40.3,22.03,51.68,6.65,589.8,wheat,black soil
73.0,47.8,60.5,22.4,63.78,7.13,677.1,chilli,black soil
1.1,52.2,40.8,44.47,93.97,7.35,1326.6,chickpea,black soil
84.1,55.0,50.9,22.62,58.15,6.98,923.5,chilli,black soil
20.2,39.1,46.2,29.32,50.53,7.03,864.2,groundnut,red soil
29.9,32.7,25.3,31.56,66.33,6.1,609.1,blackgram,red soil
88.2,65.1,63.6,30.15,47.02,6.87,528.9,pomegranate,black soil
82.8,41.8,64.6,18.25,57.66,6.36,619.3,onion,red soil
135.3,16.0,96.1,44.19,47.04,6.44,1374.2,ragi,black soil
32.5,33.9,22.5,24.42,41.18,7.79,445.7,chickpea,black soil
47.9,74.4,89.3,28.94,65.44,8.71,1012.9,grapes,laterite soil
34.7,45.3,35.1,22.4,76.17,6.58,950.4,soybean,alluvial soil
66.8,39.8,49.8,17.03,55.27,6.51,526.7,wheat,black soil
27.4,26.3,26.8,25.72,60.44,7.28,773.1,greengram,black soil
48.1,30.9,33.8,21.97,38.46,6.94,490.8,safflower,red soil
63.0,46.1,41.2,19.84,53.52,7.02,641.3,wheat,alluvial soil
45.4,22.6,38.9,33.68,50.57,6.92,540.3,bajra,red soil
102.3,13.7,99.1,11.83,75.94,8.54,2499.8,sunflower,laterite soil
40.9,67.4,22.2,29.5,87.5,8.51,2209.1,bajra,alluvial soil
30.3,44.8,27.5,23.57,68.56,6.58,790.9,pigeonpeas,red soil
17.5,4.4,22.8,40.87,93.96,9.3,1378.8,ragi,laterite soil
114.7,53.9,96.3,27.52,50.26,6.94,709.9,grapes,black soil
50.2,3.4,41.7,42.35,41.61,6.26,2429.5,chickpea,black soil
84.2,52.3,56.2,23.78,74.97,6.28,786.5,onion,red soil
57.6,10.5,81.5,15.74,43.48,7.1,1678.2,cotton,alluvial soil
22.5,27.8,25.4,23.06,53.92,7.03,606.6,chickpea,black soil
54.4,39.6,33.4,19.79,47.17,7.38,455.9,safflower,red soil
97.8,59.5,84.7,31.9,59.93,6.59,654.1,pomegranate,red soil
60.8,42.2,45.0,29.83,51.68,7.18,741.0,ragi,laterite soil
45.6,43.2,41.6,25.7,68.67,6.07,683.7,soybean,black soil
41.2,39.4,39.0,25.02,46.92,7.42,473.2,jowar,red soil
26.9,28.5,43.4,30.5,63.38,6.12,782.0,groundnut,alluvial soil
76.8,46.8,41.9,27.36,52.96,7.18,860.3,cotton,black soil
20.1,31.3,44.4,32.91,51.22,6.3,557.7,groundnut,red soil
64.3,36.0,41.3,30.36,60.6,6.78,702.3,cotton,red soil
21.6,28.9,24.5,26.46,49.5,6.86,562.4,lentil,alluvial soil
22.4,26.3,61.4,44.89,41.04,6.34,2151.5,cotton,laterite soil
32.6,33.8,37.4,31.65,54.04,7.61,886.9,pigeonpeas,red soil
81.9,44.5,50.2,31.84,64.93,6.56,814.0,chilli,black soil
32.5,30.6,7.8,29.33,48.84,8.25,327.9,cotton,laterite soil
28.2,26.9,26.6,24.7,40.49,6.68,497.8,chickpea,black soil
46.3,25.6,28.1,34.83,58.29,6.62,600.6,bajra,red soil
71.3,39.6,45.4,16.74,63.46,6.29,452.7,wheat,black soil
37.4,34.6,31.6,34.24,56.05,7.88,620.6,pigeonpeas,black soil
38.5,0.9,17.3,32.43,63.5,9.02,409.8,jowar,laterite soil
99.5,56.8,64.3,25.07,55.79,7.16,803.7,maize,black soil
36.3,20.5,32.6,31.98,56.64,6.15,491.7,bajra,red soil
63.2,32.2,39.5,21.46,45.32,7.98,761.7,sunflower,black soil
20.1,29.1,21.5,20.44,55.91,7.03,578.2,lentil,black soil
22.4,35.7,25.3,29.96,54.57,7.09,527.7,chickpea,red soil
129.8,58.3,64.5,29.35,71.05,7.41,1381.4,sugarcane,black soil
86.0,59.2,89.9,25.14,55.97,7.48,773.9,pomegranate,black soil
53.7,26.4,31.8,15.16,39.08,7.62,428.9,safflower,red soil
55.2,35.0,45.4,26.86,47.2,7.98,739.0,sunflower,alluvial soil
48.8,45.0,43.7,28.69,73.4,6.22,709.1,soybean,alluvial soil
39.1,2.8,35.4,26.45,32.54,8.86,1789.4,ragi,black soil
88.9,43.0,59.4,26.64,57.19,6.86,868.5,chilli,red soil
84.7,50.3,50.5,21.31,74.32,7.17,679.3,maize,red soil
79.6,40.6,44.4,22.69,64.98,6.16,604.0,wheat,black soil
34.3,40.5,33.4,34.81,45.82,6.72,753.0,pigeonpeas,black soil
76.8,50.4,54.2,27.94,50.01,6.57,930.3,cotton,black soil
32.3,39.3,30.0,31.7,52.03,7.0,842.8,pigeonpeas,black soil
97.4,66.0,60.9,27.01,49.42,7.05,570.0,pomegranate,red soil
71.8,34.7,78.7,41.04,45.16,8.79,1301.1,pomegranate,red soil
125.6,54.1,64.8,30.44,83.51,7.04,1963.9,sugarcane,black soil
19.3,33.9,23.5,27.25,45.29,6.51,503.4,lentil,black soil
101.4,56.0,76.1,21.96,24.22,5.7,2114.5,soybean,red soil
61.4,43.6,45.8,29.03,62.07,7.58,597.1,cotton,red soil
17.6,27.5,26.6,29.76,50.44,7.2,764.4,blackgram,black soil
65.4,36.5,40.0,23.37,50.28,7.29,737.5,sunflower,red soil
47.7,35.4,39.7,25.73,54.61,8.09,492.4,jowar,black soil
100.8,47.6,67.3,26.86,71.73,6.82,679.8,tomato,alluvial soil
71.4,1.7,45.4,34.6,59.24,6.16,2175.8,blackgram,black soil
90.4,54.6,64.0,27.21,59.35,6.92,712.1,chilli,red soil
15.6,39.0,7.3,10.17,39.28,4.79,1260.3,blackgram,red soil
33.0,34.8,31.2,32.65,58.93,6.81,634.8,groundnut,red soil
43.0,37.3,38.8,16.46,39.47,7.5,528.9,safflower,black soil
20.8,28.3,32.0,25.68,65.41,6.29,674.1,groundnut,alluvial soil
61.0,41.1,50.0,19.89,60.46,6.97,536.0,wheat,alluvial soil
27.7,33.0,29.1,29.21,58.04,7.09,569.0,greengram,black soil
65.6,41.2,44.9,24.71,65.12,6.12,510.9,wheat,black soil
59.2,33.1,43.4,18.49,48.28,7.03,403.1,safflower,black soil
63.6,37.3,43.4,20.31,57.26,6.7,640.2,wheat,alluvial soil
49.2,32.5,30.9,26.76,70.08,7.27,639.5,soybean,alluvial soil
91.3,52.9,68.1,34.07,31.62,5.18,1773.4,safflower,laterite soil
116.0,39.9,7.4,20.43,52.45,8.85,1467.4,greengram,laterite soil
105.1,53.7,65.0,27.93,41.56,7.46,540.7,pomegranate,black soil
26.9,26.7,23.5,28.27,49.4,6.11,538.7,chickpea,red soil
29.2,38.5,48.1,27.76,63.82,6.19,577.3,groundnut,red soil
13.7,25.9,75.4,40.05,39.97,4.79,1870.8,sugarcane,black soil
43.5,36.5,30.6,25.88,56.8,6.68,461.4,jowar,black soil
76.3,37.4,43.0,34.8,53.65,7.95,640.2,cotton,black soil
70.7,46.5,45.5,19.25,50.53,7.05,608.6,wheat,black soil
24.0,32.0,27.2,34.66,60.61,7.13,630.3,blackgram,red soil
77.0,48.8,48.1,15.05,57.39,7.01,554.0,wheat,black soil
15.9,26.1,27.4,26.25,61.43,7.0,547.0,lentil,black soil
66.4,49.6,50.2,30.34,53.59,6.83,866.8,cotton,black soil
85.3,49.9,48.3,24.72,61.15,6.94,615.2,cotton,red soil
18.5,21.3,23.7,33.62,63.77,6.54,748.5,blackgram,red soil
34.6,41.8,27.9,24.36,46.97,7.09,668.0,pigeonpeas,red soil
105.8,63.4,83.8,30.86,58.13,6.59,608.1,pomegranate,red soil
36.4,38.1,27.8,28.36,78.43,7.19,779.5,soybean,alluvial soil
25.0,28.1,28.4,21.37,47.4,6.23,550.6,lentil,black soil
70.2,76.3,64.1,14.72,64.04,6.31,1552.1,onion,black soil
16.7,26.1,22.8,30.33,57.07,7.21,613.8,greengram,alluvial soil
54.5,25.1,40.8,31.74,57.32,8.05,625.0,jowar,black soil
9.4,27.9,7.9,12.17,65.27,6.54,2444.2,jowar,laterite soil
63.5,21.8,6.1,16.7,88.34,5.48,1957.4,greengram,alluvial soil
32.8,39.2,8.8,16.11,89.91,4.85,1971.6,sunflower,alluvial soil
114.5,49.6,57.6,27.31,70.3,6.16,719.1,tomato,alluvial soil
101.7,53.3,82.9,29.94,81.25,6.6,1783.1,sugarcane,black soil
54.2,31.1,44.0,31.87,50.57,7.71,474.0,jowar,red soil
108.8,10.6,29.9,32.24,86.98,8.24,1392.5,chilli,laterite soil
79.3,64.3,31.5,40.39,64.48,8.03,1502.8,grapes,laterite soil
35.8,39.7,42.7,26.4,78.2,7.21,975.9,soybean,alluvial soil
60.1,45.1,40.3,21.18,52.16,7.03,529.8,wheat,alluvial soil
25.8,42.7,36.7,26.45,67.42,6.52,679.4,pigeonpeas,red soil
77.2,48.4,45.4,19.02,59.86,7.22,479.6,wheat,black soil
51.0,44.3,42.2,25.85,58.5,6.14,881.6,ragi,laterite soil
116.7,69.9,47.8,16.54,74.98,4.66,2403.4,chickpea,black soil
22.0,26.0,21.9,32.14,61.04,7.31,653.6,greengram,black soil
69.7,39.5,40.1,21.8,52.48,6.86,590.7,wheat,black soil
49.1,39.8,40.0,25.32,61.05,6.0,980.6,ragi,laterite soil
102.7,56.4,80.7,28.93,62.71,6.87,851.9,grapes,red soil
57.8,43.2,46.7,21.26,59.26,5.8,669.8,ragi,laterite soil
84.7,61.3,68.3,26.39,56.34,7.2,763.5,pomegranate,red soil
90.7,47.6,53.2,25.8,70.07,5.55,944.1,maize,black soil
62.2,44.1,42.5,22.38,56.64,7.05,505.3,wheat,black soil
2.2,62.5,35.8,22.78,31.64,5.12,938.1,lentil,black soil
47.6,35.7,28.9,27.5,75.41,7.31,928.5,soybean,alluvial soil
137.7,55.4,92.8,14.27,42.07,8.22,1982.7,chickpea,red soil
31.6,38.7,33.2,30.65,64.73,7.73,601.7,pigeonpeas,black soil
71.5,25.4,93.5,35.85,67.7,7.23,1306.8,pomegranate,alluvial soil
78.8,41.0,48.6,32.42,63.7,7.85,804.1,cotton,red soil
101.4,59.1,57.4,25.77,72.14,7.1,601.3,onion,red soil
22.8,28.3,29.5,26.52,57.33,7.41,457.1,lentil,black soil
19.4,24.0,21.3,28.82,61.13,7.14,734.5,greengram,alluvial soil
74.6,42.1,49.8,15.58,52.69,7.07,567.8,wheat,alluvial soil
74.7,57.5,53.1,23.97,71.6,6.53,628.1,maize,black soil
23.8,31.1,32.6,21.5,41.99,7.95,424.5,chickpea,red soil
102.1,58.6,53.8,24.66,60.94,6.06,994.7,onion,alluvial soil
57.6,46.7,40.1,25.71,44.73,7.44,738.0,sunflower,red soil
27.1,29.7,23.3,28.0,60.99,6.77,725.2,greengram,black soil
103.4,47.8,51.3,23.66,64.03,6.08,737.2,onion,red soil
54.6,33.2,41.9,22.96,66.05,5.52,731.2,ragi,laterite soil
125.0,73.3,37.3,14.99,73.08,8.14,1373.6,tomato,laterite soil
52.5,33.5,38.0,31.95,53.32,7.48,514.4,bajra,red soil
30.3,32.0,25.6,29.94,47.93,6.14,428.3,chickpea,red soil
52.9,40.7,36.6,20.1,61.75,7.26,998.3,ragi,laterite soil
85.3,54.9,54.7,26.41,61.11,7.22,889.1,cotton,black soil
58.3,32.6,43.3,28.65,46.2,6.81,655.9,sunflower,red soil
94.9,55.8,52.2,22.5,61.73,6.93,659.5,maize,red soil
113.2,59.0,74.8,22.67,71.11,6.53,989.0,tomato,red soil
63.9,36.5,36.7,23.59,47.26,6.63,610.6,sunflower,black soil
44.0,25.7,34.8,26.34,57.85,6.1,511.8,bajra,red soil
46.4,34.9,47.5,20.33,61.86,7.27,992.4,ragi,laterite soil
48.6,40.8,43.8,22.86,68.13,7.01,876.7,ragi,red soil
56.4,37.3,36.1,23.88,55.88,6.33,704.8,ragi,laterite soil
24.6,34.7,26.5,25.23,41.0,7.85,641.5,chickpea,red soil
57.5,39.1,53.7,26.96,43.97,7.29,738.9,sunflower,red soil
80.2,64.3,84.5,29.2,54.42,6.79,760.5,pomegranate,black soil
52.0,44.9,49.2,20.4,52.11,7.37,600.4,sunflower,alluvial soil
65.2,49.9,43.0,22.15,61.26,6.5,628.8,wheat,alluvial soil
25.4,34.6,31.6,24.53,60.5,6.56,741.2,pigeonpeas,red soil
45.8,29.0,40.3,25.87,57.96,7.45,743.5,jowar,black soil
36.8,39.4,25.9,22.86,77.08,6.07,676.7,soybean,alluvial soil
30.8,38.2,32.4,21.66,56.27,7.41,631.5,chickpea,black soil
35.8,39.5,29.6,23.87,69.47,7.63,615.4,pigeonpeas,black soil
50.8,27.5,35.9,19.26,35.85,6.51,529.4,safflower,black soil
45.6,37.9,39.4,18.34,37.55,7.12,512.7,safflower,black soil
24.9,27.0,22.4,27.29,53.04,7.0,730.4,greengram,black soil
42.2,37.3,34.4,22.37,37.08,6.97,583.6,safflower,red soil
58.7,31.5,42.9,22.6,39.38,7.65,503.0,safflower,red soil
108.7,45.4,68.9,25.55,63.74,6.69,758.7,onion,black soil
86.3,77.8,83.0,12.59,38.17,8.9,468.3,chilli,black soil
25.7,21.8,19.9,27.38,56.36,6.13,518.3,blackgram,black soil
21.1,34.0,24.7,34.31,61.7,6.85,740.3,greengram,black soil
48.8,34.1,44.9,21.61,53.5,6.4,778.3,ragi,red soil
28.2,34.6,30.9,31.82,52.86,6.85,704.4,pigeonpeas,red soil
37.7,3.3,96.1,33.46,30.46,5.95,1517.0,ragi,alluvial soil
17.5,29.4,20.7,32.67,60.93,7.32,679.9,greengram,alluvial soil
73.3,56.3,52.1,29.93,63.6,5.7,924.4,maize,alluvial soil
77.6,38.4,54.9,16.68,59.03,6.05,615.2,wheat,black soil
60.1,45.7,45.2,24.92,61.22,6.36,636.5,wheat,black soil
132.5,47.2,28.8,23.01,21.22,5.45,443.5,sugarcane,alluvial soil
47.5,23.5,35.8,26.98,40.69,7.78,521.2,bajra,alluvial soil
86.7,50.4,83.3,28.02,40.72,6.86,739.2,pomegranate,black soil
20.3,23.7,25.8,32.45,68.88,6.39,678.8,blackgram,red soil
109.1,52.4,67.9,28.81,76.79,6.84,751.0,tomato,alluvial soil
35.2,43.9,32.8,23.08,62.15,6.22,925.1,soybean,alluvial soil
26.6,37.2,23.7,20.4,45.26,6.51,474.3,chickpea,black soil
23.3,25.4,26.2,33.63,56.08,7.15,636.7,blackgram,red soil
90.4,57.5,90.8,27.26,68.76,7.15,861.0,grapes,black soil
66.7,37.9,53.1,28.14,55.35,6.99,923.8,cotton,red soil
119.3,64.4,84.1,26.05,65.17,7.26,1222.1,sugarcane,black soil
89.1,64.2,66.9,28.14,43.84,6.87,768.4,pomegranate,red soil
33.4,42.9,30.0,25.08,49.76,7.67,727.1,pigeonpeas,black soil
27.2,31.7,23.6,27.45,59.9,6.4,639.8,blackgram,red soil
59.0,25.6,43.2,17.74,51.83,6.89,626.6,safflower,red soil
55.5,13.0,21.8,16.83,83.55,8.6,757.3,pigeonpeas,laterite soil
43.6,44.0,43.7,27.45,70.76,7.12,933.5,soybean,black soil
33.9,30.2,31.1,21.84,48.34,7.86,610.8,chickpea,red soil
18.8,28.8,23.2,24.39,52.32,7.19,451.3,lentil,alluvial soil
55.0,30.8,31.3,29.69,47.53,6.79,702.7,jowar,red soil
40.6,65.5,85.2,32.79,73.97,4.97,1991.9,maize,black soil
52.6,33.9,44.3,21.96,56.67,7.13,775.5,sunflower,alluvial soil
24.0,31.5,23.4,24.07,51.36,6.94,506.5,lentil,black soil
33.5,25.8,73.7,16.28,87.22,8.93,519.3,sunflower,black soil
73.5,38.9,56.9,28.94,66.34,6.32,802.1,cotton,black soil
54.9,40.0,40.5,24.26,60.94,5.95,663.4,ragi,laterite soil
20.5,30.4,28.1,29.2,60.84,6.51,684.1,greengram,black soil
64.8,34.1,49.4,28.63,56.19,6.64,587.0,sunflower,red soil
102.4,67.3,67.0,28.06,51.04,7.08,610.8,pomegranate,black soil
55.5,35.3,44.3,29.17,56.72,7.55,715.9,jowar,red soil
22.0,34.4,26.6,26.17,42.45,7.19,452.2,chickpea,red soil
30.0,23.7,48.1,20.52,82.24,8.72,872.9,pigeonpeas,black soil
34.5,38.6,33.4,29.04,58.04,6.93,627.1,pigeonpeas,black soil
27.2,20.8,23.2,25.87,59.19,6.7,536.0,greengram,black soil
48.0,36.1,44.9,28.55,52.74,6.62,473.8,jowar,red soil
29.5,26.5,21.9,26.28,58.41,6.0,519.4,blackgram,red soil
92.8,43.8,50.1,22.35,64.26,6.2,949.9,onion,alluvial soil
106.0,63.6,64.7,28.63,67.78,6.06,793.4,tomato,alluvial soil
92.7,41.7,55.5,21.03,64.27,7.08,978.4,onion,black soil
135.5,24.9,64.1,28.14,31.7,5.44,1499.8,greengram,laterite soil
25.7,28.0,28.1,25.65,55.77,6.28,493.9,chickpea,black soil
117.3,64.3,70.5,23.05,69.55,6.65,817.8,grapes,red soil
48.0,21.7,32.2,30.42,42.58,6.08,459.1,bajra,alluvial soil
62.4,44.3,45.8,21.13,58.85,7.42,519.4,wheat,alluvial soil
64.7,31.8,47.0,22.21,54.46,7.35,722.9,sunflower,red soil
48.3,33.2,37.1,28.41,47.69,7.58,591.3,jowar,red soil
77.8,46.5,56.4,28.41,65.19,7.66,915.4,cotton,red soil
29.3,33.2,17.3,29.8,51.51,7.13,698.0,blackgram,red soil
40.8,26.0,38.4,16.59,48.65,7.16,596.2,safflower,black soil
29.6,31.3,32.8,30.87,65.9,6.41,599.7,groundnut,alluvial soil
42.4,32.7,49.7,20.08,50.36,5.88,921.4,ragi,red soil
54.4,57.9,83.1,11.41,84.61,5.49,2169.1,tomato,red soil
21.6,27.9,22.0,21.76,45.26,7.2,590.5,lentil,alluvial soil
49.5,34.1,40.4,28.23,51.86,7.31,633.1,jowar,red soil
21.7,26.2,26.3,26.77,60.61,7.29,619.3,greengram,alluvial soil
49.3,41.4,7.0,41.57,32.22,9.44,357.1,greengram,laterite soil
41.1,29.7,30.7,28.18,46.55,7.12,588.1,jowar,black soil
70.5,53.1,45.2,24.33,72.95,7.28,660.6,chilli,black soil
45.6,6.9,68.8,27.44,89.33,8.81,601.4,blackgram,laterite soil
76.7,4.5,85.0,37.73,69.05,9.39,1391.1,ragi,red soil
92.4,51.3,57.9,31.73,65.96,6.19,632.3,chilli,red soil
43.7,56.2,33.6,26.55,92.6,7.86,1955.7,onion,red soil
52.6,28.5,37.6,23.92,48.79,7.2,492.9,safflower,black soil
67.8,38.9,47.6,24.59,64.16,6.61,722.9,cotton,black soil
107.6,66.0,78.6,26.71,79.17,6.58,1969.9,sugarcane,alluvial soil
45.3,39.6,33.7,17.79,43.22,7.5,438.9,safflower,red soil
88.2,59.5,67.1,27.17,58.69,6.96,714.1,pomegranate,black soil
48.4,44.4,28.2,22.47,70.15,7.03,611.3,soybean,alluvial soil
19.3,23.7,22.4,32.07,53.76,7.16,518.7,greengram,black soil
94.8,52.7,64.5,18.61,69.14,6.27,909.8,onion,red soil
80.5,69.5,67.0,27.23,40.61,6.95,623.2,pomegranate,black soil
27.5,21.3,28.0,32.1,51.94,6.91,517.1,blackgram,red soil
91.7,53.4,64.4,23.97,55.4,7.04,825.9,maize,alluvial soil
109.8,69.6,78.1,27.84,54.97,7.27,630.6,grapes,red soil
20.9,30.0,23.8,33.39,51.64,7.39,633.2,blackgram,red soil
41.7,35.6,40.9,31.03,48.57,7.15,592.9,jowar,black soil
96.6,52.9,58.6,24.03,69.68,6.83,817.8,onion,red soil
119.8,50.0,64.9,33.19,76.4,6.82,1208.0,sugarcane,black soil
112.9,9.5,39.7,17.3,90.29,8.13,1853.7,pigeonpeas,alluvial soil
72.5,47.4,57.1,28.17,58.9,7.29,661.3,maize,alluvial soil
56.2,34.5,36.0,27.51,62.19,5.95,868.4,ragi,red soil
106.0,58.7,97.3,28.87,56.3,6.79,819.4,grapes,black soil
68.8,29.3,4.8,40.42,67.4,6.6,2278.6,soybean,laterite soil
26.9,25.3,29.8,34.57,62.79,6.61,574.2,greengram,alluvial soil
94.6,60.6,77.4,21.67,66.06,6.64,886.8,grapes,black soil
31.0,33.2,33.8,31.22,52.41,6.83,674.2,pigeonpeas,red soil
85.8,53.9,54.9,27.98,73.46,6.23,686.5,maize,alluvial soil
26.3,35.9,26.8,20.26,48.13,6.18,456.3,chickpea,red soil
123.1,68.9,75.1,26.67,72.18,7.43,1938.1,sugarcane,alluvial soil
21.1,26.0,28.9,18.07,61.37,7.01,492.3,lentil,black soil
42.6,44.0,42.9,23.32,62.81,6.49,800.9,ragi,laterite soil
85.4,50.7,55.2,24.45,62.44,6.96,898.4,maize,red soil
28.9,25.5,25.5,29.26,65.51,6.11,653.0,blackgram,black soil
99.1,50.9,94.6,28.93,62.47,6.66,679.1,grapes,black soil
85.0,69.3,86.5,28.06,52.57,7.5,577.4,pomegranate,red soil
60.9,43.6,44.2,26.22,40.84,6.57,784.0,sunflower,alluvial soil
64.2,47.0,45.3,24.95,44.62,7.13,608.2,sunflower,red soil
72.7,43.8,49.4,20.92,65.55,7.1,649.1,wheat,black soil
35.0,36.5,30.7,29.26,65.68,6.11,723.3,soybean,black soil
63.4,53.9,46.8,27.39,67.46,7.23,530.6,cotton,red soil
76.0,72.9,31.5,19.84,78.73,5.05,1612.2,pigeonpeas,laterite soil
69.4,42.4,44.6,23.69,60.09,7.19,529.5,wheat,black soil
20.1,28.1,33.6,22.16,51.78,6.64,584.5,chickpea,black soil
70.7,37.4,61.9,29.5,60.67,7.14,948.7,chilli,black soil
35.2,43.5,33.8,22.16,74.51,6.92,861.9,soybean,black soil
106.6,39.6,94.0,39.29,37.48,6.76,1075.3,maize,black soil
76.7,43.2,59.2,28.61,71.08,5.54,885.9,maize,black soil
49.0,27.0,54.9,21.07,50.86,8.36,1286.5,grapes,black soil
47.7,48.4,31.7,28.51,74.12,7.22,630.9,soybean,alluvial soil
119.9,67.3,51.1,36.26,22.43,6.03,952.4,grapes,black soil
16.9,33.5,26.1,24.41,59.54,6.35,581.2,lentil,alluvial soil
29.8,43.6,32.2,26.46,58.64,7.35,856.0,pigeonpeas,black soil
101.8,48.6,58.7,21.16,60.45,6.87,642.5,tomato,red soil
24.9,30.4,29.2,26.77,47.31,6.42,632.3,chickpea,red soil
28.9,43.9,36.5,26.57,61.86,6.6,748.0,pigeonpeas,black soil
136.2,57.0,75.5,28.07,83.76,6.99,1903.4,sugarcane,black soil
55.4,30.5,47.5,29.15,54.28,6.87,708.2,sunflower,alluvial soil
18.6,25.9,27.6,31.4,53.15,6.72,587.8,blackgram,red soil
44.8,39.7,71.5,12.25,59.03,6.65,1611.4,jowar,laterite soil
86.9,46.3,40.8,30.65,69.44,7.07,730.9,cotton,red soil
111.5,53.1,88.6,28.16,68.27,7.4,883.4,grapes,black soil
134.5,4.6,34.3,20.88,60.15,4.88,504.0,chickpea,laterite soil
94.7,45.7,51.2,23.03,67.5,6.6,884.9,chilli,black soil
77.2,40.1,49.8,25.5,69.31,6.45,825.6,maize,alluvial soil
103.0,46.3,54.7,18.92,66.57,6.18,756.7,onion,alluvial soil
4.1,70.3,0.5,31.76,94.38,6.96,1446.9,maize,laterite soil
21.4,34.8,25.9,33.57,65.3,7.19,710.6,greengram,black soil
40.9,32.3,34.8,16.28,37.71,7.28,606.8,safflower,black soil
63.2,45.2,41.7,22.89,54.58,7.3,620.9,sunflower,alluvial soil
15.6,33.9,29.0,19.08,58.24,7.09,566.5,lentil,black soil
76.7,5.1,98.3,16.53,47.44,7.0,2124.9,chilli,black soil
59.6,72.7,39.3,17.08,67.19,7.59,614.2,blackgram,alluvial soil
73.5,12.4,72.1,15.69,23.36,7.71,279.3,sunflower,alluvial soil
22.1,26.2,26.0,19.36,50.43,6.02,580.7,lentil,black soil
19.5,21.0,29.3,25.08,65.63,7.04,619.1,greengram,black soil
65.4,37.5,39.4,21.19,55.26,7.52,624.5,sunflower,red soil
115.6,54.3,89.5,32.68,81.31,7.19,1614.9,sugarcane,alluvial soil
93.0,53.3,69.5,22.23,78.47,6.45,771.9,tomato,alluvial soil
16.9,55.7,22.6,39.82,53.61,7.24,813.2,bajra,red soil
45.3,39.7,36.6,26.98,69.49,6.43,739.3,ragi,red soil
19.8,34.9,28.9,32.94,68.47,7.16,502.9,greengram,alluvial soil
75.7,51.8,53.7,22.82,61.52,6.92,708.8,chilli,red soil
73.8,44.7,70.5,18.87,91.43,6.09,1784.7,chilli,red soil
18.8,30.9,21.7,24.62,46.47,7.34,586.8,lentil,alluvial soil
57.0,25.3,41.2,31.39,52.39,6.73,661.0,jowar,black soil
101.8,51.5,84.6,33.78,83.63,7.28,1400.1,sugarcane,alluvial soil
29.6,24.4,15.6,25.46,65.97,7.34,785.0,blackgram,red soil
30.9,39.0,37.0,25.52,63.85,6.38,803.2,soybean,black soil
64.6,47.2,50.4,29.53,41.98,7.2,636.4,sunflower,alluvial soil
73.0,38.5,50.1,18.27,56.65,6.23,486.6,wheat,alluvial soil
92.8,37.8,48.7,29.67,69.32,6.22,724.8,chilli,black soil
30.2,46.9,66.2,24.29,55.91,8.41,2397.0,safflower,alluvial soil
28.1,21.4,20.2,28.19,62.45,6.42,680.8,blackgram,red soil
34.1,43.6,87.7,12.32,54.28,5.23,782.5,safflower,red soil
48.2,34.2,39.3,23.67,52.01,6.74,970.3,ragi,laterite soil
117.4,26.2,26.6,25.88,23.84,7.77,1761.3,sugarcane,alluvial soil
80.4,47.4,51.1,22.28,65.62,7.12,894.3,maize,black soil
51.1,10.5,74.6,42.53,63.36,8.22,1274.5,sunflower,red soil
37.4,45.6,30.3,24.93,76.7,7.14,632.8,soybean,black soil
82.3,57.5,57.9,26.25,71.67,7.38,744.3,onion,alluvial soil
82.1,39.4,12.1,19.79,42.15,5.03,656.7,tomato,alluvial soil
79.0,59.8,50.4,29.39,71.69,6.27,678.2,maize,red soil
83.7,52.5,63.6,26.33,70.69,6.86,607.4,onion,alluvial soil
36.5,58.0,67.5,43.55,50.28,5.06,1366.4,blackgram,laterite soil
115.6,57.4,72.1,26.0,68.1,6.83,879.8,tomato,alluvial soil
23.7,26.8,33.6,23.26,48.12,7.65,404.0,chickpea,red soil
69.8,45.6,51.1,25.03,41.47,7.65,631.6,sunflower,alluvial soil
116.2,25.4,9.8,16.03,42.14,7.92,581.8,blackgram,black soil
87.8,19.0,91.6,28.29,81.74,5.18,1829.1,onion,red soil
91.8,49.3,58.0,21.62,60.8,7.47,664.2,onion,black soil
39.4,16.8,44.4,16.31,52.45,4.66,534.1,blackgram,alluvial soil
32.9,58.6,42.7,30.69,33.82,8.45,1400.7,sugarcane,laterite soil
39.6,25.1,48.1,25.5,67.89,6.17,860.1,groundnut,alluvial soil
90.0,69.7,64.0,29.34,58.9,7.13,719.4,pomegranate,red soil
41.0,7.1,75.4,15.95,78.29,5.81,1121.2,pigeonpeas,black soil
50.8,39.0,43.9,22.26,56.0,7.12,939.0,ragi,red soil
106.9,31.2,9.6,12.95,42.66,6.96,1079.5,safflower,laterite soil
114.2,7.6,21.8,10.79,37.92,6.27,271.1,groundnut,laterite soil
30.0,33.8,25.6,24.26,64.83,7.03,642.1,pigeonpeas,red soil
20.8,53.5,42.5,25.95,30.74,5.73,1820.9,wheat,red soil
103.4,58.7,62.0,24.08,72.16,6.95,918.9,tomato,red soil
22.6,26.5,31.9,29.71,64.65,6.94,716.0,groundnut,red soil
51.9,38.0,37.9,20.98,50.46,5.84,779.8,ragi,red soil
109.0,47.5,68.1,25.13,60.81,6.08,638.2,tomato,alluvial soil
73.2,12.9,91.2,19.36,64.25,8.68,464.2,sunflower,laterite soil
111.9,28.7,29.6,14.28,76.12,5.38,595.4,greengram,alluvial soil
95.0,54.6,56.5,20.9,68.11,6.19,853.0,tomato,red soil
18.2,32.5,27.9,21.45,58.5,6.29,405.9,lentil,alluvial soil
22.9,20.1,22.3,32.61,67.51,6.64,575.1,greengram,black soil
18.8,32.5,21.2,26.29,46.39,6.12,444.8,lentil,alluvial soil
112.4,62.2,75.3,44.38,24.36,8.58,1278.5,cotton,black soil
107.3,20.4,51.8,19.32,66.83,8.96,1020.1,tomato,black soil
92.4,44.4,56.7,22.06,66.6,6.65,744.3,maize,red soil
9.0,4.0,76.1,31.31,30.78,5.62,2359.8,pomegranate,laterite soil
39.4,44.7,29.8,33.99,46.42,7.1,636.6,pigeonpeas,red soil
78.2,53.4,46.4,26.68,60.27,6.41,815.3,chilli,red soil
15.5,22.4,28.6,29.44,67.81,7.32,785.8,greengram,alluvial soil
96.0,79.1,74.9,13.66,30.57,7.67,1925.2,chilli,laterite soil
17.4,30.5,20.8,31.05,54.33,7.3,595.3,blackgram,black soil
83.9,47.4,54.9,28.01,60.03,7.81,605.1,cotton,red soil
75.1,34.3,75.1,43.21,67.75,6.4,1454.7,blackgram,red soil
60.1,39.2,45.9,21.38,61.91,7.06,467.8,wheat,alluvial soil
1.6,34.6,70.2,33.89,53.87,9.4,760.4,maize,alluvial soil
28.2,26.4,20.4,26.38,69.36,7.21,736.0,greengram,black soil
34.5,37.2,21.7,27.84,42.59,6.25,498.6,chickpea,black soil
113.9,64.9,62.7,32.65,74.59,6.94,1580.9,sugarcane,black soil
49.0,53.8,57.2,41.03,22.24,9.23,2230.8,ragi,alluvial soil
91.1,59.7,58.2,20.64,60.32,6.38,965.6,onion,alluvial soil
31.8,41.7,36.0,31.84,48.17,7.67,606.6,pigeonpeas,black soil
100.6,59.5,99.5,24.89,67.76,8.44,1188.4,pomegranate,red soil
101.7,67.9,92.2,26.03,68.1,7.11,787.9,grapes,black soil
69.4,35.1,49.1,22.27,63.2,7.4,457.6,wheat,black soil
31.1,42.7,29.4,34.09,55.67,7.0,729.9,pigeonpeas,red soil
24.5,27.1,23.9,26.61,44.18,6.0,425.5,chickpea,red soil
132.2,73.7,26.0,13.61,73.7,6.75,1258.9,ragi,alluvial soil
57.9,34.3,47.8,26.88,57.93,7.52,550.8,sunflower,black soil
70.7,38.6,57.9,33.82,62.31,6.7,897.2,cotton,black soil
133.9,52.0,66.4,33.52,82.28,7.41,1775.2,sugarcane,alluvial soil
109.3,65.6,76.9,25.6,54.01,7.38,710.9,grapes,black soil
52.9,27.4,32.6,28.77,48.11,7.37,401.2,bajra,alluvial soil
61.8,38.2,46.6,27.39,50.09,7.66,605.0,sunflower,red soil
108.1,53.4,75.9,25.58,50.2,7.21,787.9,grapes,red soil
47.2,43.2,35.6,21.33,52.88,7.42,719.3,ragi,red soil
54.3,30.9,37.0,25.1,57.2,7.32,816.4,ragi,laterite soil
42.5,35.9,40.4,23.75,44.84,7.91,563.2,safflower,black soil
20.6,28.1,21.1,26.47,57.11,7.3,672.4,greengram,alluvial soil
97.4,41.5,51.7,30.8,73.79,6.13,886.0,chilli,black soil
98.0,46.0,62.8,26.09,66.14,6.89,698.1,tomato,red soil
85.4,67.1,67.7,39.49,21.18,5.94,1826.5,greengram,black soil
23.8,21.7,25.9,33.09,50.35,7.07,664.6,blackgram,black soil
19.4,30.5,24.6,32.16,61.44,6.8,636.6,blackgram,black soil
39.4,32.1,31.2,29.43,48.07,6.73,608.1,bajra,alluvial soil
28.9,40.4,39.0,31.04,68.93,6.07,625.0,groundnut,alluvial soil
69.3,61.8,82.7,15.29,68.31,9.09,1474.0,pigeonpeas,black soil
40.6,37.3,33.2,20.55,38.48,6.5,565.7,safflower,red soil
95.0,51.2,57.4,25.06,62.89,7.09,982.6,onion,black soil
78.1,55.4,58.7,28.47,66.71,7.37,981.9,maize,red soil
102.6,61.3,84.1,25.94,49.95,7.03,647.9,pomegranate,black soil
63.2,37.6,53.7,17.21,52.83,7.31,465.5,wheat,black soil
113.6,64.4,70.5,20.32,60.05,6.57,928.6,tomato,red soil
46.0,40.5,37.6,24.16,51.33,6.09,776.2,ragi,laterite soil
102.2,21.1,61.6,33.27,69.97,8.0,2336.9,onion,laterite soil
72.5,39.3,54.8,21.27,62.5,6.62,625.5,wheat,black soil
27.9,34.0,34.2,28.84,45.34,7.89,438.7,chickpea,red soil
28.2,25.0,24.2,33.43,60.22,6.99,664.9,blackgram,black soil
91.9,54.1,70.3,24.4,74.87,6.92,934.6,tomato,red soil
90.7,53.2,81.3,23.81,58.89,6.8,623.3,grapes,red soil
40.2,33.8,39.9,28.85,67.32,5.99,863.2,ragi,laterite soil
39.5,32.4,33.8,27.55,50.34,6.78,684.5,pigeonpeas,red soil
43.3,43.7,2.5,23.87,86.81,5.77,2136.4,grapes,black soil
21.4,40.3,55.0,12.42,70.24,7.97,1757.1,bajra,black soil
134.6,60.8,69.3,33.31,72.43,6.99,1203.3,sugarcane,alluvial soil
95.5,41.9,63.2,26.41,69.11,6.37,976.8,onion,alluvial soil
58.2,31.5,35.7,25.88,56.42,7.64,551.2,jowar,red soil
37.7,41.7,37.6,22.07,61.83,6.14,968.8,soybean,alluvial soil
42.5,30.7,31.3,25.45,49.74,8.47,463.5,jowar,red soil
77.7,42.3,44.2,30.65,64.57,7.73,565.5,cotton,black soil
95.5,50.1,48.4,27.62,71.54,7.23,877.7,chilli,red soil
36.7,31.9,38.7,27.66,49.71,6.36,521.2,bajra,alluvial soil
44.4,37.5,30.2,31.15,51.74,8.01,475.3,jowar,black soil
25.1,44.4,29.6,28.87,62.64,7.18,892.2,pigeonpeas,black soil
110.7,64.6,69.7,25.03,79.28,6.88,892.9,tomato,red soil
95.8,51.3,74.3,22.57,62.03,6.99,873.3,grapes,red soil
41.6,34.5,31.1,28.02,49.18,7.54,613.4,bajra,alluvial soil
43.7,42.8,37.4,29.12,79.76,6.8,845.8,soybean,black soil
86.9,48.0,63.5,27.38,74.99,6.3,760.0,maize,red soil
47.0,37.3,36.6,21.84,44.36,7.05,433.0,safflower,red soil
20.2,36.0,35.4,29.04,62.37,6.71,829.4,groundnut,red soil
57.6,31.7,37.4,26.48,60.09,8.24,530.7,jowar,red soil
85.5,11.3,50.4,16.48,40.63,9.09,902.4,jowar,red soil
101.0,49.2,64.4,29.61,71.14,6.59,894.2,tomato,red soil
110.2,17.0,48.4,26.87,25.38,7.87,1105.8,maize,laterite soil
106.0,53.4,77.6,26.32,75.94,6.82,1842.8,sugarcane,alluvial soil
32.6,35.0,34.9,26.79,66.63,7.35,620.4,groundnut,red soil
20.4,32.2,24.4,22.64,53.75,6.97,433.5,lentil,black soil
48.5,34.4,39.3,23.4,58.84,7.18,823.3,ragi,laterite soil
8.4,1.3,61.5,18.83,44.19,6.83,869.2,lentil,black soil
41.0,27.1,39.6,33.36,50.26,6.84,420.4,bajra,red soil
102.7,61.7,38.1,43.07,66.46,7.05,1475.9,sunflower,alluvial soil
33.2,31.8,41.7,29.48,77.8,7.15,645.3,soybean,alluvial soil
101.8,56.5,73.9,25.73,65.88,6.84,731.4,tomato,alluvial soil
27.0,30.2,27.3,27.45,55.57,6.53,793.1,pigeonpeas,red soil
75.1,47.0,52.9,32.54,60.38,7.66,769.3,cotton,red soil
56.8,35.8,37.1,28.77,58.48,7.62,597.7,jowar,black soil
108.5,62.5,89.2,30.02,43.41,6.94,719.6,pomegranate,red soil
21.3,26.5,23.1,34.92,55.46,7.01,624.7,blackgram,red soil
26.5,27.3,34.0,27.08,42.2,6.3,600.8,chickpea,red soil
48.0,4.9,41.7,42.18,38.49,4.67,1910.6,lentil,laterite soil
53.1,69.5,29.5,34.69,60.75,7.76,1154.9,chickpea,laterite soil
82.1,42.3,61.5,27.91,67.04,6.01,943.1,maize,red soil
60.2,47.8,45.1,15.28,62.92,6.1,515.6,wheat,alluvial soil
50.5,29.2,14.7,25.73,80.99,8.83,1791.2,chilli,alluvial soil
44.3,33.5,37.5,26.52,54.7,7.16,556.8,bajra,alluvial soil
92.1,44.9,57.3,30.83,65.81,6.31,642.4,chilli,black soil
72.0,48.5,52.3,24.82,59.0,6.43,670.7,cotton,black soil
32.2,31.5,34.0,24.62,47.46,7.27,686.4,pigeonpeas,black soil
47.6,35.4,40.0,23.13,74.43,6.91,993.1,soybean,alluvial soil
102.9,67.7,71.8,27.69,64.64,7.4,639.6,grapes,black soil
25.6,31.5,29.1,29.31,53.64,7.77,663.5,pigeonpeas,black soil
41.5,64.0,91.8,10.12,79.95,6.99,1669.6,chilli,red soil
31.7,33.9,27.1,27.91,47.9,6.7,734.3,pigeonpeas,red soil
66.0,37.1,30.4,42.44,37.82,6.34,2121.9,jowar,alluvial soil
124.2,23.6,89.5,31.17,78.56,6.21,1351.6,sugarcane,black soil
94.0,21.6,34.7,31.8,91.76,6.85,713.7,cotton,laterite soil
79.7,53.1,57.1,29.39,69.14,7.08,777.1,chilli,red soil
18.0,34.6,21.0,23.64,58.58,6.42,522.1,lentil,alluvial soil
107.2,56.8,69.3,20.89,71.88,6.02,937.9,tomato,red soil
54.4,45.8,53.5,25.85,51.07,7.78,685.9,sunflower,red soil
107.8,11.2,74.2,26.26,20.65,8.13,2339.9,greengram,alluvial soil
133.8,57.5,75.4,30.22,77.67,6.81,1690.9,sugarcane,black soil
115.6,58.9,71.9,26.39,54.72,6.8,854.7,grapes,black soil
126.8,42.7,95.8,19.98,82.07,7.93,1075.4,cotton,black soil
120.8,29.6,57.3,30.14,51.26,7.27,1730.8,grapes,red soil
110.5,69.4,81.5,23.62,58.6,6.8,840.9,grapes,red soil
85.6,51.3,62.2,28.27,55.84,6.97,937.6,chilli,black soil
54.8,43.3,42.0,26.44,56.92,7.85,793.0,sunflower,black soil
41.2,59.6,65.0,22.59,29.65,4.6,1506.7,wheat,alluvial soil
80.8,24.3,18.2,40.73,61.75,8.09,1789.3,soybean,red soil
62.8,42.2,48.6,23.27,65.72,6.77,640.6,wheat,black soil
40.3,35.6,35.4,21.04,53.51,7.56,636.9,safflower,red soil
19.3,29.0,26.9,27.08,57.91,6.88,628.1,blackgram,black soil
31.6,25.5,27.4,26.68,42.95,7.42,421.5,chickpea,black soil
61.8,8.0,45.9,40.73,24.87,6.93,1745.2,groundnut,alluvial soil
42.7,28.1,32.1,16.24,47.05,7.83,568.1,safflower,black soil
76.2,57.9,60.1,28.96,63.27,5.86,998.4,maize,alluvial soil
97.6,59.8,81.2,25.98,47.74,6.63,534.2,pomegranate,red soil
96.9,55.0,46.8,24.64,64.62,6.95,805.5,chilli,red soil
64.0,28.7,47.9,28.93,91.33,5.06,1835.4,jowar,alluvial soil
89.0,54.1,68.3,23.92,63.8,7.12,611.7,onion,alluvial soil
64.1,39.0,52.1,25.19,52.01,7.56,662.1,cotton,red soil
32.3,39.7,22.9,21.22,53.28,6.43,560.0,chickpea,black soil
21.6,24.4,28.6,25.95,62.75,7.41,561.2,greengram,alluvial soil
89.8,56.2,55.6,26.03,71.04,7.33,635.3,maize,red soil
24.6,33.6,29.2,18.7,48.38,6.98,445.6,lentil,black soil
40.9,32.6,32.9,26.66,54.22,7.9,473.9,jowar,red soil
72.5,64.9,99.5,32.98,78.26,4.92,2334.3,blackgram,laterite soil
50.9,25.0,80.8,25.2,37.72,8.43,1484.1,sunflower,alluvial soil
43.2,39.8,40.1,28.18,66.37,6.08,835.8,soybean,black soil
111.4,68.4,47.6,22.48,94.15,8.2,983.3,jowar,laterite soil
45.8,38.7,40.5,25.83,48.91,8.24,534.0,jowar,black soil
38.7,39.4,26.7,26.1,59.97,7.7,734.8,pigeonpeas,black soil
86.7,51.3,51.1,25.87,57.99,7.12,758.9,onion,alluvial soil
86.6,48.5,58.4,22.18,63.1,7.41,730.0,onion,alluvial soil
13.9,72.5,56.5,42.63,39.31,6.19,479.0,pigeonpeas,red soil
30.7,41.0,35.3,28.96,75.0,7.19,865.1,soybean,black soil
67.9,41.3,37.9,28.0,40.5,6.55,708.8,sunflower,alluvial soil
46.9,38.6,32.3,28.11,65.93,6.9,884.8,soybean,black soil
96.1,51.9,57.1,28.67,72.48,6.61,607.2,tomato,alluvial soil
46.1,34.9,33.8,30.48,60.3,8.11,477.3,jowar,black soil
23.6,29.9,25.2,29.1,51.3,7.05,789.3,greengram,black soil
20.7,28.8,27.5,20.5,46.35,6.71,552.3,lentil,black soil
92.2,58.8,63.1,27.56,63.02,5.97,656.0,maize,red soil
34.0,30.6,28.7,26.73,56.44,6.02,640.5,chickpea,black soil
90.3,56.5,70.1,28.57,62.82,7.35,841.4,grapes,red soil
103.1,67.0,99.5,26.88,68.82,6.84,679.3,grapes,red soil
100.4,57.2,69.9,22.76,55.51,7.08,891.9,onion,alluvial soil
57.3,43.5,51.2,28.27,47.43,7.24,634.7,sunflower,alluvial soil
18.9,25.3,25.1,20.33,49.97,6.75,420.5,lentil,black soil
114.2,40.8,60.6,15.95,39.11,4.85,1557.8,sunflower,alluvial soil
81.6,65.8,67.8,30.61,45.24,7.33,593.1,pomegranate,red soil
62.1,36.4,42.8,21.13,58.95,6.49,770.8,ragi,red soil
55.5,74.9,54.0,29.65,89.62,7.47,1164.3,grapes,alluvial soil
89.3,55.9,61.1,22.76,71.8,6.87,886.5,onion,alluvial soil
28.1,36.5,35.1,26.58,63.75,6.6,610.6,groundnut,red soil
91.3,65.5,30.4,21.37,51.97,5.73,609.8,jowar,laterite soil
16.2,27.4,18.2,30.46,56.14,6.9,688.0,blackgram,black soil
79.1,41.9,61.3,23.45,55.82,6.5,641.2,maize,alluvial soil
73.0,62.3,30.3,24.51,43.09,8.7,221.6,chickpea,laterite soil
107.2,58.9,79.7,31.11,73.14,7.22,1851.4,sugarcane,black soil
19.8,20.2,29.8,27.13,55.18,7.38,741.3,blackgram,red soil
109.1,63.0,73.8,28.44,72.95,6.04,962.5,tomato,alluvial soil
52.9,43.7,37.3,24.34,54.6,6.55,723.8,ragi,red soil
61.1,31.6,37.8,22.17,40.16,7.65,665.1,sunflower,red soil
36.4,27.8,42.7,28.63,55.75,6.7,726.4,groundnut,red soil
25.8,34.0,27.4,24.0,46.58,7.6,549.9,chickpea,black soil
39.1,16.3,74.8,36.32,63.12,7.27,1776.8,groundnut,red soil
20.5,34.1,30.6,32.91,56.91,6.43,749.4,groundnut,alluvial soil
100.9,60.4,68.2,29.01,79.04,7.12,1962.0,sugarcane,alluvial soil
63.9,35.2,56.3,29.28,64.58,7.59,774.2,cotton,red soil
103.4,53.0,60.1,26.14,79.16,6.9,919.7,tomato,red soil
27.2,26.5,21.7,27.69,54.61,7.31,752.4,greengram,alluvial soil
66.2,32.7,38.4,24.82,51.37,6.79,586.2,sunflower,black soil
53.0,34.0,40.6,28.14,57.23,7.77,621.6,jowar,red soil
68.2,44.1,41.4,21.11,51.87,6.55,642.2,wheat,alluvial soil
59.8,31.7,34.0,27.44,48.7,7.95,463.2,jowar,red soil
112.2,60.3,76.1,30.84,68.56,6.59,1495.1,sugarcane,alluvial soil
84.4,44.1,41.8,34.99,68.65,6.91,913.2,cotton,black soil
98.8,75.2,75.3,19.2,86.29,8.16,2178.8,grapes,alluvial soil
92.9,55.0,74.8,23.26,65.79,6.27,739.7,tomato,red soil
50.3,38.8,14.9,29.27,23.97,6.97,2490.5,chilli,black soil
73.2,52.8,54.8,33.1,50.38,7.2,962.0,cotton,black soil
45.4,28.3,40.1,17.25,51.52,7.91,429.6,safflower,red soil
27.2,42.7,31.3,26.95,62.44,6.78,656.9,groundnut,red soil
73.7,56.8,47.6,28.96,60.97,6.44,723.9,maize,black soil
29.9,71.2,49.4,18.53,24.4,8.56,1444.5,tomato,alluvial soil
114.1,54.1,96.7,21.48,52.5,7.31,824.2,grapes,black soil
53.8,26.6,35.1,33.5,46.2,7.12,641.4,bajra,red soil
67.0,32.2,42.5,23.84,48.33,6.64,521.5,sunflower,black soil
67.2,36.8,42.0,25.49,56.46,7.22,603.6,cotton,black soil
96.9,58.8,58.2,22.0,67.33,6.59,779.6,maize,red soil
85.3,19.3,19.1,31.22,61.06,7.05,2275.1,maize,alluvial soil
31.3,37.0,31.8,31.04,63.64,7.61,788.2,pigeonpeas,red soil
29.0,32.0,37.8,31.91,62.19,7.32,781.1,groundnut,alluvial soil
32.9,35.5,27.9,29.64,50.9,7.95,536.6,chickpea,black soil
15.1,5.8,10.2,35.91,75.56,7.56,221.5,chickpea,alluvial soil
121.5,36.9,55.0,33.84,71.99,5.64,1011.7,cotton,red soil
108.7,54.5,95.5,11.24,83.63,4.99,1709.3,sugarcane,laterite soil
41.3,30.9,34.6,29.55,55.32,7.68,578.5,bajra,alluvial soil
56.0,17.2,93.7,14.35,76.89,8.77,882.2,sugarcane,laterite soil
48.5,23.1,25.7,29.58,48.06,6.11,644.0,bajra,red soil
43.6,39.8,39.6,30.98,51.18,6.54,512.0,jowar,black soil
54.9,38.9,42.0,29.38,47.91,7.55,772.8,sunflower,black soil
22.1,38.5,24.9,28.08,58.77,6.25,581.1,chickpea,black soil
81.3,49.1,50.6,24.37,70.71,6.37,733.6,chilli,red soil
93.6,55.0,65.5,31.63,54.1,7.32,608.2,pomegranate,black soil
71.2,39.9,65.9,34.17,93.46,6.89,518.2,pomegranate,laterite soil
41.3,33.6,41.8,29.25,78.53,7.47,808.0,soybean,alluvial soil
23.2,29.8,21.2,29.26,66.14,7.09,671.7,blackgram,red soil
32.9,34.6,36.2,31.58,64.57,6.27,811.6,groundnut,red soil
23.0,30.8,15.6,25.64,51.24,6.9,532.0,blackgram,black soil
31.8,39.8,32.6,34.46,69.2,7.35,710.2,pigeonpeas,red soil
62.1,37.3,41.0,22.28,52.8,6.97,696.6,ragi,red soil
18.0,30.2,29.4,25.89,54.57,7.0,780.1,greengram,black soil
93.7,53.2,53.4,23.8,56.63,6.71,898.4,onion,alluvial soil
38.7,25.6,49.4,28.14,58.81,6.61,590.7,groundnut,alluvial soil
23.1,34.7,20.0,25.17,57.76,7.35,446.7,chickpea,red soil
72.2,45.4,54.6,20.07,67.9,6.71,575.9,wheat,black soil
63.0,12.4,81.1,13.46,26.45,4.58,1188.6,cotton,black soil
65.5,49.8,37.9,25.6,58.81,6.84,764.1,sunflower,red soil
73.5,45.0,47.4,30.99,60.21,7.14,620.3,cotton,red soil
49.2,33.2,28.6,31.93,46.54,6.91,598.5,bajra,red soil
25.3,44.7,25.4,25.82,45.08,7.95,623.2,pigeonpeas,black soil
41.1,30.8,40.7,29.67,72.92,7.47,855.5,soybean,black soil
92.6,55.2,63.4,24.78,73.24,6.71,980.8,tomato,alluvial soil
51.1,23.1,37.7,29.2,51.94,7.47,432.9,bajra,alluvial soil
76.7,46.7,55.0,28.21,66.6,7.3,918.8,maize,alluvial soil
79.7,39.7,59.5,23.08,67.49,7.03,706.5,chilli,red soil
31.3,73.8,90.5,23.26,51.7,8.79,2343.1,chickpea,black soil
49.1,37.6,33.8,31.69,48.04,7.5,613.3,jowar,red soil
120.5,51.8,64.9,34.38,79.54,7.09,1771.4,sugarcane,alluvial soil
15.6,27.8,21.3,26.34,64.38,6.41,457.1,lentil,black soil
41.6,38.4,40.1,26.38,58.1,7.03,640.0,jowar,black soil
120.8,75.5,80.3,15.13,68.82,6.63,1316.4,groundnut,red soil
80.1,47.4,93.8,22.63,38.2,6.01,1533.0,maize,alluvial soil
38.8,25.3,41.5,26.18,56.1,6.09,606.1,groundnut,alluvial soil
33.3,49.7,32.1,22.39,61.08,6.11,805.1,soybean,black soil
80.0,44.3,57.8,23.27,71.4,6.12,725.8,onion,alluvial soil
60.4,42.0,51.5,36.82,89.11,5.52,687.2,bajra,black soil
27.7,35.9,37.4,23.96,57.88,7.88,783.3,pigeonpeas,black soil
53.5,32.8,41.9,21.35,61.28,5.65,900.1,ragi,red soil
84.5,52.6,51.8,25.18,70.17,5.65,670.5,maize,alluvial soil
28.9,27.6,25.1,30.28,56.26,7.11,518.9,greengram,black soil
28.4,32.0,26.3,26.26,63.74,7.49,688.0,blackgram,red soil
17.6,30.4,21.6,25.34,63.31,6.69,562.9,lentil,black soil
38.2,69.7,19.2,38.78,26.83,6.2,1248.0,grapes,alluvial soil
129.4,58.3,64.8,28.47,84.27,6.88,1513.3,sugarcane,alluvial soil
102.7,45.6,27.0,13.53,64.1,7.92,411.0,lentil,black soil
116.6,7.7,73.0,35.89,86.04,5.71,846.9,sunflower,alluvial soil
30.8,35.8,32.1,26.22,40.32,8.0,418.8,chickpea,red soil
60.8,36.0,12.5,32.68,89.39,7.66,285.1,sugarcane,black soil
29.4,28.8,20.5,27.99,57.25,7.12,738.7,greengram,alluvial soil
97.0,48.7,65.0,27.85,68.74,6.35,603.9,onion,alluvial soil
138.3,66.4,84.8,26.37,83.12,6.52,1412.0,sugarcane,alluvial soil
29.0,65.2,74.2,26.72,85.12,5.62,1181.5,maize,alluvial soil
46.5,25.3,31.8,16.12,44.23,7.6,605.8,safflower,red soil
97.4,25.7,62.1,37.78,84.26,5.86,265.9,blackgram,alluvial soil
73.0,36.0,41.9,28.49,57.95,7.26,570.4,cotton,black soil
54.2,42.8,50.4,28.81,49.6,7.66,536.2,sunflower,alluvial soil
35.9,38.3,31.1,28.05,70.38,7.27,771.6,soybean,alluvial soil
105.3,62.0,80.8,27.55,67.13,6.67,827.1,grapes,red soil
27.6,26.3,29.0,30.51,52.69,7.13,740.9,greengram,alluvial soil
27.8,25.6,20.2,28.41,41.48,7.0,571.0,chickpea,red soil
56.8,37.5,35.2,28.25,57.86,6.9,634.7,ragi,red soil
29.8,42.8,43.9,28.48,67.51,6.83,635.4,groundnut,red soil
98.4,57.7,59.6,23.76,72.83,6.03,731.9,tomato,alluvial soil
19.7,20.3,21.6,31.72,58.38,6.88,659.8,greengram,alluvial soil
30.3,25.2,27.7,20.37,44.71,7.12,570.9,chickpea,black soil
51.1,30.2,26.3,29.13,51.08,7.86,507.7,bajra,red soil
51.7,5.0,4.6,22.42,46.46,5.81,1061.5,grapes,laterite soil
93.0,41.6,50.5,25.97,55.32,7.07,612.9,chilli,black soil
28.6,40.2,39.9,28.2,64.95,7.95,788.9,pigeonpeas,black soil
28.1,39.9,30.8,25.13,64.97,7.03,629.9,pigeonpeas,black soil
20.4,27.6,23.0,31.43,69.33,6.83,537.8,greengram,black soil
40.5,38.8,44.8,25.53,56.9,7.4,555.7,jowar,red soil
101.9,77.2,18.0,23.12,61.44,6.88,1577.7,pomegranate,alluvial soil
33.3,15.4,9.0,35.26,49.79,5.03,1067.5,tomato,alluvial soil
97.1,62.3,73.4,26.53,63.16,6.56,657.5,grapes,black soil
90.8,48.9,68.1,23.98,75.78,6.73,677.1,tomato,alluvial soil
82.2,11.0,60.8,34.04,94.63,6.5,2228.6,tomato,alluvial soil
87.1,79.6,5.0,28.71,81.5,5.73,387.6,pomegranate,black soil
108.8,53.0,57.3,19.01,55.65,7.15,881.4,onion,black soil
88.4,65.8,81.3,30.3,54.9,6.92,753.6,pomegranate,black soil
99.3,63.0,33.8,37.62,56.9,5.36,702.1,lentil,laterite soil
30.6,36.9,32.1,26.21,45.56,6.92,784.2,pigeonpeas,black soil
16.9,32.2,26.4,26.83,57.75,6.46,663.0,blackgram,red soil
21.8,30.9,28.4,20.9,63.0,6.18,498.1,lentil,alluvial soil
82.2,46.3,47.7,34.86,65.37,6.46,888.9,cotton,red soil
18.5,29.4,28.4,29.72,57.7,7.42,694.8,blackgram,red soil
94.4,50.8,59.6,24.65,64.77,5.99,638.5,maize,red soil
71.1,42.3,47.2,17.75,57.59,6.39,463.2,wheat,alluvial soil
115.1,66.7,73.9,22.39,64.84,7.17,605.3,grapes,black soil
42.7,35.5,36.9,25.68,53.18,7.08,729.2,jowar,red soil
78.2,30.9,89.6,35.41,87.5,8.73,991.3,wheat,black soil
42.4,36.1,31.7,28.11,49.49,7.35,682.5,jowar,black soil
71.1,21.3,37.9,41.87,68.79,8.24,917.8,jowar,alluvial soil
25.5,35.6,40.1,26.15,58.43,6.12,708.5,groundnut,alluvial soil
68.1,45.2,46.6,33.74,51.98,6.77,626.3,cotton,black soil
34.3,33.5,39.6,33.82,50.34,6.87,600.5,pigeonpeas,black soil
74.2,47.0,55.1,29.97,74.57,6.4,966.0,maize,red soil
102.6,55.1,60.8,21.38,69.82,7.12,849.9,onion,black soil
46.9,37.1,37.4,28.98,69.76,6.51,749.9,soybean,black soil
43.1,27.8,30.1,24.85,53.15,7.49,462.5,safflower,black soil
20.6,41.1,37.6,31.55,59.37,7.0,876.0,groundnut,alluvial soil
37.0,24.2,85.2,23.33,87.05,5.94,1113.3,chickpea,red soil
25.5,27.8,27.1,28.4,46.75,6.08,531.4,chickpea,red soil
62.8,34.3,44.2,23.96,59.32,7.77,770.4,sunflower,alluvial soil
48.3,34.0,44.1,27.98,47.56,6.7,639.2,jowar,red soil
9.9,28.7,17.7,36.0,43.18,8.38,1229.5,cotton,laterite soil
109.5,66.7,87.8,33.17,61.1,6.72,1524.7,sugarcane,alluvial soil
74.0,48.1,46.2,16.06,69.58,6.11,451.2,wheat,alluvial soil
105.9,64.0,69.1,22.93,75.44,5.3,667.1,jowar,black soil
87.7,66.3,83.0,25.38,46.92,6.77,720.6,pomegranate,red soil
30.6,37.1,32.5,23.68,58.89,7.75,574.0,chickpea,black soil
26.0,37.7,24.9,22.98,89.9,5.98,2279.0,jowar,red soil
24.6,19.5,56.9,25.87,78.57,5.98,588.7,grapes,red soil
0.9,75.0,98.2,41.71,36.75,6.02,2314.5,bajra,red soil
96.8,40.0,62.6,26.4,64.36,6.53,781.0,maize,alluvial soil
28.5,21.5,25.4,33.99,54.85,6.97,697.8,blackgram,black soil
53.4,32.5,50.3,26.6,41.97,7.06,584.7,sunflower,black soil
29.7,26.4,19.8,30.93,57.09,6.27,702.0,blackgram,red soil
134.0,67.9,77.3,30.55,73.54,7.18,1370.8,sugarcane,alluvial soil
32.6,41.1,38.7,26.92,60.31,6.74,669.5,pigeonpeas,black soil
25.4,33.1,44.3,30.99,60.52,6.67,657.1,groundnut,alluvial soil
26.3,32.8,23.8,32.77,60.14,7.1,515.6,blackgram,red soil
15.7,21.3,27.7,32.6,51.05,7.49,784.0,blackgram,black soil
126.4,50.3,88.3,28.61,70.82,7.42,1711.7,sugarcane,alluvial soil
52.7,36.6,42.3,19.38,43.0,7.63,618.0,safflower,red soil
94.5,58.0,71.3,21.06,62.83,7.28,680.8,grapes,black soil
20.4,42.1,72.5,17.48,94.16,8.23,2354.1,soybean,red soil
77.9,37.7,54.7,21.48,69.31,7.04,499.6,wheat,black soil
109.8,63.4,81.9,26.05,44.26,7.34,593.2,pomegranate,black soil
105.9,67.4,68.6,26.82,42.45,6.6,792.8,pomegranate,red soil
107.5,62.4,66.7,33.31,50.53,7.14,662.7,pomegranate,black soil
111.2,57.1,78.7,24.08,53.94,6.77,649.9,grapes,red soil
21.3,26.3,33.5,26.12,58.11,6.13,533.5,chickpea,black soil
74.8,38.1,52.5,24.85,59.42,6.79,829.3,chilli,red soil
29.7,38.3,35.9,26.81,53.23,6.57,739.9,pigeonpeas,red soil
22.7,36.5,26.7,22.29,40.63,6.27,418.7,chickpea,red soil
49.1,35.0,43.0,23.63,40.44,7.7,559.7,safflower,red soil
73.3,54.9,51.9,31.23,62.76,6.48,557.1,cotton,red soil
82.6,40.9,56.6,24.6,57.88,6.93,736.1,chilli,red soil
86.4,45.8,58.7,24.6,60.63,6.46,693.2,onion,black soil
87.6,65.2,77.4,32.8,46.7,6.77,780.4,pomegranate,red soil
24.3,32.3,28.0,18.22,54.56,7.49,543.2,lentil,black soil
48.4,44.3,47.0,22.25,50.81,5.56,614.5,ragi,laterite soil
101.8,67.6,73.5,24.85,54.16,6.57,853.5,grapes,red soil
98.6,71.9,88.5,23.86,50.67,7.67,654.6,sugarcane,laterite soil
102.1,59.6,98.8,25.02,66.59,6.87,615.2,grapes,red soil
86.5,55.0,50.4,22.71,65.32,6.35,857.1,maize,alluvial soil
94.5,62.5,74.2,29.24,46.92,6.81,570.1,pomegranate,black soil
102.4,64.9,89.8,28.72,51.58,7.21,502.0,pomegranate,black soil
113.6,32.5,95.0,33.44,32.36,7.42,2260.3,wheat,alluvial soil
101.8,62.6,75.1,26.54,71.26,7.43,1905.6,sugarcane,alluvial soil
0.4,25.5,89.7,35.77,34.21,6.83,1867.8,bajra,laterite soil
36.3,66.0,57.4,13.48,62.19,7.82,1687.2,greengram,red soil
115.2,51.1,91.7,24.86,57.41,7.47,777.8,grapes,red soil
107.9,66.0,94.4,25.01,61.96,7.48,775.1,grapes,black soil
21.9,24.1,27.7,33.22,56.59,6.9,574.7,greengram,black soil
59.7,37.0,40.3,29.0,64.77,5.71,926.3,ragi,laterite soil
49.5,35.2,52.9,39.32,59.68,6.76,2379.1,ragi,laterite soil
73.5,41.2,52.3,16.52,68.69,6.45,511.1,wheat,black soil
48.6,42.9,38.4,24.28,67.04,7.03,797.6,soybean,black soil
29.7,23.3,30.0,34.77,56.81,6.36,629.2,blackgram,red soil
60.3,42.6,40.9,23.02,54.41,7.76,727.9,sunflower,alluvial soil
26.3,34.9,41.6,32.67,51.37,7.3,554.3,groundnut,red soil
118.4,60.7,63.4,27.27,77.89,6.13,764.0,tomato,red soil
52.0,31.4,41.5,28.66,56.21,5.93,603.2,ragi,laterite soil
42.7,26.4,44.3,22.7,52.58,7.32,511.8,safflower,black soil
30.7,42.9,38.2,29.53,65.33,7.11,960.5,soybean,alluvial soil
18.7,21.8,20.9,30.55,58.59,6.73,563.5,greengram,black soil
39.5,30.9,39.0,30.9,51.97,6.45,451.7,bajra,alluvial soil
46.9,37.0,46.7,25.59,50.63,5.86,707.1,ragi,laterite soil
22.6,32.1,29.0,33.42,56.77,7.01,791.7,greengram,alluvial soil
23.6,26.4,31.4,22.83,41.46,7.88,518.7,chickpea,black soil
19.7,30.8,27.0,31.48,60.04,7.47,656.4,greengram,alluvial soil
47.6,44.7,26.3,24.09,76.96,7.24,653.9,soybean,alluvial soil
16.6,24.1,24.2,28.43,53.51,7.08,669.7,greengram,black soil
69.5,13.0,18.5,21.09,62.45,9.33,2207.2,sugarcane,black soil
17.8,25.3,29.5,24.4,45.27,7.36,477.0,lentil,black soil
27.9,23.2,25.7,27.84,51.37,7.23,677.2,greengram,black soil
113.1,60.6,94.0,27.77,60.05,6.75,883.8,grapes,red soil
20.8,27.9,21.7,20.48,45.59,6.51,492.5,lentil,black soil
126.5,61.2,75.6,25.4,63.6,6.8,1785.8,sugarcane,alluvial soil
0.6,30.8,58.6,32.84,78.72,6.54,930.6,wheat,laterite soil
103.6,51.7,57.5,20.86,55.62,6.66,670.5,onion,alluvial soil
52.5,58.3,8.8,11.77,90.82,9.46,590.8,groundnut,alluvial soil
0.5,35.0,5.2,35.49,41.38,4.54,1943.8,grapes,black soil
36.8,44.2,37.7,27.72,49.96,6.6,709.4,pigeonpeas,red soil
62.4,50.3,50.4,26.32,68.23,6.46,922.7,cotton,red soil
64.1,37.3,43.0,15.61,58.86,7.33,474.3,wheat,alluvial soil
93.7,68.1,67.3,31.75,56.22,7.34,500.7,pomegranate,red soil
35.8,21.6,33.9,29.19,40.9,7.27,419.3,bajra,red soil
29.8,30.9,29.2,25.19,64.32,7.09,590.1,blackgram,black soil
28.3,41.8,35.6,31.95,53.63,7.6,750.8,pigeonpeas,red soil
31.7,33.0,27.2,26.54,55.36,6.64,417.9,chickpea,red soil
114.4,51.2,67.8,20.16,74.32,6.74,944.9,tomato,red soil
93.2,58.1,59.3,28.74,57.72,6.24,905.8,maize,alluvial soil
50.4,26.2,42.2,18.38,51.26,7.6,541.1,safflower,black soil
94.3,52.2,51.5,19.95,68.21,6.19,878.4,onion,alluvial soil
33.5,34.5,26.9,26.52,45.87,6.95,868.0,pigeonpeas,red soil
1.1,34.2,61.1,42.44,57.18,6.94,556.1,ragi,red soil
56.2,35.2,49.7,20.84,69.01,7.29,952.4,ragi,laterite soil
18.0,29.4,29.0,25.14,55.45,6.84,597.9,greengram,black soil
74.7,56.4,58.1,24.71,71.92,6.07,891.8,maize,black soil
15.2,32.1,29.0,27.1,61.67,6.01,458.0,lentil,black soil
15.5,33.5,26.7,24.77,63.62,6.17,560.9,lentil,alluvial soil
123.4,31.1,16.0,36.52,78.01,4.98,372.3,soybean,alluvial soil
33.8,39.3,23.2,28.33,52.1,6.55,588.3,chickpea,black soil
27.7,35.8,34.9,24.57,53.63,6.72,560.5,chickpea,red soil
45.4,30.1,31.5,27.3,49.94,7.39,589.8,jowar,black soil
56.8,53.9,54.3,14.24,32.58,8.16,1475.8,safflower,alluvial soil
26.2,25.4,50.0,29.92,50.19,7.19,853.7,groundnut,red soil
72.8,49.2,46.9,17.79,53.79,6.14,485.3,wheat,black soil
22.6,26.0,26.1,18.19,52.39,6.46,527.3,lentil,black soil
80.2,35.1,57.8,23.13,63.32,7.36,965.3,chilli,red soil
55.6,30.0,43.2,22.94,42.8,6.63,400.1,safflower,black soil
15.9,34.5,29.8,25.16,52.55,6.74,592.9,lentil,black soil
119.2,62.5,99.4,23.88,60.76,7.3,689.9,grapes,black soil
107.3,51.1,64.5,25.96,73.5,6.8,662.8,onion,black soil
100.9,50.2,62.2,22.08,55.28,6.57,938.1,onion,black soil
98.9,58.9,81.7,21.5,53.34,7.41,815.2,grapes,red soil
31.2,33.9,44.5,25.1,66.68,7.02,978.4,soybean,alluvial soil
34.5,32.8,34.9,28.42,50.73,7.6,634.3,pigeonpeas,red soil
92.8,64.3,73.0,21.57,61.3,6.53,646.1,tomato,alluvial soil
134.3,60.0,77.9,31.4,63.58,6.71,1820.0,sugarcane,black soil
66.9,41.6,50.9,31.48,55.98,6.51,747.2,cotton,red soil
100.0,61.0,75.8,27.16,56.55,7.31,660.3,pomegranate,red soil
28.5,23.5,16.4,26.01,61.16,7.36,770.2,blackgram,black soil
20.3,38.3,23.8,29.3,51.83,7.16,412.3,chickpea,black soil
65.0,38.3,49.4,27.24,55.36,6.58,687.0,ragi,red soil
36.4,24.7,32.8,27.75,53.8,7.68,463.0,bajra,alluvial soil
17.4,31.6,23.3,20.98,58.92,7.38,538.4,lentil,black soil
25.0,28.6,27.8,18.3,53.52,6.35,581.3,lentil,black soil
37.7,42.2,41.7,35.05,47.14,9.3,1187.2,jowar,alluvial soil
97.8,52.0,91.8,20.62,65.21,7.22,746.4,grapes,red soil
54.2,26.1,30.1,27.12,54.75,8.08,696.7,jowar,black soil
139.1,55.4,9.4,37.26,23.65,5.09,1272.1,jowar,alluvial soil
36.8,42.9,37.4,34.8,69.77,6.9,882.4,pigeonpeas,red soil
75.1,38.0,48.5,24.74,65.19,7.07,607.0,wheat,black soil
61.4,49.8,44.3,22.93,44.95,7.13,777.8,sunflower,alluvial soil
42.5,40.0,41.4,19.8,35.89,7.34,560.4,safflower,red soil
87.0,48.4,67.7,18.9,67.49,6.87,986.4,onion,black soil
69.5,38.7,40.2,32.11,53.48,7.24,656.3,cotton,red soil
58.9,32.1,48.7,29.27,67.7,7.39,776.5,ragi,red soil
105.3,51.0,83.8,31.51,84.16,7.37,1636.8,sugarcane,alluvial soil
91.2,58.5,71.4,27.43,55.84,7.41,734.6,grapes,black soil
119.5,52.4,81.6,20.74,57.44,6.82,650.7,grapes,red soil
26.8,13.4,65.3,22.28,75.05,6.35,925.6,greengram,laterite soil
21.4,25.3,46.8,32.63,67.17,6.19,718.9,groundnut,alluvial soil
47.0,31.4,43.8,25.65,52.44,7.29,728.4,jowar,black soil
48.0,31.5,39.5,24.68,65.75,6.21,982.1,ragi,red soil
114.8,53.3,75.5,23.48,52.75,7.37,656.1,grapes,black soil
96.3,40.4,48.5,25.29,60.22,5.78,759.4,maize,black soil
49.1,32.7,29.5,28.85,59.83,6.24,401.5,bajra,alluvial soil
24.0,28.3,23.3,28.76,59.7,7.3,775.7,greengram,black soil
59.7,39.0,45.8,27.63,57.37,6.86,509.0,sunflower,red soil
32.1,42.6,49.2,32.48,64.7,6.62,716.3,groundnut,alluvial soil
86.8,51.8,64.4,23.58,66.61,7.48,954.0,maize,black soil
77.6,46.9,54.7,21.01,57.2,6.6,602.7,wheat,alluvial soil
81.4,46.3,56.2,25.11,65.3,5.78,633.6,maize,alluvial soil
93.3,52.6,48.0,28.23,65.59,7.38,736.2,chilli,red soil
116.2,61.8,69.1,23.67,71.81,6.61,726.2,tomato,alluvial soil
59.1,34.7,35.6,19.89,51.78,6.57,494.0,safflower,red soil
60.2,36.2,36.6,21.55,57.12,7.68,553.1,sunflower,black soil
96.1,56.2,48.6,26.25,66.34,5.52,610.2,maize,red soil
106.4,57.3,64.6,25.78,58.74,7.4,759.2,pomegranate,red soil
64.0,3.5,80.9,20.74,63.03,5.97,1720.1,lentil,red soil
55.2,38.2,47.7,20.03,59.27,5.55,749.9,ragi,red soil
25.8,54.4,30.8,29.94,20.14,5.64,1305.2,ragi,red soil
36.6,30.8,42.5,26.86,69.99,7.4,844.5,soybean,black soil
25.1,25.6,20.2,23.32,51.52,6.93,497.6,chickpea,red soil
103.9,45.6,73.3,20.7,62.31,6.85,615.8,tomato,red soil
125.4,54.2,67.1,31.78,64.68,7.29,1218.9,sugarcane,alluvial soil
22.4,32.5,28.7,28.77,59.02,6.79,458.3,chickpea,black soil
103.8,57.5,71.7,27.27,58.01,6.57,717.4,pomegranate,red soil
30.6,38.0,31.4,27.33,63.19,6.81,653.9,soybean,alluvial soil
72.8,53.9,53.1,21.95,71.02,7.1,634.6,maize,alluvial soil
119.0,58.1,78.9,32.33,66.48,7.18,1974.2,sugarcane,black soil
30.1,39.3,25.3,28.88,47.18,7.98,567.3,chickpea,red soil
49.8,38.6,36.4,22.03,67.29,6.44,688.5,soybean,alluvial soil
68.2,45.0,40.2,31.92,54.34,6.99,932.2,cotton,red soil
48.9,32.0,38.5,21.91,50.53,7.27,559.0,safflower,black soil
20.2,33.9,24.6,23.83,61.18,7.41,537.4,lentil,alluvial soil
50.9,13.9,88.3,28.89,64.59,6.62,1063.9,chickpea,black soil
87.1,35.5,51.9,25.15,54.41,7.61,528.2,cotton,black soil
114.3,58.2,87.7,28.25,80.91,6.59,1308.6,sugarcane,alluvial soil
42.6,33.5,37.5,28.61,58.45,6.66,637.2,bajra,red soil
112.6,66.2,90.0,22.31,49.66,8.08,2096.7,blackgram,black soil
12.1,15.7,5.7,15.95,60.67,7.47,524.3,onion,alluvial soil
54.5,26.0,36.2,27.9,49.49,8.04,728.7,jowar,black soil
29.4,25.1,20.4,34.26,66.27,6.39,711.7,blackgram,red soil
48.5,39.2,32.6,15.86,48.91,7.6,617.8,safflower,red soil
19.2,26.9,16.7,30.46,55.31,6.22,560.1,blackgram,red soil
27.0,32.2,20.7,34.35,69.02,7.5,659.9,greengram,black soil
20.3,22.3,25.7,32.21,56.46,6.88,672.0,blackgram,red soil
86.0,45.3,62.8,26.5,72.49,6.79,851.4,onion,alluvial soil
28.8,25.3,28.7,32.66,69.39,6.82,699.0,greengram,black soil
122.3,53.4,76.6,29.8,83.88,7.11,1732.4,sugarcane,alluvial soil
47.3,33.5,36.1,25.2,51.7,6.81,650.4,jowar,black soil
43.4,33.3,28.4,32.73,57.11,6.49,485.0,bajra,alluvial soil
16.6,30.2,22.3,26.78,51.62,6.7,739.6,greengram,alluvial soil
52.2,30.2,41.1,17.66,48.09,7.39,471.5,safflower,black soil
127.3,53.8,46.6,16.95,84.15,6.41,1783.3,lentil,red soil
106.5,42.5,50.3,24.84,61.27,7.13,885.6,onion,red soil
98.4,47.1,64.7,28.74,59.91,6.41,701.3,maize,black soil
99.1,54.0,62.6,33.94,40.01,7.09,660.0,pomegranate,black soil
73.2,46.0,49.8,17.89,68.11,7.48,633.0,wheat,alluvial soil
102.1,52.2,79.8,29.82,82.5,6.87,1419.9,sugarcane,black soil
81.0,46.6,63.9,27.99,65.92,6.32,613.7,maize,alluvial soil
32.7,28.0,76.8,38.41,33.8,9.29,2159.9,pigeonpeas,alluvial soil
52.6,18.6,21.1,14.85,36.35,7.59,1344.8,ragi,black soil
81.5,37.0,54.9,31.97,64.41,7.44,701.1,cotton,red soil
87.5,37.8,47.4,31.81,56.69,7.62,521.6,cotton,black soil
105.6,69.7,87.9,29.99,79.83,6.66,1231.5,sugarcane,alluvial soil
43.0,39.1,26.7,26.87,65.32,6.5,940.4,soybean,alluvial soil
39.6,36.0,46.8,26.3,52.06,6.19,850.3,groundnut,red soil
19.6,26.3,26.4,25.33,53.02,6.16,402.7,lentil,black soil
49.8,29.1,33.9,23.3,53.03,7.89,586.4,safflower,black soil
42.2,38.4,31.4,30.31,47.63,7.23,643.1,jowar,red soil
21.2,30.7,15.6,31.22,55.9,6.39,692.8,blackgram,black soil
76.2,54.8,48.1,28.97,56.73,7.01,763.9,maize,black soil
91.7,67.0,84.2,34.05,47.55,7.49,519.8,pomegranate,red soil
36.3,7.8,22.1,26.21,41.0,9.35,2351.8,pigeonpeas,alluvial soil
14.5,58.1,9.9,29.16,67.2,4.58,221.1,onion,laterite soil
61.8,44.1,54.7,24.74,56.76,6.51,490.5,wheat,black soil
44.8,37.1,48.8,22.15,64.83,7.01,770.1,ragi,red soil
42.1,30.3,27.1,29.69,61.94,7.17,972.3,soybean,alluvial soil
135.4,25.8,29.9,35.12,79.82,8.45,2025.2,blackgram,red soil
65.5,37.9,44.8,23.53,62.31,7.48,632.9,wheat,alluvial soil
111.3,60.9,64.0,23.34,65.82,6.93,677.9,tomato,alluvial soil
47.7,63.0,80.9,26.18,88.13,6.29,610.8,groundnut,black soil
25.0,21.6,23.9,26.4,69.42,6.66,684.4,greengram,alluvial soil
72.7,40.6,42.4,25.36,67.75,6.45,933.1,cotton,red soil
27.0,38.5,30.5,25.68,66.4,7.82,656.4,pigeonpeas,black soil
47.0,37.5,35.6,18.23,35.13,7.12,492.3,safflower,red soil
44.8,29.5,33.9,33.42,44.9,6.31,404.9,bajra,alluvial soil
42.9,25.5,44.0,20.61,49.56,6.98,569.1,safflower,black soil
81.0,51.8,46.4,31.0,52.56,6.7,753.8,cotton,red soil
40.1,17.4,97.6,38.38,85.28,6.56,1185.9,groundnut,laterite soil
91.8,52.1,62.9,32.52,46.21,6.63,665.4,pomegranate,black soil
89.5,69.7,46.2,35.33,33.91,9.44,1531.8,maize,laterite soil
49.3,23.1,29.1,34.7,47.71,7.04,513.3,bajra,alluvial soil
62.7,24.5,58.8,24.23,78.27,4.73,930.0,groundnut,alluvial soil
25.2,28.2,25.1,20.92,44.08,6.89,446.9,chickpea,black soil
124.8,49.2,92.4,34.58,86.44,8.0,981.4,wheat,black soil
59.9,36.8,39.0,17.56,40.98,6.73,430.5,safflower,black soil
15.8,23.2,25.0,26.52,69.44,7.19,779.4,greengram,black soil
23.0,33.0,25.5,25.02,60.53,7.0,587.0,lentil,alluvial soil
77.6,47.7,51.6,17.15,60.43,6.13,542.3,wheat,black soil
73.5,51.6,45.6,21.06,64.35,6.21,894.0,maize,red soil
74.6,44.1,63.0,22.76,68.36,6.98,900.8,maize,red soil
94.8,57.3,49.6,22.51,85.65,7.71,927.9,tomato,red soil
51.6,27.1,32.6,29.59,52.49,7.62,508.8,bajra,red soil
22.4,28.9,20.9,34.13,59.91,6.91,502.8,greengram,alluvial soil
43.5,38.4,31.2,21.1,35.07,7.52,438.2,safflower,black soil
24.8,31.4,28.5,21.29,57.03,6.02,549.7,lentil,alluvial soil
91.4,52.8,68.3,23.06,61.6,6.03,989.3,onion,black soil
83.3,36.0,57.4,28.57,50.94,6.97,742.2,cotton,red soil
34.4,7.9,10.1,36.13,62.27,8.31,423.1,blackgram,red soil
63.4,63.3,23.6,19.47,64.86,4.61,2228.5,cotton,black soil
119.2,55.2,74.1,27.79,72.78,6.65,819.3,tomato,red soil
69.8,48.6,50.9,24.16,56.68,6.9,533.7,sunflower,red soil
62.2,47.2,38.1,23.76,51.31,7.24,743.5,sunflower,red soil
114.8,35.2,20.6,34.26,79.39,7.9,680.2,chilli,laterite soil
24.8,30.5,18.3,31.88,66.26,6.38,569.2,blackgram,red soil
39.2,58.7,95.1,42.14,30.12,6.76,2095.1,safflower,red soil
50.0,33.2,42.1,28.2,45.21,8.01,608.6,jowar,red soil
94.3,32.8,85.6,10.48,42.06,5.73,2238.6,pigeonpeas,red soil
112.2,20.6,6.3,29.67,40.26,5.54,313.5,grapes,laterite soil
105.0,54.6,77.1,29.21,44.76,7.27,690.5,pomegranate,red soil
18.8,29.2,21.1,25.7,55.32,7.16,613.2,greengram,alluvial soil
106.9,60.2,79.7,21.06,52.23,7.06,856.8,grapes,red soil
58.5,42.0,38.1,27.1,55.63,6.99,718.5,ragi,red soil
35.3,33.1,41.5,24.65,70.34,7.22,813.8,soybean,black soil
41.9,42.0,29.5,23.74,63.45,6.12,961.9,soybean,black soil
13.5,27.9,11.7,19.94,75.57,7.76,281.7,wheat,black soil
25.4,26.2,6.1,19.09,66.13,7.08,1443.7,tomato,laterite soil
93.5,51.5,97.4,29.55,58.51,7.06,714.0,grapes,black soil
64.7,35.3,54.9,21.68,57.73,6.5,623.9,wheat,black soil
114.4,63.0,63.2,29.34,62.4,6.14,934.2,tomato,red soil
51.9,40.9,37.1,29.44,51.42,7.18,897.2,ragi,laterite soil
23.0,27.3,29.3,27.7,62.92,7.05,633.4,greengram,black soil
51.3,29.3,35.2,22.48,43.49,6.53,505.8,safflower,black soil
115.9,61.6,69.3,27.57,79.47,6.33,728.8,tomato,red soil
17.9,21.2,27.7,27.92,55.94,7.44,544.7,greengram,black soil
91.7,23.1,28.9,34.55,32.88,7.05,1556.5,groundnut,black soil
73.9,41.0,51.5,29.13,57.43,5.77,884.4,maize,red soil
28.4,41.8,31.2,29.46,68.31,6.11,619.7,groundnut,red soil
48.6,46.9,87.4,10.11,36.39,6.29,2236.8,groundnut,alluvial soil
30.2,30.3,41.2,28.99,66.21,7.2,839.7,soybean,black soil
48.5,31.6,35.6,25.53,60.95,6.84,782.5,soybean,black soil
29.2,28.4,28.8,30.97,65.02,7.39,504.2,greengram,black soil
47.6,25.5,44.2,23.74,39.11,6.9,632.1,safflower,black soil
42.5,36.3,35.5,21.74,59.69,6.03,666.3,ragi,red soil
105.0,28.0,31.0,35.86,43.29,5.52,447.9,onion,black soil
62.7,32.9,41.4,21.27,65.58,6.05,771.9,ragi,laterite soil
108.2,56.7,80.8,29.09,67.29,6.79,1279.8,sugarcane,black soil
63.6,75.0,17.3,40.99,86.51,8.22,1232.7,blackgram,laterite soil
73.6,24.7,14.5,33.07,93.98,6.67,1670.3,chilli,laterite soil
125.8,42.0,67.2,28.54,82.16,8.22,592.9,soybean,black soil
46.7,40.9,40.5,25.66,69.24,6.21,717.8,ragi,red soil
89.8,5.7,76.3,16.52,62.84,7.1,2275.8,chilli,laterite soil
47.7,34.4,33.8,32.04,51.3,7.94,476.6,bajra,red soil
60.9,34.3,45.5,25.68,40.93,7.41,772.2,sunflower,red soil
97.7,21.6,74.8,37.67,90.9,8.71,1094.9,bajra,red soil
97.5,64.5,84.2,20.43,50.86,7.07,738.6,grapes,red soil
48.5,40.5,40.5,23.27,66.03,6.92,691.8,ragi,laterite soil
70.6,39.6,47.6,25.35,55.23,6.42,817.6,cotton,red soil
41.4,28.9,32.5,33.4,46.99,7.42,434.6,bajra,alluvial soil
15.4,46.1,68.6,13.56,47.63,9.15,559.8,sugarcane,laterite soil
114.2,59.1,85.4,32.73,67.69,7.32,1817.3,sugarcane,alluvial soil
20.3,25.4,29.2,27.15,54.09,6.96,588.5,blackgram,black soil
58.9,37.9,39.3,26.85,59.14,7.08,616.7,sunflower,red soil
56.5,18.8,78.7,25.73,52.05,7.66,1042.3,safflower,alluvial soil
54.7,34.4,76.7,25.19,22.6,5.02,271.0,bajra,alluvial soil
96.9,65.1,64.6,29.8,49.33,9.06,325.9,safflower,black soil
56.7,30.1,42.2,26.13,58.03,7.67,577.3,jowar,red soil
50.3,37.6,45.0,29.94,46.43,7.16,698.4,sunflower,alluvial soil
26.5,30.0,23.3,27.71,65.07,7.49,515.9,blackgram,black soil
42.0,26.8,38.9,25.27,56.66,7.69,674.0,jowar,red soil
85.5,79.4,74.8,37.9,20.33,7.27,1574.8,onion,black soil
31.4,71.9,22.0,43.67,61.73,6.33,2161.6,pomegranate,laterite soil
72.9,43.9,54.7,31.23,60.34,6.2,698.9,cotton,red soil
94.8,57.1,12.9,36.95,47.46,5.3,1079.6,pomegranate,laterite soil
73.5,46.9,49.8,28.05,55.27,5.73,734.0,maize,alluvial soil
75.4,37.8,50.3,30.25,65.55,6.42,643.8,chilli,black soil
59.8,39.0,40.4,30.65,52.24,7.99,524.8,jowar,red soil
114.4,59.9,72.4,25.71,62.38,6.68,1727.4,sugarcane,alluvial soil
80.4,49.6,47.8,27.25,71.56,7.41,785.9,maize,black soil
81.0,23.8,29.7,36.96,32.06,5.41,435.0,sunflower,laterite soil
84.0,62.2,84.9,27.35,42.28,7.02,594.0,pomegranate,black soil
18.2,28.1,20.3,32.17,63.43,6.54,634.7,greengram,alluvial soil
100.3,54.9,90.3,21.99,50.32,6.78,688.4,grapes,red soil
126.7,53.3,61.8,32.58,75.16,6.52,1759.3,sugarcane,alluvial soil
29.5,22.6,15.2,28.36,58.48,7.24,573.7,blackgram,black soil
120.4,36.4,33.6,20.21,57.15,5.18,2019.4,jowar,red soil
123.8,9.8,60.8,15.88,88.02,6.73,1388.1,grapes,red soil
99.9,63.4,44.8,36.17,77.95,4.5,381.1,soybean,red soil
38.5,38.8,27.3,29.89,51.9,7.35,861.1,pigeonpeas,red soil
30.5,37.4,33.4,34.01,50.19,7.27,864.2,pigeonpeas,red soil
100.8,56.2,64.8,25.97,78.59,6.79,1875.5,sugarcane,alluvial soil
20.5,38.8,43.8,31.78,53.34,7.34,550.9,groundnut,red soil
90.4,51.2,56.3,26.74,72.78,5.92,805.5,maize,red soil
38.6,36.6,41.5,36.12,85.76,8.48,606.0,jowar,black soil
23.9,23.3,22.4,26.19,57.8,6.5,770.1,blackgram,red soil
29.0,29.7,23.9,25.74,57.58,6.08,651.0,blackgram,red soil
73.0,51.6,63.6,26.2,62.73,6.66,965.4,chilli,red soil
26.7,25.5,29.6,22.0,53.31,6.78,402.0,chickpea,red soil
29.9,38.3,37.1,27.37,62.87,6.12,727.3,groundnut,alluvial soil
110.8,54.2,74.5,25.68,60.51,6.71,1394.9,sugarcane,alluvial soil
109.4,52.6,61.9,18.7,55.0,6.29,800.6,onion,alluvial soil
32.1,34.4,25.5,20.91,59.63,7.34,428.4,chickpea,black soil
94.2,56.4,92.5,27.39,67.52,7.12,679.5,grapes,black soil
23.1,30.9,38.1,28.3,58.57,7.22,579.3,groundnut,red soil
103.3,55.9,71.2,25.28,75.33,6.05,944.8,tomato,red soil
22.1,21.8,15.8,34.21,51.81,7.46,536.8,blackgram,black soil
29.6,38.5,25.2,23.19,42.79,7.0,581.3,chickpea,black soil
42.4,38.9,41.1,20.77,40.48,7.98,562.3,safflower,black soil
46.2,40.8,31.0,22.65,74.17,7.29,919.2,soybean,black soil
54.1,39.6,37.1,16.58,43.26,7.27,525.7,safflower,red soil
116.7,54.8,73.8,22.98,78.71,6.37,848.6,tomato,alluvial soil
82.5,35.2,46.0,26.74,67.74,6.88,919.7,chilli,red soil
54.5,35.8,30.1,16.86,49.85,6.86,470.5,safflower,red soil
49.5,30.1,42.9,23.7,37.21,6.56,624.0,safflower,black soil
50.4,27.3,27.6,29.55,53.62,7.85,469.1,bajra,alluvial soil
78.6,54.2,52.6,22.56,61.11,7.27,600.8,maize,alluvial soil
106.0,45.3,65.7,23.62,71.4,6.32,621.0,tomato,alluvial soil
39.2,38.2,27.4,32.26,52.96,7.59,815.3,pigeonpeas,red soil
43.7,28.1,38.3,27.3,46.8,8.07,500.0,jowar,black soil
119.1,49.1,74.1,29.53,63.09,6.54,763.6,tomato,alluvial soil
43.3,36.1,38.7,30.12,54.11,7.86,707.1,jowar,black soil
51.5,32.7,33.3,33.03,42.73,6.98,478.4,bajra,red soil
47.3,43.5,46.4,27.64,53.08,7.2,867.1,ragi,red soil
31.1,34.9,25.8,29.61,49.3,7.46,818.8,pigeonpeas,red soil
18.3,24.1,24.1,29.15,67.18,7.24,751.3,greengram,alluvial soil
37.1,20.4,37.3,27.75,58.39,7.2,483.4,bajra,red soil
101.0,60.6,74.7,29.13,58.7,7.32,536.4,pomegranate,red soil
106.8,52.3,62.6,25.51,81.44,6.83,1898.1,sugarcane,alluvial soil
30.8,25.2,31.2,31.5,64.58,6.22,731.5,groundnut,red soil
26.3,30.7,27.6,29.91,53.55,7.06,574.0,blackgram,red soil
22.3,26.1,33.1,29.55,42.45,7.58,452.6,chickpea,red soil
52.4,39.4,41.2,29.15,46.62,7.15,713.1,jowar,red soil
59.4,33.9,42.6,23.62,41.9,7.3,560.9,safflower,black soil
82.9,36.3,45.5,29.67,30.75,7.49,430.0,maize,alluvial soil
33.4,45.3,31.6,23.37,64.98,6.47,806.9,soybean,black soil
28.6,20.6,24.2,27.26,61.19,6.44,564.4,blackgram,black soil
65.1,43.6,49.9,20.92,66.06,6.45,560.3,wheat,black soil
31.4,22.3,80.9,37.29,29.61,6.42,1438.1,sugarcane,black soil
71.4,49.0,53.8,25.1,68.71,5.63,932.9,maize,red soil
45.2,35.6,37.8,27.46,62.27,7.73,658.7,jowar,black soil
70.6,16.8,70.7,36.29,84.45,7.0,994.5,greengram,alluvial soil
79.5,20.1,82.2,26.36,92.51,6.9,415.6,maize,laterite soil
18.2,28.2,24.9,25.45,53.62,6.04,744.8,blackgram,black soil
26.4,40.0,40.0,30.25,57.06,7.95,707.7,pigeonpeas,black soil
97.6,45.5,69.4,26.13,70.79,7.17,693.8,onion,black soil
89.7,46.0,51.6,27.41,59.61,6.87,621.2,onion,alluvial soil
20.5,69.3,64.4,32.05,88.84,8.25,1335.7,jowar,black soil
113.6,54.6,86.7,22.78,52.24,7.04,749.7,grapes,black soil
67.2,30.7,45.9,23.26,41.03,6.84,695.6,sunflower,alluvial soil
132.2,57.4,56.3,19.09,63.76,9.09,2229.2,groundnut,red soil
49.1,32.7,47.2,28.41,61.12,6.46,775.4,ragi,red soil
93.2,48.8,58.7,23.07,56.46,7.07,951.6,chilli,black soil
94.2,61.5,91.8,29.16,59.01,6.83,724.3,grapes,black soil
98.2,37.0,60.4,30.29,60.84,7.42,758.1,chilli,black soil
86.8,57.1,69.2,26.21,57.21,7.04,543.6,pomegranate,black soil
18.9,32.5,27.0,26.89,51.8,6.9,607.7,blackgram,black soil
72.2,35.5,45.4,22.95,57.69,6.14,602.1,wheat,black soil
84.8,2.5,39.7,40.43,72.73,7.61,1006.8,wheat,alluvial soil
86.5,44.8,42.7,32.69,51.23,6.48,564.5,cotton,black soil
74.3,45.8,56.5,30.53,55.88,6.6,712.7,cotton,black soil
95.2,63.1,62.7,22.1,64.01,6.97,989.5,tomato,alluvial soil
26.1,35.4,25.0,29.0,40.47,6.99,496.7,chickpea,red soil
47.4,21.5,38.2,34.9,49.27,7.62,413.6,bajra,alluvial soil
48.5,38.4,30.4,23.55,50.07,6.53,624.2,safflower,red soil
53.7,38.6,40.3,25.99,60.53,7.06,482.8,jowar,black soil
59.6,25.8,36.7,29.89,61.46,7.47,527.2,jowar,black soil
29.4,31.5,31.1,29.76,48.4,6.91,599.8,chickpea,red soil
21.6,58.0,31.3,40.06,39.51,4.69,1263.1,safflower,black soil
28.8,25.0,25.5,22.14,43.93,7.12,579.7,chickpea,black soil
16.0,31.8,20.8,33.1,50.09,6.69,796.9,greengram,black soil
19.1,22.4,25.1,29.59,50.77,6.79,735.1,blackgram,red soil
100.4,64.2,66.1,27.54,49.2,7.06,765.5,pomegranate,red soil
104.2,50.9,71.6,20.08,56.71,6.61,851.8,grapes,red soil
28.8,35.8,30.5,24.46,49.52,7.56,568.0,chickpea,red soil
80.4,26.7,6.1,24.48,86.31,4.6,1131.9,grapes,red soil
103.6,59.5,76.6,34.98,51.96,7.21,589.2,pomegranate,black soil
25.8,10.0,45.7,24.7,60.1,8.48,573.2,ragi,alluvial soil
31.5,36.0,35.3,23.7,49.66,7.31,806.9,pigeonpeas,black soil
36.3,50.0,5.3,15.59,86.97,7.16,369.8,grapes,black soil
122.3,8.7,28.5,13.67,21.3,5.24,2203.2,chickpea,laterite soil
87.0,40.1,62.2,23.57,65.25,7.25,932.7,chilli,red soil
97.1,24.5,6.2,34.55,82.56,7.28,2171.0,maize,alluvial soil
68.5,42.6,54.8,34.69,65.16,7.39,878.3,cotton,red soil
32.5,32.5,33.9,24.11,48.86,7.89,562.1,chickpea,red soil
93.5,64.9,82.7,22.07,63.76,7.02,814.1,grapes,red soil
53.9,27.9,40.1,29.0,64.72,7.07,626.0,jowar,black soil
83.1,59.1,67.9,19.19,64.45,6.23,642.4,onion,red soil
101.3,53.3,54.8,20.58,73.32,7.31,862.3,onion,black soil
88.8,52.5,47.3,26.04,63.09,7.36,998.6,cotton,red soil
122.9,44.7,35.4,18.66,28.52,4.61,2145.4,jowar,black soil
45.6,37.5,33.6,16.57,50.89,6.69,565.4,safflower,black soil
68.8,41.8,42.2,21.11,62.12,6.14,638.2,wheat,black soil
18.8,26.2,27.7,22.85,49.67,7.08,474.9,lentil,black soil
75.9,40.7,50.3,21.19,58.72,5.92,688.0,maize,black soil
69.5,40.1,8.7,23.66,77.19,6.22,1771.7,onion,red soil
48.3,40.0,32.3,31.67,56.52,6.99,502.8,jowar,black soil
75.3,35.4,48.1,17.57,61.71,7.26,641.5,wheat,black soil
44.6,39.7,42.7,28.48,50.45,7.09,889.1,ragi,laterite soil
65.0,25.5,85.6,16.19,51.34,7.34,859.2,bajra,black soil
47.2,30.0,27.6,26.16,78.37,6.91,756.6,soybean,alluvial soil
27.7,29.7,17.8,28.46,62.32,6.7,745.2,blackgram,black soil
8.2,61.7,39.2,23.53,93.18,8.72,2297.9,cotton,alluvial soil
80.0,53.9,44.0,30.1,67.99,6.43,901.2,cotton,red soil
68.7,40.2,54.1,21.68,59.87,6.51,571.2,wheat,alluvial soil
17.0,20.8,23.8,31.83,50.86,6.18,646.8,blackgram,red soil
89.1,40.9,58.6,29.32,74.27,6.28,870.6,chilli,red soil
70.8,50.9,51.0,24.7,67.96,7.73,825.4,cotton,red soil
72.6,40.6,46.0,26.09,71.12,6.75,645.0,chilli,black soil
112.3,64.9,96.1,27.43,62.51,7.38,631.7,grapes,black soil
118.4,53.6,81.8,22.31,67.06,7.38,627.9,grapes,black soil
90.6,52.9,68.7,25.08,60.32,6.69,734.2,tomato,alluvial soil
103.7,58.2,54.1,20.53,61.19,6.18,946.3,onion,black soil
138.7,57.3,57.8,12.93,78.19,7.68,2440.9,cotton,alluvial soil
131.6,35.5,31.5,30.54,21.01,8.08,554.9,bajra,laterite soil
28.6,28.3,33.6,29.96,65.09,6.27,724.5,groundnut,alluvial soil
64.2,5.4,5.7,18.42,27.39,5.84,914.8,lentil,black soil
23.9,43.1,46.6,27.41,58.2,7.32,840.0,groundnut,alluvial soil
39.0,31.0,38.4,30.85,52.92,6.63,549.1,bajra,red soil
28.6,43.8,34.3,25.67,53.11,6.92,681.8,pigeonpeas,red soil
82.8,50.0,53.8,31.22,59.41,6.16,727.2,chilli,black soil
28.2,68.3,51.1,38.59,81.91,7.79,1750.2,cotton,red soil
21.1,30.2,29.6,26.58,56.38,7.72,489.5,chickpea,black soil
120.4,60.5,69.5,25.27,70.35,6.65,1817.6,sugarcane,black soil
66.5,44.4,44.7,28.41,41.49,6.57,706.8,sunflower,alluvial soil
128.3,69.4,77.0,33.26,60.73,6.58,1681.8,sugarcane,alluvial soil
84.2,66.0,89.2,32.83,59.45,7.05,546.8,pomegranate,black soil
34.0,31.1,45.7,32.68,53.17,6.7,582.8,groundnut,alluvial soil
42.4,39.1,32.8,31.81,51.78,7.03,585.4,jowar,red soil
84.3,52.2,59.7,21.58,74.09,6.8,995.1,maize,black soil
62.1,38.7,42.1,19.12,59.99,6.46,496.9,wheat,black soil
102.1,61.4,62.1,28.68,73.14,6.76,913.8,tomato,alluvial soil
73.7,37.4,53.5,15.85,56.2,6.6,548.9,wheat,alluvial soil
47.4,24.7,37.7,28.24,47.84,6.51,554.4,bajra,alluvial soil
32.7,42.9,33.7,32.97,64.0,7.03,892.3,pigeonpeas,red soil
22.8,27.4,22.8,30.53,65.98,6.97,577.9,blackgram,black soil
63.6,31.5,37.4,24.78,58.85,7.37,573.6,sunflower,red soil
25.0,25.6,27.2,27.96,52.17,7.19,483.9,lentil,black soil
57.6,34.6,38.5,22.78,61.14,6.34,695.2,ragi,laterite soil
98.9,46.7,45.5,13.39,54.33,6.95,2021.1,jowar,black soil
39.4,41.2,41.8,27.22,67.58,6.44,828.1,groundnut,red soil
60.5,38.0,54.8,24.2,61.72,6.66,620.6,wheat,alluvial soil
56.3,40.8,49.3,24.99,68.6,6.1,851.4,ragi,red soil
50.8,33.1,44.4,31.85,59.02,7.81,462.0,jowar,black soil
39.5,49.5,42.5,28.25,68.27,6.31,760.3,soybean,alluvial soil
48.5,33.1,42.2,27.76,51.39,7.65,529.3,jowar,black soil
27.5,21.1,22.8,27.86,61.51,6.4,502.1,blackgram,black soil
81.7,43.4,58.9,24.56,69.38,7.08,714.8,maize,black soil
67.8,68.9,30.2,40.0,82.5,6.89,1265.9,soybean,red soil
42.8,31.3,35.8,22.32,51.17,7.56,608.1,safflower,red soil
48.7,54.1,43.6,17.03,57.43,7.12,595.2,ragi,alluvial soil
55.6,36.5,43.6,23.21,50.27,7.07,699.7,sunflower,red soil
13.1,61.8,78.3,38.13,37.31,4.81,1858.6,bajra,black soil
55.8,31.1,36.9,22.36,46.62,6.58,403.1,safflower,black soil
28.6,41.0,29.4,30.36,67.87,7.26,674.4,pigeonpeas,red soil
136.5,36.8,56.3,27.1,42.47,6.69,489.0,wheat,red soil
51.7,37.3,46.4,26.71,69.5,6.72,868.0,ragi,red soil
106.2,59.3,59.3,23.72,69.59,6.82,845.6,onion,red soil
61.8,48.5,41.3,23.01,47.58,7.76,709.4,sunflower,black soil
139.8,16.3,84.4,16.26,43.84,6.19,2454.1,sugarcane,red soil
21.5,31.8,23.1,32.59,50.76,7.26,555.2,greengram,black soil
90.3,42.2,47.4,25.22,55.6,6.39,950.7,chilli,red soil
65.1,36.9,45.5,24.54,56.2,7.9,725.0,cotton,red soil
56.8,32.1,37.9,22.52,54.62,7.6,474.8,safflower,black soil
59.2,39.7,37.7,30.78,53.03,6.79,620.7,jowar,black soil
64.8,12.3,32.3,14.14,26.77,5.63,852.9,lentil,black soil
104.6,66.3,64.7,28.78,55.92,6.94,721.9,pomegranate,black soil
104.5,51.2,59.3,28.55,78.77,6.26,725.5,tomato,alluvial soil
26.8,28.5,34.2,26.39,66.19,6.95,839.1,groundnut,red soil
50.6,25.5,31.4,22.69,35.47,7.1,630.1,safflower,black soil
40.7,39.6,32.1,22.06,67.58,6.63,629.8,soybean,alluvial soil
111.7,54.1,74.3,28.66,66.65,6.25,722.7,tomato,red soil
62.0,49.7,37.1,29.16,53.92,7.58,622.4,sunflower,alluvial soil
37.3,44.1,37.3,24.08,65.98,6.1,820.6,soybean,alluvial soil
31.9,40.8,44.6,26.45,67.23,6.96,848.8,groundnut,alluvial soil
39.2,43.5,28.0,27.51,68.0,7.22,625.0,pigeonpeas,black soil
78.0,47.3,40.6,24.17,57.66,6.91,544.7,wheat,black soil
49.4,49.6,51.6,42.51,49.92,6.55,477.7,jowar,alluvial soil
16.4,28.2,25.7,24.68,55.96,6.09,570.5,lentil,alluvial soil
33.0,33.4,28.1,33.79,52.54,7.51,800.2,pigeonpeas,black soil
117.6,68.5,65.2,29.91,82.06,7.23,1332.2,sugarcane,alluvial soil
21.9,44.4,45.6,26.07,57.73,6.44,519.6,groundnut,red soil
71.1,40.8,62.8,23.7,61.25,6.05,759.4,chilli,red soil
128.7,69.7,84.0,29.61,84.63,6.67,1940.3,sugarcane,black soil
64.3,47.7,50.0,22.02,56.37,7.09,534.2,sunflower,red soil
59.2,39.5,36.1,28.91,50.92,6.94,590.0,jowar,red soil
89.1,16.4,3.5,41.14,51.37,6.45,310.6,chilli,alluvial soil
94.4,51.5,49.3,31.05,58.69,6.17,824.5,chilli,red soil
18.3,21.3,22.0,32.21,67.24,7.22,708.5,greengram,alluvial soil
48.2,30.2,39.6,23.29,61.81,6.36,782.0,ragi,laterite soil
69.8,39.1,10.6,33.64,89.71,6.28,2420.4,jowar,red soil
21.3,60.9,75.2,42.44,87.87,6.87,2028.9,lentil,laterite soil
27.0,33.8,33.3,21.07,56.25,7.12,603.8,chickpea,red soil
46.7,45.5,44.4,29.77,69.01,6.12,875.7,soybean,alluvial soil
42.2,52.6,6.0,41.53,72.48,8.18,2016.4,wheat,alluvial soil
49.0,41.3,36.2,27.18,68.96,6.18,622.1,ragi,red soil
65.4,41.1,56.5,28.92,61.99,6.29,524.0,cotton,black soil
101.8,67.7,41.6,15.16,47.6,8.4,1262.1,safflower,black soil
82.8,45.0,58.7,29.7,66.66,6.44,795.4,chilli,red soil
65.2,35.8,48.8,20.84,57.51,7.36,567.5,wheat,black soil
126.1,1.0,83.7,32.56,25.78,6.93,1349.1,sugarcane,black soil
22.3,30.3,25.2,31.15,59.4,7.32,783.4,blackgram,black soil
29.6,21.9,27.5,34.38,65.92,6.72,674.8,blackgram,black soil
24.1,26.8,25.0,27.55,57.55,6.74,789.3,blackgram,black soil
62.1,54.8,47.8,27.13,61.22,7.99,810.3,cotton,black soil
114.5,47.0,61.5,23.78,66.36,6.9,918.1,tomato,alluvial soil
121.6,51.0,63.7,26.8,66.05,7.23,1898.7,sugarcane,black soil
60.2,49.2,46.7,21.89,53.33,6.36,569.7,wheat,black soil
38.3,40.1,40.9,32.06,62.31,7.3,538.8,groundnut,alluvial soil
47.9,35.4,41.9,26.8,51.2,7.22,595.6,jowar,red soil
108.1,77.2,66.2,36.54,20.92,9.46,312.2,greengram,red soil
96.0,36.5,47.1,28.28,60.1,6.05,754.2,chilli,red soil
77.7,54.6,57.0,17.11,53.12,6.82,746.9,jowar,laterite soil
53.0,4.5,17.1,36.93,64.61,7.75,2142.9,soybean,black soil
69.6,2.0,87.7,21.16,45.19,8.0,549.9,lentil,black soil
73.4,49.2,48.4,24.16,67.7,6.28,883.4,chilli,black soil
26.0,35.3,29.6,21.16,42.71,6.76,644.4,chickpea,black soil
83.9,27.1,69.1,39.06,94.84,6.72,683.7,sunflower,red soil
100.2,66.6,83.7,29.14,43.32,8.64,1404.7,tomato,black soil
26.8,28.5,24.3,24.79,49.39,7.04,587.4,chickpea,red soil
29.9,38.5,38.3,29.89,63.37,7.36,648.3,pigeonpeas,black soil
53.7,39.4,33.2,23.41,54.12,7.07,488.6,safflower,red soil
39.4,44.9,37.7,34.6,61.82,7.11,851.8,pigeonpeas,red soil
99.8,61.5,75.3,29.92,61.38,6.72,683.9,grapes,red soil
83.8,44.7,57.4,25.98,73.59,6.49,959.4,chilli,red soil
36.3,31.9,28.5,33.66,50.14,6.48,459.9,bajra,red soil
10.9,6.3,8.5,41.84,82.8,6.86,1143.7,pomegranate,black soil
26.0,39.4,30.4,23.71,54.21,6.9,701.2,pigeonpeas,red soil
22.7,29.8,25.5,25.01,41.39,6.02,508.4,chickpea,black soil
90.4,64.0,62.9,26.85,65.02,6.79,661.3,tomato,alluvial soil
26.8,42.0,31.8,26.92,50.96,7.41,841.3,pigeonpeas,red soil
109.1,29.8,40.1,12.45,76.71,8.39,2256.0,chilli,red soil
111.1,64.1,88.6,20.93,56.78,6.81,800.4,grapes,red soil
56.4,32.6,35.2,27.25,52.27,6.99,687.5,jowar,black soil
53.8,28.5,44.7,31.64,48.48,7.83,581.0,jowar,red soil
51.1,27.9,41.6,25.3,57.71,8.36,697.2,jowar,black soil
60.8,47.3,37.5,23.82,58.91,6.97,672.3,sunflower,red soil
103.7,55.9,61.7,20.39,74.63,7.16,941.5,onion,alluvial soil
102.4,47.1,55.8,27.59,73.76,6.03,784.8,tomato,red soil
18.3,22.1,25.7,25.24,56.6,7.35,687.2,greengram,alluvial soil
96.9,59.0,39.3,24.0,51.9,5.56,2265.8,jowar,black soil
122.1,54.8,74.2,29.39,75.91,6.57,1219.0,sugarcane,alluvial soil
31.3,42.0,29.6,27.45,79.05,7.27,984.7,soybean,black soil
20.5,31.4,21.8,25.23,46.26,7.39,519.3,lentil,alluvial soil
72.6,44.8,58.9,33.76,58.29,7.15,550.6,cotton,black soil
94.9,49.1,58.1,21.82,73.52,6.99,941.7,tomato,red soil
15.9,33.7,22.0,25.18,51.46,6.76,592.8,blackgram,black soil
30.0,31.0,35.0,29.91,61.52,7.27,768.7,groundnut,red soil
49.8,40.3,83.1,34.5,75.33,4.59,2004.4,groundnut,black soil
95.0,66.0,92.3,44.23,40.23,6.27,2151.2,sugarcane,laterite soil
132.9,52.8,52.4,34.72,33.32,5.1,1494.5,blackgram,laterite soil
110.0,47.8,64.6,41.11,47.37,8.81,1424.6,onion,black soil
130.9,61.0,62.0,31.86,78.47,6.76,1872.0,sugarcane,alluvial soil
30.9,37.5,31.3,23.71,76.28,7.28,749.6,soybean,black soil
117.7,65.0,66.9,28.22,68.77,7.25,1623.3,sugarcane,black soil
72.5,41.5,49.0,20.52,51.18,7.19,588.7,wheat,black soil
23.9,24.2,26.7,32.04,64.4,7.14,525.3,greengram,black soil
131.1,6.6,30.4,38.38,88.74,4.96,1152.0,soybean,black soil
15.9,26.6,17.3,28.03,50.32,7.05,576.1,blackgram,red soil
38.0,32.4,45.2,32.28,53.6,7.08,787.5,groundnut,alluvial soil
84.1,59.6,48.1,24.36,73.33,6.61,634.1,maize,black soil
91.0,55.8,45.4,29.03,60.8,7.03,669.0,maize,red soil
95.9,42.7,62.3,25.97,55.48,6.7,984.8,chilli,red soil
26.4,38.7,28.8,34.85,52.65,6.54,807.0,pigeonpeas,black soil
102.2,56.0,57.0,23.71,57.09,7.12,934.2,onion,red soil
115.4,42.6,78.1,11.98,84.07,6.22,1660.8,cotton,black soil
43.7,33.8,26.0,30.43,45.71,6.55,648.4,bajra,red soil
15.2,28.4,21.5,25.35,53.56,6.16,475.8,lentil,black soil
25.6,34.2,19.9,27.02,59.49,6.02,507.5,blackgram,red soil
7.9,19.6,96.8,12.3,39.59,9.06,533.7,lentil,black soil
61.8,42.8,48.8,30.84,67.82,6.35,721.9,cotton,red soil
91.0,73.9,85.7,32.25,70.26,7.98,857.6,groundnut,black soil
0.1,40.3,15.0,40.2,53.49,8.72,633.7,wheat,red soil
64.6,33.7,39.9,21.91,56.86,5.54,702.0,ragi,red soil
25.4,39.7,34.7,31.44,56.4,7.71,685.4,pigeonpeas,black soil
52.7,25.2,33.7,28.63,59.65,7.61,507.8,jowar,black soil
66.9,35.7,55.0,16.22,55.18,6.97,538.1,wheat,alluvial soil
91.8,43.0,64.0,26.99,58.09,7.26,851.9,onion,black soil
102.5,51.9,62.3,25.36,71.31,6.66,1753.1,sugarcane,black soil
40.9,32.2,28.7,34.85,53.02,7.34,437.0,bajra,red soil
109.8,56.8,99.1,22.16,58.84,7.42,674.7,grapes,black soil
50.0,47.0,31.0,22.32,68.42,6.12,827.6,soybean,alluvial soil
20.3,27.4,20.0,23.11,53.17,7.29,441.3,lentil,black soil
38.6,35.5,25.8,22.09,53.46,7.65,858.6,pigeonpeas,red soil
92.2,46.5,57.5,28.13,55.48,6.7,621.9,chilli,black soil
101.4,57.4,73.7,26.62,57.66,7.07,651.7,grapes,black soil
60.9,32.2,63.1,15.37,73.94,9.5,2492.8,tomato,black soil
53.9,48.4,36.3,22.5,52.27,7.43,512.3,sunflower,alluvial soil
49.6,36.9,36.1,21.91,40.72,7.24,421.8,safflower,black soil
92.7,71.4,36.3,35.17,20.81,8.73,1332.8,jowar,laterite soil
80.0,42.0,61.3,27.41,71.41,6.81,754.1,chilli,black soil
104.8,55.8,79.2,30.74,58.85,6.64,507.1,pomegranate,red soil
36.4,33.1,44.8,28.3,73.19,7.36,853.2,soybean,black soil
34.5,34.8,38.6,32.34,68.54,6.05,699.6,groundnut,alluvial soil
53.6,36.4,42.9,26.19,60.94,7.15,839.6,ragi,red soil
50.5,27.0,31.2,25.97,47.57,6.77,717.9,jowar,red soil
17.6,26.1,18.6,31.76,59.33,6.82,562.9,blackgram,red soil
34.4,79.1,72.9,17.61,28.99,8.57,1405.8,pigeonpeas,red soil
55.2,39.3,49.4,22.78,56.28,7.45,504.3,sunflower,black soil
49.9,45.5,26.8,23.03,72.23,7.29,657.6,soybean,alluvial soil
62.6,41.0,54.2,23.34,50.35,6.64,790.7,sunflower,alluvial soil
55.6,41.7,47.0,23.37,63.57,7.14,811.4,ragi,laterite soil
53.1,37.0,44.7,30.14,63.15,8.21,641.5,jowar,red soil
19.1,37.6,92.5,17.01,69.39,7.75,802.9,cotton,laterite soil
90.2,51.1,51.3,21.21,69.52,6.55,751.5,maize,alluvial soil
62.9,43.9,54.4,23.52,66.75,6.11,637.8,wheat,alluvial soil
95.7,58.0,53.0,27.49,61.03,6.48,791.9,onion,black soil
20.8,33.5,24.2,27.71,64.74,7.3,586.8,greengram,alluvial soil
21.9,38.0,30.4,29.38,57.86,7.26,509.8,chickpea,red soil
64.8,37.5,35.6,22.19,48.29,6.87,744.1,sunflower,alluvial soil
86.2,2.6,24.6,25.55,60.82,6.79,800.3,soybean,alluvial soil
1.0,63.8,34.6,22.65,88.98,5.27,327.3,safflower,alluvial soil
65.2,41.1,54.5,17.14,50.97,6.44,607.1,wheat,black soil
136.0,39.1,78.8,23.69,42.76,5.17,757.8,maize,laterite soil
109.4,43.1,53.7,24.22,64.85,6.08,739.8,onion,alluvial soil
16.6,33.1,16.3,25.27,52.42,7.37,722.1,blackgram,black soil
93.5,45.5,66.1,18.32,62.68,7.1,960.6,onion,black soil
63.5,43.5,45.9,23.08,49.23,7.28,618.0,sunflower,black soil
96.4,49.7,55.3,25.99,67.56,7.3,963.0,maize,red soil
72.4,47.3,46.6,31.86,70.92,6.19,885.9,chilli,black soil
37.3,29.3,31.0,28.28,55.46,6.58,686.0,groundnut,alluvial soil
98.1,50.9,82.8,26.68,64.73,7.22,847.2,grapes,red soil
97.8,61.1,73.2,27.61,49.56,7.08,627.5,pomegranate,black soil
126.3,59.8,79.4,27.84,72.79,6.99,1688.3,sugarcane,black soil
63.9,45.5,41.5,21.23,58.24,7.49,729.8,sunflower,alluvial soil
72.2,26.0,61.1,33.67,62.97,7.67,994.0,grapes,laterite soil
41.3,23.4,33.2,30.25,51.74,7.67,483.9,bajra,alluvial soil
81.2,42.5,64.4,26.03,72.24,7.39,979.3,onion,black soil
26.5,39.2,42.1,32.19,58.05,6.52,792.8,groundnut,red soil
91.0,64.1,72.7,20.11,52.15,7.36,729.1,grapes,red soil
35.2,32.7,30.9,29.58,51.68,6.95,637.4,bajra,alluvial soil
94.5,59.2,52.6,26.94,69.61,7.17,848.8,maize,red soil
17.9,32.1,19.1,34.73,62.33,6.69,765.1,blackgram,red soil
38.2,43.0,37.3,30.2,61.59,7.42,880.3,pigeonpeas,red soil
38.5,33.4,47.9,25.61,62.64,7.34,704.6,groundnut,red soil
42.3,35.7,28.1,29.49,61.61,6.19,701.3,soybean,black soil
78.5,41.7,56.4,29.54,62.57,6.86,717.3,chilli,red soil
35.5,36.0,38.7,25.19,55.08,6.79,632.4,pigeonpeas,black soil
30.4,34.0,38.3,32.59,69.9,6.85,568.7,groundnut,alluvial soil
56.3,35.4,37.0,24.31,52.15,7.31,811.2,ragi,laterite soil
26.8,27.4,16.9,34.48,52.88,7.25,726.2,blackgram,black soil
56.4,2.0,0.6,19.14,48.52,6.15,607.5,chickpea,alluvial soil
74.5,53.6,56.2,28.48,56.29,7.49,816.6,chilli,black soil
16.7,33.0,19.2,26.83,58.79,7.46,681.2,blackgram,black soil
105.2,59.8,67.6,30.08,80.4,7.36,1564.6,sugarcane,alluvial soil
112.7,50.0,80.4,28.75,77.11,6.66,1802.0,sugarcane,black soil
41.5,42.4,43.1,24.36,69.22,5.84,898.8,ragi,laterite soil
99.8,63.9,71.6,29.28,43.32,6.7,501.3,pomegranate,red soil
2.4,32.6,5.7,23.98,36.02,4.64,741.5,lentil,alluvial soil
41.7,31.5,37.1,28.63,73.32,6.69,829.4,soybean,alluvial soil
34.7,38.7,31.2,26.7,63.53,6.91,789.9,pigeonpeas,red soil
36.8,79.2,48.6,11.24,63.19,5.07,673.3,greengram,laterite soil
61.3,31.8,46.8,20.24,48.8,7.69,727.6,sunflower,black soil
106.0,59.6,94.2,21.91,58.41,6.65,762.1,grapes,red soil
31.1,27.4,20.2,21.69,41.81,6.71,475.7,chickpea,black soil
28.4,42.9,32.2,32.22,50.98,6.23,731.8,groundnut,red soil
16.8,27.9,95.4,33.89,69.42,8.4,1565.2,pigeonpeas,laterite soil
36.0,42.4,34.1,34.34,52.28,7.31,866.2,pigeonpeas,black soil
108.3,61.9,99.0,33.81,83.03,5.76,1501.9,maize,red soil
103.1,52.7,64.2,31.56,60.98,6.57,1242.8,sugarcane,alluvial soil
25.1,24.3,21.6,28.61,64.47,6.58,758.3,blackgram,red soil
95.0,51.9,93.9,28.38,56.64,6.55,605.1,grapes,red soil
53.4,36.9,50.0,22.29,61.68,6.86,924.6,ragi,laterite soil
25.2,32.1,28.8,28.41,55.48,7.58,723.4,pigeonpeas,red soil
42.7,38.9,43.8,19.1,48.96,7.47,414.8,safflower,red soil
74.7,71.9,31.7,34.17,61.7,8.86,488.5,pomegranate,laterite soil
91.4,56.5,54.1,25.44,67.97,6.64,933.3,onion,black soil
83.1,65.6,64.1,29.98,53.92,6.93,754.0,pomegranate,black soil
23.6,32.6,29.5,22.03,48.16,7.96,520.4,chickpea,red soil
58.3,29.9,31.4,27.79,64.54,6.51,590.8,jowar,red soil
25.4,27.3,27.9,28.93,63.03,7.21,782.9,greengram,alluvial soil
23.2,34.7,25.3,21.8,48.95,6.65,498.0,lentil,alluvial soil
45.6,36.3,34.1,18.89,53.58,6.82,508.5,safflower,black soil
94.4,46.7,54.0,28.79,60.55,7.21,967.4,maize,red soil
70.0,36.0,44.7,24.99,55.8,7.21,551.8,wheat,black soil
1.1,73.8,83.2,42.23,36.58,8.57,2061.6,wheat,laterite soil
108.0,55.3,52.1,27.79,57.72,7.12,636.5,onion,black soil
80.2,57.1,64.6,25.89,42.3,6.58,780.8,pomegranate,black soil
4.2,21.9,42.9,35.76,76.94,4.78,2100.8,soybean,laterite soil
61.0,37.5,46.9,21.11,58.62,7.23,583.6,wheat,alluvial soil
54.0,26.1,36.0,28.94,57.13,6.42,543.7,bajra,alluvial soil
102.8,70.0,85.9,30.35,56.26,7.11,534.2,pomegranate,red soil
107.2,59.6,63.3,20.66,55.01,6.26,663.8,onion,red soil
82.1,42.2,51.6,24.9,68.44,6.71,661.6,onion,alluvial soil
67.7,37.5,55.0,19.24,55.29,6.59,591.7,wheat,alluvial soil
54.8,31.4,34.4,29.53,56.19,6.98,402.3,bajra,alluvial soil
20.7,41.2,30.3,32.92,67.53,6.06,566.7,groundnut,alluvial soil
53.4,20.8,33.3,34.82,41.71,6.66,526.4,bajra,red soil
30.6,30.4,39.3,26.44,51.53,7.26,838.6,pigeonpeas,red soil
22.3,26.9,28.3,25.41,41.57,7.29,489.7,chickpea,black soil
122.0,4.8,90.1,19.32,35.24,7.39,546.5,chickpea,alluvial soil
5.1,31.7,53.3,12.38,29.84,5.36,2091.5,ragi,red soil
28.4,40.1,25.1,33.07,55.55,7.72,657.1,pigeonpeas,red soil
96.1,50.7,48.5,28.16,63.41,6.49,907.9,chilli,red soil
89.5,49.3,69.2,24.24,69.94,6.35,849.1,onion,alluvial soil
40.1,33.3,25.2,32.19,52.97,6.38,548.1,bajra,red soil
39.6,2.0,0.7,26.72,57.74,6.34,1595.3,pomegranate,alluvial soil
59.7,35.6,30.7,29.76,52.51,8.1,668.0,jowar,black soil
97.7,61.5,67.4,33.65,40.99,6.84,730.1,pomegranate,black soil
102.7,47.1,64.9,24.33,64.87,6.68,860.1,tomato,red soil
25.4,28.6,56.6,36.74,67.63,9.37,1188.5,chickpea,red soil
21.1,25.9,17.5,32.39,66.31,6.16,661.5,blackgram,red soil
29.2,30.4,39.4,34.32,53.8,7.35,663.7,pigeonpeas,black soil
55.4,46.0,45.5,23.39,58.92,7.62,664.4,sunflower,black soil
40.7,75.2,35.0,20.23,21.65,6.96,513.7,ragi,laterite soil
105.1,30.1,23.1,14.5,87.56,6.57,224.0,greengram,red soil
104.8,59.6,57.8,18.24,61.88,7.35,818.1,onion,red soil
23.4,25.0,28.8,33.52,55.53,6.53,788.6,blackgram,black soil
100.1,0.2,56.4,30.85,25.86,6.63,2265.9,greengram,red soil
73.5,45.6,56.9,27.64,57.68,5.61,834.8,maize,alluvial soil
85.2,9.5,90.5,36.53,82.6,6.85,1396.7,greengram,black soil
92.4,41.5,54.4,21.97,68.8,6.7,978.9,onion,red soil
58.8,46.3,36.8,29.07,42.45,7.69,610.8,sunflower,alluvial soil
126.2,18.7,46.1,21.9,72.13,4.98,1689.6,bajra,red soil
65.3,18.8,54.7,27.48,28.93,6.5,439.1,wheat,red soil
57.7,42.9,44.0,22.16,59.41,7.58,668.1,sunflower,red soil
79.3,49.9,77.6,10.93,87.03,6.62,1396.9,bajra,alluvial soil
101.0,56.0,82.3,27.96,67.87,6.84,749.8,grapes,black soil
24.6,42.5,36.9,28.32,50.83,6.18,704.3,groundnut,alluvial soil
52.8,30.8,26.8,26.18,50.95,6.02,541.3,bajra,red soil
42.2,38.1,36.5,27.27,47.17,6.64,497.0,jowar,black soil
48.1,39.3,42.1,20.2,42.57,7.14,408.9,safflower,red soil
41.9,41.0,36.2,29.69,63.36,6.71,953.0,soybean,black soil
115.1,63.5,75.2,27.68,64.17,6.87,1337.9,sugarcane,alluvial soil
41.6,33.2,32.8,23.85,64.43,7.18,725.7,soybean,alluvial soil
94.5,64.7,65.9,24.57,72.99,6.58,921.7,tomato,red soil
103.8,61.1,60.9,32.82,69.34,6.78,1832.5,sugarcane,alluvial soil
37.0,75.5,24.8,26.6,56.91,6.17,1894.8,chilli,alluvial soil
22.5,27.9,24.5,25.04,50.16,6.63,546.7,lentil,alluvial soil
19.9,67.7,56.7,28.19,27.47,8.21,1697.2,sunflower,black soil
76.1,36.7,51.1,17.11,53.77,6.01,608.7,wheat,alluvial soil
72.5,40.9,48.7,17.69,69.93,6.08,543.2,wheat,black soil
117.8,68.5,95.0,22.78,56.01,6.91,678.8,grapes,black soil
39.1,36.7,37.9,23.53,67.44,6.55,864.9,soybean,alluvial soil
50.3,52.6,17.5,38.88,46.47,5.59,937.1,chickpea,black soil
54.8,42.5,44.0,24.28,42.93,6.74,508.4,sunflower,alluvial soil
75.4,46.5,41.9,17.88,50.46,6.48,585.2,wheat,black soil
23.5,30.0,20.7,28.94,68.65,6.93,667.4,greengram,alluvial soil
112.0,78.6,69.7,32.5,50.03,8.57,1246.5,jowar,laterite soil
92.7,63.5,75.9,23.86,54.96,7.08,845.2,grapes,red soil
74.0,48.0,62.4,31.06,70.21,6.39,825.7,chilli,black soil
111.3,10.0,9.8,43.47,87.43,7.13,377.4,chickpea,black soil
91.5,50.2,74.9,28.78,59.36,6.92,768.7,grapes,black soil
93.4,36.6,51.5,25.95,71.08,6.36,782.9,chilli,red soil
21.6,30.7,26.0,19.74,58.84,6.6,434.1,lentil,alluvial soil
112.1,64.1,97.5,25.01,59.78,6.81,762.7,grapes,red soil
19.9,32.1,21.2,20.92,50.7,7.12,493.5,lentil,alluvial soil
14.6,26.3,92.4,21.97,82.08,9.22,840.9,bajra,alluvial soil
50.6,26.0,32.5,27.97,47.63,7.02,630.8,bajra,red soil
23.4,35.4,28.0,21.29,54.36,6.61,486.3,chickpea,black soil
35.3,33.1,36.2,28.55,57.26,6.27,696.8,groundnut,alluvial soil
29.4,27.7,26.9,31.89,54.53,6.52,711.2,greengram,black soil
26.9,36.5,39.0,26.97,61.68,6.1,528.7,groundnut,alluvial soil
44.4,28.6,39.7,29.26,60.49,7.83,564.8,jowar,black soil
65.0,35.3,39.8,24.99,55.49,6.78,748.0,sunflower,alluvial soil
21.3,32.0,23.9,27.68,60.5,6.06,496.2,lentil,black soil
30.1,39.9,32.6,33.88,50.83,7.75,804.6,pigeonpeas,black soil
15.0,25.7,24.6,20.09,57.77,6.93,543.7,lentil,alluvial soil
27.9,22.3,22.8,30.41,59.5,7.19,503.4,blackgram,black soil
17.7,25.6,17.5,34.57,51.4,6.73,578.2,blackgram,black soil
64.3,38.5,89.1,43.03,41.79,9.26,821.6,greengram,alluvial soil
17.6,29.4,24.0,25.06,63.11,6.69,588.3,greengram,alluvial soil
111.1,51.1,80.3,20.14,62.5,6.79,648.5,grapes,black soil
101.8,56.7,52.5,25.51,68.42,6.29,943.2,onion,alluvial soil
45.8,38.4,44.2,15.37,47.54,7.72,475.2,safflower,red soil
90.8,59.6,72.5,25.26,43.21,7.33,508.9,pomegranate,black soil
23.9,35.0,21.0,31.25,67.61,7.14,675.8,greengram,alluvial soil
46.1,26.1,35.9,25.25,64.86,8.49,641.9,jowar,red soil
106.4,43.3,92.8,17.54,50.87,6.68,1985.4,ragi,laterite soil
136.2,20.5,98.2,32.39,31.71,5.77,2201.8,safflower,red soil
87.6,63.0,39.8,26.76,37.67,4.84,452.0,pigeonpeas,black soil
48.2,27.7,38.6,31.28,58.13,6.62,556.6,bajra,red soil
125.0,68.6,93.2,13.19,52.73,5.17,693.7,chickpea,black soil
15.8,27.6,22.3,25.67,54.33,7.15,512.8,lentil,alluvial soil
55.3,48.0,86.2,35.53,76.93,8.74,1842.7,chilli,red soil
18.4,31.7,23.8,26.19,56.74,7.19,412.4,lentil,black soil
109.2,57.0,62.7,30.27,58.36,6.51,542.5,pomegranate,black soil
59.9,49.6,39.5,29.44,46.67,7.87,542.3,sunflower,red soil
51.2,43.2,45.4,25.2,43.4,7.01,615.8,sunflower,black soil
59.6,48.8,51.5,20.27,44.05,6.87,785.7,sunflower,black soil
80.9,45.8,51.9,25.09,56.14,6.84,684.8,chilli,red soil
86.8,37.1,48.8,32.43,61.74,7.03,678.8,cotton,black soil
49.2,44.4,40.8,28.26,51.67,7.42,863.7,ragi,laterite soil
53.3,33.1,44.9,23.88,52.0,7.06,597.4,safflower,black soil
102.2,52.2,87.9,32.48,47.35,7.37,594.2,pomegranate,red soil
65.8,50.6,56.1,28.08,51.81,6.65,841.4,cotton,black soil
82.9,50.8,47.8,26.84,55.72,6.24,948.8,maize,red soil
26.1,29.5,28.0,34.15,59.04,6.87,583.6,blackgram,red soil
64.7,43.1,37.1,29.39,53.77,6.47,800.1,ragi,laterite soil
18.0,28.9,22.3,26.3,69.09,7.43,707.5,greengram,alluvial soil
106.0,67.8,87.7,31.14,73.75,6.71,1247.7,sugarcane,black soil
91.1,44.1,63.7,23.47,67.98,6.55,943.4,onion,black soil
85.7,51.4,60.9,22.5,67.92,6.82,840.3,onion,alluvial soil
10.7,21.6,84.2,17.23,77.63,7.07,2463.5,greengram,alluvial soil
96.3,59.3,99.7,21.57,64.51,6.55,803.6,grapes,red soil
110.4,64.8,87.7,33.26,70.64,7.07,1392.1,sugarcane,black soil
127.1,68.5,63.5,29.34,75.64,7.38,1495.7,sugarcane,black soil
22.1,31.4,26.6,33.38,53.27,6.8,741.8,greengram,black soil
31.5,44.3,26.4,22.48,64.37,7.64,781.8,pigeonpeas,red soil
6.4,28.5,67.4,37.79,30.99,5.99,1902.1,tomato,laterite soil
24.8,25.1,18.0,27.13,54.02,6.36,577.7,blackgram,black soil
39.8,36.3,35.9,24.2,49.44,7.72,724.5,pigeonpeas,red soil
88.7,57.5,72.6,29.47,56.73,7.01,527.3,pomegranate,black soil
56.8,37.4,48.6,22.67,69.21,6.85,790.5,ragi,red soil
20.2,23.5,25.0,26.02,66.08,7.09,505.5,blackgram,red soil
119.8,23.4,24.8,19.51,32.35,7.96,497.7,pigeonpeas,laterite soil
47.4,38.7,37.1,18.52,54.62,6.71,620.4,safflower,red soil
39.0,25.5,46.8,28.39,65.98,6.1,609.5,groundnut,alluvial soil
62.1,43.4,38.3,27.58,51.58,6.87,584.3,sunflower,alluvial soil
27.3,27.6,21.2,28.35,44.27,6.01,401.3,chickpea,red soil
31.4,31.1,38.1,25.04,73.61,7.05,839.9,soybean,black soil
45.2,28.2,29.1,26.68,50.84,7.17,451.8,bajra,alluvial soil
21.4,26.7,25.9,23.56,49.69,6.46,564.0,lentil,alluvial soil
17.9,27.6,20.2,18.93,53.52,7.46,447.7,lentil,black soil
18.1,32.4,24.3,23.6,47.79,6.28,553.5,lentil,alluvial soil
95.6,67.0,99.6,29.63,51.15,7.5,718.7,grapes,red soil
67.8,31.5,54.6,24.12,41.2,6.92,563.8,sunflower,alluvial soil
15.9,28.7,20.9,33.28,51.06,7.36,629.8,blackgram,red soil
84.4,42.1,46.9,34.91,67.36,6.4,594.6,cotton,red soil
57.7,43.8,37.0,21.04,61.62,7.08,835.6,ragi,laterite soil
53.4,28.8,38.5,28.34,41.99,7.61,519.5,bajra,alluvial soil
139.4,61.1,51.3,40.24,75.88,7.51,1099.9,safflower,laterite soil
106.5,57.4,72.3,20.42,52.33,6.75,679.6,grapes,red soil
129.4,52.6,83.4,32.47,68.03,6.64,1881.2,sugarcane,black soil
84.9,36.8,44.8,25.87,68.28,7.92,740.8,cotton,black soil
86.1,41.2,40.5,32.09,65.53,6.83,935.3,cotton,red soil
50.7,33.4,40.0,22.94,41.58,7.39,455.2,safflower,black soil
17.4,27.9,21.5,27.07,47.07,6.64,464.4,lentil,alluvial soil
15.2,33.5,98.4,34.49,29.08,6.89,1172.1,blackgram,laterite soil
86.1,43.8,53.6,24.11,70.74,6.67,601.9,maize,black soil
55.4,36.6,44.2,18.16,53.97,6.99,408.4,safflower,black soil
29.0,42.8,28.7,22.07,57.89,7.53,794.4,pigeonpeas,black soil
79.3,41.7,52.7,19.59,63.69,7.36,543.1,wheat,alluvial soil
93.9,43.7,54.3,22.44,58.95,6.92,841.9,chilli,red soil
121.2,73.8,14.9,17.02,46.76,7.61,1797.5,wheat,red soil
53.2,39.5,92.7,31.19,64.87,8.77,2473.1,chickpea,red soil
64.6,36.1,40.6,23.35,51.31,7.06,597.8,wheat,alluvial soil
21.7,35.8,21.3,20.44,50.81,6.38,543.4,chickpea,black soil
52.9,26.9,27.2,30.13,43.2,6.33,595.7,bajra,red soil
77.1,44.8,58.5,24.05,64.0,6.05,766.1,chilli,red soil
37.8,31.2,46.1,27.17,64.79,6.82,775.2,groundnut,red soil
54.5,36.2,46.9,21.35,51.56,7.04,662.2,sunflower,black soil
72.9,43.8,64.7,27.59,74.09,6.91,715.6,chilli,black soil
34.9,48.5,39.8,22.85,71.93,7.26,972.8,soybean,alluvial soil
0.4,23.6,82.5,15.67,84.74,5.6,813.2,chickpea,laterite soil
59.6,26.5,42.0,29.48,51.69,6.73,554.6,jowar,black soil
43.6,41.9,40.5,27.28,64.15,5.83,965.5,ragi,laterite soil
128.3,22.4,93.3,37.14,44.46,8.52,1017.0,onion,alluvial soil
56.7,47.6,40.9,21.41,57.05,7.34,644.7,sunflower,alluvial soil
15.9,24.2,28.4,30.13,62.79,7.21,784.3,greengram,alluvial soil
73.2,42.5,54.3,31.49,51.61,6.46,696.6,cotton,black soil
34.0,46.4,44.8,24.93,79.83,7.09,743.6,soybean,black soil
20.1,36.5,41.3,28.77,54.97,6.22,697.4,groundnut,red soil
59.8,27.6,22.1,13.37,76.69,4.57,2446.2,wheat,alluvial soil
121.0,69.4,83.4,28.85,82.92,7.01,1368.9,sugarcane,alluvial soil
33.9,45.8,28.0,27.39,74.07,7.26,787.9,soybean,black soil
24.5,32.6,39.1,30.47,52.42,6.01,745.9,groundnut,alluvial soil
100.6,64.2,65.2,21.85,73.67,6.96,642.1,tomato,alluvial soil
17.7,31.6,17.0,29.51,52.72,6.59,520.1,blackgram,black soil
33.4,15.8,33.4,17.04,66.52,9.35,2172.1,onion,alluvial soil
70.7,39.2,61.3,25.05,61.21,6.28,795.5,chilli,red soil
22.5,38.7,29.8,23.05,53.62,6.15,526.6,chickpea,black soil
16.4,31.4,16.8,33.09,55.87,6.14,501.3,blackgram,black soil
93.6,41.7,59.4,22.09,59.49,7.13,815.4,onion,black soil
48.8,28.5,43.6,24.85,40.77,7.68,434.6,safflower,black soil
119.4,11.8,86.7,37.07,46.0,8.47,2004.3,grapes,alluvial soil
91.5,55.9,68.9,24.95,76.89,6.72,948.9,tomato,alluvial soil
88.3,44.2,51.1,34.21,62.79,6.79,926.4,cotton,red soil
37.2,41.8,38.3,25.81,61.44,6.38,557.7,groundnut,alluvial soil
41.2,39.4,31.8,16.63,39.59,7.18,450.6,safflower,red soil
24.1,30.0,26.6,22.49,54.71,7.06,503.6,lentil,alluvial soil
62.5,47.5,48.1,23.23,41.3,7.22,695.7,sunflower,black soil
32.7,34.8,24.2,29.92,53.8,6.91,415.1,chickpea,black soil
51.8,21.2,30.0,26.25,49.52,6.35,463.0,bajra,alluvial soil
132.5,58.0,84.3,30.12,66.55,7.35,1584.9,sugarcane,alluvial soil
52.8,42.7,40.6,27.26,40.71,6.92,663.7,sunflower,red soil
1.1,57.1,67.9,13.07,91.55,7.22,1028.4,pomegranate,alluvial soil
96.4,47.5,63.1,26.59,60.39,6.65,888.7,onion,red soil
36.0,39.9,27.5,27.47,49.77,6.75,695.2,pigeonpeas,black soil
54.8,42.7,43.7,23.86,58.44,6.59,510.1,sunflower,black soil
111.7,63.0,69.6,22.78,70.42,6.28,616.7,tomato,red soil
26.3,35.5,28.1,22.99,41.44,6.94,554.8,chickpea,black soil
95.2,15.9,7.9,25.03,57.1,4.73,2433.5,sugarcane,laterite soil
83.7,64.4,63.5,26.04,42.7,7.06,648.9,pomegranate,black soil
86.1,53.0,66.7,27.52,71.96,7.17,815.4,onion,black soil
122.8,20.6,33.6,42.33,44.25,8.56,1978.4,lentil,black soil
25.5,26.6,34.0,23.81,43.99,7.83,633.4,chickpea,red soil
105.4,61.5,56.0,21.45,72.26,6.94,697.1,tomato,alluvial soil
55.0,32.5,39.6,20.44,51.28,6.94,442.1,safflower,red soil
62.3,41.5,42.9,16.85,63.2,6.28,645.5,wheat,alluvial soil
77.8,44.7,94.6,43.84,45.7,7.69,581.4,bajra,alluvial soil
16.3,28.4,20.7,33.55,51.24,6.52,669.1,greengram,black soil
109.2,58.6,97.9,24.04,50.82,7.12,755.2,grapes,black soil
29.0,20.9,28.4,33.57,60.82,7.32,708.3,greengram,black soil
24.6,34.5,28.1,19.31,47.99,7.31,549.4,lentil,black soil
26.8,38.9,37.4,25.46,46.56,7.79,841.1,pigeonpeas,red soil
110.4,67.1,33.4,19.07,39.94,4.61,2421.1,tomato,laterite soil
55.3,41.3,44.1,25.59,66.65,6.35,884.1,ragi,laterite soil
38.3,39.4,36.9,30.91,46.81,6.54,680.3,pigeonpeas,red soil
90.9,11.8,78.3,35.96,58.72,6.59,1832.6,chilli,alluvial soil
59.8,29.7,42.8,28.7,57.64,7.53,550.8,jowar,black soil
81.5,1.6,73.5,14.08,81.67,6.2,2321.4,ragi,alluvial soil
41.1,35.5,72.4,32.42,71.92,6.66,232.3,soybean,black soil
37.1,44.1,34.7,27.54,54.09,6.89,565.0,groundnut,alluvial soil
107.2,51.7,71.5,20.0,63.05,6.9,745.9,grapes,black soil
22.8,29.1,28.9,20.93,46.06,7.8,531.1,chickpea,black soil
102.0,55.9,56.9,25.98,63.98,6.57,918.1,tomato,red soil
41.7,22.9,38.1,28.0,46.75,7.84,425.9,bajra,red soil
32.3,39.7,44.6,24.75,72.28,6.23,925.3,soybean,alluvial soil
33.1,36.2,43.2,27.47,78.19,7.03,823.9,soybean,alluvial soil
103.5,57.9,60.0,25.47,73.71,6.71,728.6,tomato,alluvial soil
33.6,36.6,39.6,27.32,51.05,7.29,807.6,pigeonpeas,black soil
118.4,67.5,88.5,28.69,67.79,7.13,816.6,grapes,black soil
39.4,75.6,43.2,30.68,57.83,5.11,306.9,greengram,laterite soil
93.6,57.7,67.7,25.59,56.6,6.31,735.4,onion,red soil
62.8,51.3,42.9,33.42,59.5,6.28,529.5,cotton,red soil
92.6,59.1,94.0,20.54,66.41,6.77,655.6,grapes,red soil
34.7,33.1,26.6,24.89,51.83,7.59,450.2,chickpea,red soil
44.4,29.6,40.8,26.3,46.78,7.35,569.1,jowar,red soil
94.3,52.6,63.8,25.59,66.6,6.52,895.6,maize,red soil
116.7,53.0,95.1,24.85,54.31,6.5,768.2,grapes,black soil
113.8,66.4,82.6,28.32,60.14,6.66,1829.7,sugarcane,black soil
83.3,5.4,39.8,34.68,29.37,8.53,1633.7,maize,red soil
45.6,41.2,41.1,24.49,69.64,6.24,617.4,soybean,black soil
73.4,45.8,48.4,15.95,60.39,7.03,477.0,wheat,black soil
104.2,66.9,14.2,28.84,66.56,5.83,2051.8,chilli,alluvial soil
24.7,42.5,30.7,32.01,53.46,6.88,807.6,groundnut,red soil
21.0,27.7,23.4,20.39,48.01,6.51,428.9,lentil,alluvial soil
96.5,18.0,54.2,34.08,67.45,8.86,756.5,wheat,red soil
20.7,32.7,45.0,25.18,58.52,6.8,644.2,groundnut,alluvial soil
24.6,33.2,29.7,24.52,41.24,7.87,435.8,chickpea,black soil
52.7,31.0,49.2,20.67,59.7,6.74,585.7,sunflower,red soil
81.7,55.5,74.3,34.73,44.4,7.43,642.3,pomegranate,red soil
92.9,58.6,66.4,23.52,76.23,6.17,653.2,tomato,red soil
25.6,29.1,27.5,28.16,64.68,7.34,524.8,greengram,black soil
16.8,31.0,25.8,26.4,59.91,7.04,508.0,lentil,black soil
91.5,56.2,66.2,27.9,66.38,6.18,694.3,tomato,red soil
28.7,42.7,36.7,31.15,62.84,7.88,750.3,pigeonpeas,black soil
58.1,39.8,67.8,19.63,84.01,9.22,2023.3,pigeonpeas,laterite soil
49.6,36.4,30.7,22.46,53.87,6.71,516.3,safflower,red soil
123.3,51.1,82.0,26.88,76.99,7.08,1202.8,sugarcane,alluvial soil
69.9,43.6,48.3,19.27,66.97,6.98,527.7,wheat,alluvial soil
104.8,45.3,72.1,24.66,64.09,6.84,794.5,tomato,red soil
24.3,33.8,27.5,25.43,48.64,6.92,482.9,lentil,black soil
44.8,32.6,35.2,26.57,50.89,7.32,837.9,ragi,red soil
100.6,1.1,22.5,12.37,87.49,4.88,1630.2,bajra,laterite soil
16.1,25.4,15.7,32.39,54.96,6.92,741.7,blackgram,red soil
19.4,26.7,21.7,31.1,51.76,6.55,686.8,blackgram,red soil
35.5,30.4,47.4,25.18,54.38,6.07,808.4,groundnut,red soil
36.6,33.2,37.2,31.06,62.92,7.16,668.0,pigeonpeas,black soil
24.3,27.3,32.7,29.72,54.06,6.3,830.2,groundnut,alluvial soil
103.4,46.5,56.7,20.18,55.23,6.31,898.4,onion,red soil
83.5,41.1,44.0,29.11,50.81,7.03,777.3,cotton,black soil
58.9,37.6,31.0,21.49,50.56,7.1,582.2,safflower,black soil
79.5,41.1,53.0,17.13,51.52,6.41,459.3,wheat,alluvial soil
16.0,20.5,28.3,26.58,50.74,6.57,601.9,blackgram,black soil
23.4,30.8,27.8,18.12,56.57,6.06,463.3,lentil,black soil
63.8,33.1,38.1,25.28,66.24,6.32,622.7,ragi,red soil
111.5,45.4,71.2,22.88,76.65,6.18,688.9,tomato,red soil
33.9,15.8,33.1,12.76,90.35,7.05,532.9,greengram,alluvial soil
61.0,48.4,39.9,25.88,53.37,7.99,682.6,sunflower,alluvial soil
36.3,33.6,30.8,26.7,65.47,6.23,818.6,groundnut,red soil
37.6,26.7,36.7,29.86,53.85,6.5,461.2,bajra,alluvial soil
43.0,32.5,35.9,25.51,64.47,6.6,803.9,soybean,alluvial soil
73.6,37.9,96.4,17.97,60.52,7.27,1538.1,bajra,laterite soil
40.8,24.3,27.8,29.52,46.11,7.09,447.1,bajra,alluvial soil
108.2,55.3,73.5,28.48,45.15,6.54,513.9,pomegranate,black soil
37.6,33.4,35.2,26.63,56.97,7.89,841.5,pigeonpeas,black soil
48.9,21.0,33.8,31.86,53.88,7.06,580.3,bajra,red soil
19.7,32.1,21.1,23.55,60.7,6.91,433.3,lentil,black soil
22.2,34.9,28.1,30.16,56.29,7.0,592.8,greengram,alluvial soil
24.4,27.7,22.6,24.92,47.0,7.32,486.7,lentil,black soil
33.0,58.9,56.2,14.67,92.16,6.48,865.5,soybean,red soil
54.6,4.5,88.5,24.97,31.25,4.56,1391.9,safflower,alluvial soil
89.0,27.0,33.1,41.98,20.19,5.06,631.9,wheat,red soil
131.2,59.4,29.2,19.52,25.85,7.99,228.3,pigeonpeas,alluvial soil
101.4,58.0,65.6,24.72,73.25,7.47,661.1,onion,red soil
50.9,33.0,37.6,27.79,67.27,7.0,880.6,ragi,laterite soil
38.0,18.8,88.4,36.59,61.92,7.14,1296.7,blackgram,red soil
33.3,28.5,41.6,32.09,63.68,7.45,756.5,groundnut,alluvial soil
135.6,69.2,73.3,30.01,68.5,6.64,1842.9,sugarcane,alluvial soil
46.6,66.6,64.3,40.42,52.54,7.99,2433.8,maize,laterite soil
69.0,58.4,16.3,35.93,48.8,5.63,2480.3,cotton,black soil
82.5,2.9,73.8,18.35,83.1,7.9,692.7,grapes,black soil
109.3,49.8,55.8,21.98,72.85,6.36,785.1,tomato,red soil
17.7,26.4,22.2,21.94,48.42,6.08,507.6,lentil,alluvial soil
38.5,41.8,38.1,27.24,60.21,7.31,606.0,groundnut,red soil
19.9,21.9,23.4,30.25,50.7,6.71,589.7,blackgram,black soil
56.1,38.5,49.9,24.96,51.3,6.8,854.6,ragi,laterite soil
71.1,36.2,54.9,23.91,60.47,6.05,482.2,wheat,alluvial soil
80.4,59.4,69.4,34.72,46.09,6.62,751.9,pomegranate,black soil
92.7,2.0,23.9,16.15,73.47,5.92,1610.4,maize,alluvial soil
89.2,62.1,64.5,28.39,49.55,7.14,627.0,pomegranate,black soil
78.4,36.2,54.6,24.24,59.38,6.43,937.1,cotton,black soil
83.0,63.0,29.9,29.1,51.84,5.0,1924.0,cotton,alluvial soil
45.4,28.6,33.7,26.56,63.99,7.4,523.1,jowar,black soil
45.9,40.8,32.9,24.72,62.0,7.28,890.5,soybean,black soil
118.9,67.0,85.0,24.81,58.02,6.65,695.6,grapes,black soil
126.6,8.7,17.7,41.14,44.36,8.83,1177.8,groundnut,black soil
15.2,31.2,22.7,26.34,69.57,7.04,776.7,greengram,alluvial soil
99.4,51.3,56.9,30.53,65.66,6.94,811.8,chilli,black soil
34.4,36.4,25.7,22.18,51.31,7.9,809.8,pigeonpeas,red soil
35.3,39.9,27.0,29.64,52.33,7.62,609.5,pigeonpeas,black soil
27.3,39.6,26.9,21.19,40.59,7.59,434.0,chickpea,red soil
119.0,52.5,45.0,19.91,47.36,6.45,977.4,soybean,alluvial soil
91.9,53.6,64.7,27.94,43.63,6.52,659.8,pomegranate,black soil
20.8,29.4,29.1,25.09,52.75,7.31,562.8,greengram,black soil
17.3,34.3,24.2,23.96,49.19,7.09,409.1,lentil,black soil
101.9,63.8,67.4,31.24,56.99,7.25,543.4,pomegranate,black soil
59.1,37.9,44.4,16.91,54.91,6.89,548.3,safflower,red soil
60.1,30.3,67.7,36.13,86.69,8.22,1073.4,sugarcane,black soil
98.4,55.9,57.4,21.94,56.1,6.15,770.7,onion,red soil
103.3,53.2,76.6,33.48,56.59,6.58,787.3,pomegranate,red soil
75.1,43.9,44.9,21.01,67.61,6.66,480.9,wheat,alluvial soil
33.6,28.5,32.5,23.72,55.42,7.47,433.8,chickpea,red soil
108.2,15.4,79.4,23.31,89.68,6.58,1371.9,safflower,alluvial soil
88.9,41.5,55.3,29.2,60.63,7.92,537.3,cotton,black soil
34.9,40.7,45.0,29.16,60.64,7.4,736.9,groundnut,alluvial soil
129.5,51.3,84.0,28.19,81.21,6.7,1595.0,sugarcane,alluvial soil
66.1,40.5,55.8,30.94,57.97,7.89,981.4,cotton,black soil
50.6,36.6,44.7,26.57,53.84,7.5,765.5,sunflower,red soil
56.3,32.0,47.8,28.46,63.89,5.96,906.8,ragi,laterite soil
68.4,37.4,48.2,25.21,62.45,7.71,555.2,cotton,black soil
40.1,36.8,34.8,16.07,45.19,7.07,447.5,safflower,red soil
91.6,41.5,62.8,28.47,59.83,6.95,782.2,chilli,black soil
106.6,59.6,34.7,18.79,56.01,8.97,2159.9,groundnut,alluvial soil
18.4,31.4,29.8,32.6,59.28,6.33,642.9,blackgram,red soil
22.5,21.6,17.2,25.9,69.84,7.08,695.1,blackgram,red soil
118.7,54.0,81.2,27.25,69.48,7.11,662.4,grapes,black soil
27.0,26.4,20.5,31.07,62.75,6.82,595.7,greengram,alluvial soil
33.0,35.5,32.6,20.42,45.16,7.35,636.7,chickpea,red soil
66.6,44.5,51.2,29.75,57.6,6.95,722.0,sunflower,black soil
30.5,37.0,32.4,24.58,78.09,6.84,704.5,soybean,alluvial soil
21.7,21.0,22.9,31.0,54.29,6.68,655.1,blackgram,black soil
7.7,2.4,57.2,43.16,61.28,5.13,2175.9,pomegranate,black soil
25.2,65.6,85.4,38.95,46.77,9.2,544.0,safflower,black soil
47.2,44.9,42.6,22.29,59.55,6.15,817.4,ragi,red soil
83.2,59.0,65.7,20.19,69.72,7.02,923.9,onion,alluvial soil
25.3,38.3,35.7,32.5,57.98,6.98,745.4,pigeonpeas,red soil
105.0,51.4,60.8,32.48,55.45,7.39,539.3,pomegranate,black soil
61.5,41.8,38.8,21.16,45.11,7.15,700.1,sunflower,black soil
0.9,57.2,71.7,10.94,44.22,8.54,475.9,safflower,red soil
55.6,44.4,39.3,28.86,51.15,6.09,690.4,ragi,red soil
97.8,45.8,66.3,21.95,74.79,6.4,688.8,tomato,alluvial soil
97.3,48.4,72.1,22.01,64.88,6.34,708.4,tomato,alluvial soil
124.0,13.3,90.4,36.26,79.55,8.97,304.2,tomato,laterite soil
55.4,39.1,30.6,20.4,36.63,6.75,553.4,safflower,red soil
76.8,36.6,45.4,23.59,59.63,7.07,637.6,wheat,alluvial soil
12.9,18.8,30.6,43.97,44.82,5.37,1747.8,grapes,laterite soil
76.8,67.2,75.8,10.22,48.84,8.69,608.8,sunflower,alluvial soil
87.2,47.2,51.1,22.12,64.27,6.19,871.1,chilli,black soil
23.2,29.8,20.1,29.51,58.25,6.55,650.4,blackgram,red soil
61.6,44.9,39.0,22.7,65.65,7.04,764.9,ragi,laterite soil
85.3,49.9,61.7,26.46,71.56,7.14,745.6,maize,alluvial soil
132.2,60.5,87.1,29.8,74.32,6.88,1455.0,sugarcane,alluvial soil
35.5,42.3,44.6,25.94,54.63,6.74,863.9,groundnut,red soil
39.4,42.2,36.5,25.89,70.51,6.65,827.2,soybean,black soil
46.7,27.4,34.4,20.85,38.11,7.15,558.0,safflower,red soil
86.7,54.7,60.8,30.55,40.84,7.08,539.7,pomegranate,red soil
86.1,44.8,50.0,28.49,60.48,6.66,952.4,maize,black soil
22.3,34.3,28.5,30.26,50.83,7.41,645.9,blackgram,red soil
37.1,33.4,32.1,32.11,57.88,7.34,845.5,pigeonpeas,red soil
54.2,21.8,30.5,31.26,58.98,7.07,564.8,bajra,red soil
46.5,33.5,30.3,28.3,61.69,7.41,915.9,soybean,alluvial soil
27.8,28.1,21.3,29.79,68.68,6.97,689.0,greengram,black soil
70.5,45.3,54.6,27.44,59.26,6.2,915.4,cotton,red soil
79.5,47.7,46.6,25.72,71.08,7.13,981.5,maize,alluvial soil
27.0,20.0,22.5,27.05,56.77,7.27,793.2,greengram,alluvial soil
23.7,34.3,27.2,24.81,47.32,6.06,587.9,lentil,alluvial soil
57.4,43.7,37.0,21.29,54.48,7.07,718.7,sunflower,red soil
86.0,48.0,51.9,29.59,73.85,6.28,961.9,maize,alluvial soil
56.5,55.6,48.5,44.95,44.04,6.53,1758.2,sunflower,black soil
138.3,50.6,64.7,29.65,84.82,6.8,1771.4,sugarcane,alluvial soil
101.3,7.6,21.8,23.15,87.71,6.79,936.4,pomegranate,alluvial soil
1.3,64.9,16.6,23.58,31.43,5.2,2408.2,pigeonpeas,black soil
12.3,14.5,42.8,25.52,25.0,5.0,1500.1,bajra,laterite soil
93.2,38.2,35.1,28.63,67.98,6.12,1603.0,sunflower,laterite soil
138.2,56.9,2.1,39.43,57.82,7.18,1505.0,sugarcane,red soil
134.8,47.9,88.3,43.98,75.28,5.67,1573.0,bajra,alluvial soil
37.7,44.7,38.2,25.76,53.87,6.78,898.8,groundnut,alluvial soil
92.8,65.9,97.2,21.83,55.09,6.99,881.9,grapes,black soil
91.1,68.6,88.2,31.31,51.0,7.3,514.4,pomegranate,red soil
29.1,34.9,19.3,26.78,69.67,7.44,687.5,blackgram,red soil
96.1,56.2,62.6,26.05,72.21,6.47,611.9,tomato,alluvial soil
71.2,37.5,57.2,31.22,66.43,7.12,968.8,chilli,black soil
59.0,35.3,46.4,25.89,51.66,7.7,602.0,sunflower,black soil
73.9,41.8,43.0,34.19,55.77,6.66,787.0,cotton,red soil
56.3,40.7,36.1,27.87,58.95,7.29,541.7,sunflower,alluvial soil
28.4,30.0,24.7,28.23,50.1,6.5,500.6,greengram,alluvial soil
105.6,53.5,74.1,32.56,70.96,7.39,1611.1,sugarcane,black soil
77.3,67.6,19.8,21.64,57.66,6.02,809.9,grapes,laterite soil
45.5,36.8,42.7,28.53,62.0,6.76,653.1,jowar,black soil
45.6,29.2,31.0,21.01,37.11,7.48,594.7,safflower,red soil
97.5,40.4,57.7,24.31,69.72,6.12,923.3,onion,alluvial soil
11.0,7.5,34.3,30.12,42.79,6.09,511.6,sugarcane,black soil
136.7,57.3,72.9,30.43,67.08,6.6,1699.6,sugarcane,alluvial soil
16.7,26.6,26.8,31.87,51.09,6.89,603.9,greengram,alluvial soil
79.1,41.0,49.3,17.43,62.78,6.89,630.4,wheat,alluvial soil
101.3,42.5,69.5,20.0,65.21,6.63,818.2,onion,red soil
63.6,35.1,44.5,16.1,64.6,6.82,618.4,wheat,alluvial soil
57.3,34.5,51.3,21.28,45.84,7.41,793.9,sunflower,black soil
123.2,43.9,76.4,31.66,74.26,5.12,1087.2,greengram,red soil
72.7,74.7,62.7,37.55,47.88,8.24,1577.5,maize,alluvial soil
38.2,26.9,41.7,29.29,59.14,6.68,541.2,groundnut,red soil
63.4,32.5,44.0,22.68,58.58,6.64,690.3,ragi,laterite soil
64.4,39.7,44.7,19.31,65.26,6.22,613.9,wheat,black soil
33.4,43.4,29.8,25.36,67.91,7.68,752.9,pigeonpeas,black soil
61.2,43.0,48.3,22.18,61.04,6.13,605.2,wheat,alluvial soil
135.2,57.8,84.1,34.69,82.88,7.34,1284.2,sugarcane,alluvial soil
60.0,11.9,27.6,30.14,54.84,5.22,458.4,sunflower,black soil
49.8,27.8,39.8,23.37,46.87,7.22,551.1,safflower,black soil
50.1,44.1,40.8,24.56,42.61,7.25,590.3,sunflower,black soil
92.3,41.5,59.8,25.77,57.55,6.04,957.8,onion,alluvial soil
80.2,51.2,50.1,31.88,60.47,6.77,984.3,chilli,black soil
34.4,33.4,44.5,28.69,61.22,6.46,763.9,soybean,black soil
67.1,47.1,41.3,17.95,68.27,7.31,474.2,wheat,black soil
16.8,30.7,28.5,19.61,51.83,7.08,443.0,lentil,black soil
112.9,61.4,93.0,22.44,50.96,6.66,697.0,grapes,red soil
84.9,30.4,85.6,15.79,49.7,8.42,1635.9,jowar,black soil
88.6,56.5,68.2,28.41,48.96,7.19,771.0,pomegranate,black soil
28.6,33.4,28.5,30.47,68.69,7.09,790.0,greengram,black soil
98.1,74.6,36.8,16.88,44.78,6.58,888.5,safflower,alluvial soil
24.5,31.3,28.2,18.66,62.41,6.46,432.4,lentil,black soil
23.8,27.2,32.2,29.42,48.54,7.69,501.2,chickpea,red soil
112.3,50.5,73.8,22.7,66.98,6.18,749.4,tomato,red soil
53.0,51.4,47.8,12.82,90.85,8.53,2344.7,safflower,laterite soil
47.1,34.6,29.7,24.69,62.13,6.86,862.9,soybean,black soil
19.5,28.2,23.5,33.11,69.16,6.58,516.2,greengram,alluvial soil
37.5,25.1,43.6,31.56,65.18,6.99,884.6,groundnut,red soil
97.7,50.3,58.1,31.39,58.54,6.65,815.5,chilli,black soil
28.6,38.5,30.4,34.4,51.71,6.84,743.2,pigeonpeas,red soil
24.6,22.5,18.8,27.42,68.23,7.25,578.9,blackgram,red soil
24.6,35.0,27.9,19.08,59.41,6.54,434.0,lentil,black soil
48.6,20.5,47.0,21.01,43.98,5.67,1157.6,blackgram,black soil
54.8,39.3,38.9,23.14,56.73,7.06,690.0,sunflower,black soil
98.7,51.6,64.3,28.31,74.11,5.5,642.3,maize,alluvial soil
89.7,54.4,55.4,24.08,59.22,7.49,670.0,cotton,red soil
19.1,25.6,21.5,18.35,58.98,7.05,502.7,lentil,alluvial soil
94.5,54.1,59.9,29.7,62.0,6.51,730.7,maize,red soil
80.5,53.0,51.8,26.29,59.84,7.05,879.5,maize,alluvial soil
30.1,35.5,28.6,25.52,66.3,7.08,851.7,pigeonpeas,black soil
96.5,34.5,0.5,44.38,21.21,8.05,2238.9,onion,red soil
83.0,60.0,89.4,30.13,46.57,7.23,787.2,pomegranate,red soil
63.0,39.7,50.5,19.92,58.19,7.45,563.8,wheat,black soil
100.2,69.4,75.3,23.29,53.66,7.3,754.4,grapes,black soil
51.6,35.6,36.2,20.82,53.6,7.14,455.1,safflower,red soil
15.4,33.3,23.8,22.81,47.7,6.22,443.5,lentil,black soil
56.8,32.6,39.6,24.09,49.39,6.64,573.2,safflower,black soil
67.6,64.0,11.6,12.07,59.56,5.07,2178.8,grapes,black soil
137.3,68.8,78.1,27.81,81.51,7.4,1443.6,sugarcane,alluvial soil
96.3,58.1,79.6,26.91,62.52,7.47,687.3,grapes,black soil
51.5,69.4,37.6,44.76,33.2,8.65,1742.9,blackgram,red soil
39.7,36.6,43.2,22.83,67.72,7.05,625.2,soybean,black soil
22.4,31.0,23.6,26.7,59.0,7.03,718.1,greengram,alluvial soil
99.0,60.3,16.5,34.41,73.24,9.16,839.3,greengram,black soil
16.6,9.5,78.5,11.04,56.78,8.85,809.3,groundnut,red soil
101.9,55.2,68.3,25.22,45.56,6.83,748.0,pomegranate,black soil
105.5,51.7,30.5,43.41,86.6,4.58,403.2,blackgram,alluvial soil
60.7,46.7,53.1,20.49,61.59,6.74,505.1,wheat,black soil
49.9,32.2,40.8,28.8,57.99,5.98,781.8,ragi,red soil
113.0,42.0,66.4,36.12,36.86,5.16,731.4,tomato,laterite soil
57.8,44.1,49.8,29.33,93.37,7.7,1239.4,wheat,red soil
99.6,53.4,84.9,26.97,60.45,6.91,803.8,grapes,black soil
57.4,1.8,4.1,29.05,91.7,8.63,2005.1,groundnut,black soil
44.1,28.4,33.6,34.63,49.08,7.52,510.8,bajra,red soil
105.4,44.1,53.8,18.32,63.13,6.96,926.6,onion,alluvial soil
77.5,39.0,46.7,26.36,57.62,6.38,855.5,cotton,red soil
42.9,41.7,35.2,27.62,71.12,7.37,615.1,soybean,black soil
23.0,25.8,24.6,22.43,58.36,7.94,496.0,chickpea,red soil
26.2,32.1,28.3,28.96,56.55,7.13,786.3,blackgram,black soil
26.1,33.0,25.8,27.59,57.17,7.84,481.1,chickpea,red soil
16.2,29.6,23.1,21.92,56.88,6.12,592.5,lentil,black soil
98.5,58.3,54.3,18.01,63.19,6.58,774.4,onion,alluvial soil
70.3,43.6,63.6,28.54,60.21,6.64,1000.3,jowar,red soil
103.2,16.0,97.3,28.66,79.05,7.86,448.8,sunflower,alluvial soil
46.9,65.7,53.1,11.04,38.17,8.09,1131.8,blackgram,alluvial soil
59.0,20.6,39.9,33.6,55.55,8.8,877.1,sunflower,alluvial soil
92.3,43.6,50.5,28.61,58.91,6.65,754.1,maize,red soil
20.9,53.9,88.5,42.6,49.1,5.91,640.2,soybean,alluvial soil
44.0,26.9,41.1,27.77,51.0,7.61,638.3,jowar,black soil
102.3,57.9,83.3,32.51,41.17,6.56,759.2,pomegranate,black soil
78.1,52.2,46.0,28.53,71.61,7.4,948.0,maize,black soil
46.1,35.9,31.0,26.42,58.13,7.57,466.2,jowar,black soil
95.1,60.7,95.8,22.2,55.6,7.4,685.1,grapes,black soil
35.9,33.7,35.1,22.77,52.62,6.98,719.0,pigeonpeas,red soil
28.9,33.7,25.4,33.52,55.28,6.81,580.0,blackgram,red soil
48.7,29.6,34.1,27.63,57.18,7.86,566.0,jowar,black soil
35.7,37.1,30.8,24.35,47.19,7.6,878.4,pigeonpeas,black soil
134.1,51.5,86.0,27.71,81.97,6.65,1217.6,sugarcane,alluvial soil
51.9,43.3,35.9,25.12,52.37,7.36,609.9,sunflower,black soil
99.1,59.7,86.8,32.06,56.97,7.33,618.6,pomegranate,black soil
58.4,31.7,54.7,27.07,48.46,6.54,699.7,sunflower,alluvial soil
38.7,29.5,36.4,26.17,63.0,7.37,830.0,groundnut,alluvial soil
68.2,0.2,31.0,33.83,43.86,5.23,1402.0,onion,alluvial soil
102.7,65.0,79.5,34.32,55.85,6.76,702.2,pomegranate,black soil
58.4,41.4,41.8,16.8,65.31,7.51,2492.9,sunflower,black soil
35.4,39.8,39.3,29.2,70.07,6.5,615.1,soybean,alluvial soil
102.0,56.0,80.3,32.48,59.27,7.09,734.3,pomegranate,black soil
122.8,54.2,86.6,31.07,64.9,7.34,1292.0,sugarcane,black soil
81.1,7.7,61.3,21.05,84.83,6.43,2481.9,blackgram,alluvial soil
48.2,43.8,36.9,29.31,69.08,6.58,788.2,ragi,laterite soil
138.4,30.3,72.1,13.36,61.77,7.71,210.8,lentil,black soil
53.7,27.4,41.2,28.28,49.71,7.28,703.9,jowar,black soil
24.3,26.3,24.6,20.5,43.59,7.38,542.9,chickpea,black soil
52.7,44.4,45.6,29.19,52.88,6.79,763.6,ragi,laterite soil
32.6,27.9,33.3,23.52,52.83,6.79,638.1,chickpea,red soil
26.6,40.0,32.9,27.12,68.67,6.36,624.6,groundnut,red soil
27.2,37.0,36.9,28.26,52.31,6.56,847.6,pigeonpeas,red soil
72.5,46.0,58.5,29.97,72.53,6.5,872.5,chilli,red soil
42.8,25.0,40.5,23.42,35.09,7.54,466.7,safflower,red soil
126.3,61.8,87.9,28.22,63.22,6.62,1885.8,sugarcane,black soil
66.5,47.1,46.0,19.07,57.88,6.21,612.7,wheat,black soil
34.0,34.0,27.0,24.13,62.52,6.74,989.8,soybean,black soil
121.7,63.6,70.8,31.98,77.82,6.51,1865.0,sugarcane,black soil
84.1,40.1,53.2,25.4,73.73,5.89,694.0,maize,black soil
44.7,47.1,37.6,29.08,76.44,6.26,680.8,soybean,black soil
69.0,35.9,43.5,17.47,60.6,6.42,597.8,wheat,black soil
49.8,38.3,47.3,23.14,59.53,6.89,630.6,ragi,laterite soil
95.0,39.8,46.8,22.52,74.16,6.76,856.2,chilli,red soil
29.0,38.9,26.8,23.78,55.16,6.4,578.4,chickpea,black soil
47.5,24.2,36.8,32.68,51.72,6.03,413.4,bajra,alluvial soil
128.2,15.1,19.6,35.02,85.55,7.34,473.7,groundnut,alluvial soil
54.9,32.8,27.7,33.22,44.0,6.46,509.1,bajra,red soil
21.7,32.0,21.0,26.49,56.4,6.36,517.4,blackgram,red soil
98.1,50.2,98.2,15.65,31.57,6.06,592.4,greengram,alluvial soil
21.6,34.8,20.3,25.69,66.63,7.39,523.0,greengram,black soil
106.8,54.7,90.3,29.34,54.33,7.48,637.3,grapes,black soil
93.9,45.0,58.8,23.84,72.63,6.72,819.5,chilli,red soil
52.3,31.4,37.7,26.98,47.21,6.48,633.9,bajra,red soil
59.4,45.8,54.0,28.03,40.6,6.98,705.8,sunflower,alluvial soil
14.7,50.6,20.6,34.01,77.13,7.47,962.8,sunflower,red soil
117.0,45.4,72.8,27.71,67.54,6.84,628.0,tomato,red soil
98.7,59.7,81.0,33.63,47.08,6.55,662.3,pomegranate,black soil
24.4,25.4,27.9,24.75,42.75,6.88,596.7,chickpea,red soil
92.3,51.2,71.8,27.44,77.05,6.61,869.5,tomato,red soil
44.1,27.2,39.5,18.85,47.66,7.84,568.9,safflower,red soil
95.7,56.4,72.7,27.26,55.79,6.61,595.2,pomegranate,red soil
54.0,39.1,40.4,22.73,59.75,7.47,730.1,sunflower,black soil
20.2,10.8,74.3,44.57,61.98,8.61,305.9,blackgram,alluvial soil
112.0,62.4,96.8,21.65,50.56,6.56,764.0,grapes,black soil
15.7,29.1,21.0,34.01,52.12,6.68,709.2,greengram,black soil
122.2,43.9,19.3,29.35,51.62,6.51,1467.2,soybean,red soil
30.4,31.0,32.3,28.83,60.2,6.79,727.6,pigeonpeas,black soil
31.0,28.1,33.3,28.31,53.16,7.71,430.7,chickpea,red soil
48.3,32.2,39.3,26.73,45.15,7.3,661.9,jowar,black soil
99.9,38.3,92.6,13.63,93.71,4.94,1661.0,soybean,red soil
108.7,65.9,64.2,32.53,54.67,7.29,550.6,pomegranate,red soil
91.9,57.4,67.6,18.89,71.52,6.1,830.5,onion,black soil
14.1,2.6,20.4,27.01,35.64,4.83,1519.0,tomato,red soil
126.6,78.9,78.8,23.68,29.59,6.91,1609.5,ragi,alluvial soil
37.6,40.9,28.5,31.96,69.79,6.52,680.5,pigeonpeas,red soil
93.6,57.4,40.2,43.84,41.66,6.27,880.3,groundnut,alluvial soil
43.5,37.2,39.1,30.74,64.47,7.0,625.2,jowar,black soil
47.0,43.4,39.2,20.17,59.16,5.89,938.2,ragi,laterite soil
18.9,20.1,21.4,28.58,67.65,7.12,573.5,blackgram,red soil
36.8,42.0,40.2,29.88,64.66,6.56,969.9,soybean,alluvial soil
25.3,39.7,24.6,20.59,45.91,6.6,547.0,chickpea,red soil
57.0,32.8,38.2,26.0,57.43,6.75,642.2,ragi,red soil
127.8,7.1,82.0,35.32,73.15,9.42,1744.6,bajra,red soil
137.3,62.9,38.1,21.74,43.1,7.66,1666.8,wheat,alluvial soil
91.6,67.4,95.8,21.65,53.52,7.38,845.8,grapes,black soil
80.5,0.6,20.7,34.81,78.67,7.0,712.5,ragi,black soil
23.0,31.7,30.0,33.68,54.92,6.57,702.9,blackgram,black soil
100.3,53.5,69.0,26.83,67.42,6.83,659.0,tomato,alluvial soil
48.9,39.7,30.7,20.79,35.72,7.77,566.2,safflower,black soil
102.1,55.3,57.0,26.8,56.07,6.44,671.7,onion,black soil
56.5,38.1,53.6,26.07,46.47,7.82,536.7,sunflower,black soil
36.4,31.7,44.8,32.66,67.74,6.64,524.3,groundnut,red soil
47.1,50.8,20.8,42.6,81.96,6.03,1189.2,maize,red soil
86.0,59.0,49.9,29.44,69.33,6.67,977.4,maize,red soil
70.7,63.0,59.1,29.38,85.72,6.51,1592.6,greengram,red soil
43.9,33.8,36.6,20.49,45.16,7.82,578.7,safflower,black soil
58.4,32.5,54.4,25.65,54.51,7.3,729.5,sunflower,red soil
81.0,39.8,52.4,26.9,60.41,6.04,791.8,chilli,red soil
88.0,31.4,54.4,11.92,54.88,8.08,517.4,maize,red soil
56.0,32.1,36.3,22.22,50.21,7.85,639.4,sunflower,black soil
40.0,28.1,36.6,29.58,46.05,7.3,572.0,jowar,red soil
94.4,64.1,99.8,42.16,54.57,5.5,1467.5,sugarcane,alluvial soil
133.2,51.1,60.4,27.74,74.33,6.52,1896.7,sugarcane,alluvial soil
137.2,55.8,1.0,14.82,26.64,7.16,1762.0,soybean,laterite soil
108.3,54.0,73.4,27.28,82.97,6.59,1402.6,sugarcane,black soil
28.7,33.6,35.7,29.21,57.7,6.58,846.4,pigeonpeas,black soil
19.0,28.9,27.2,22.14,62.81,6.31,518.5,lentil,alluvial soil
67.8,48.7,54.4,22.19,52.4,6.53,602.0,sunflower,alluvial soil
44.3,28.0,35.1,25.94,63.11,7.58,510.5,jowar,red soil
114.2,66.2,82.2,27.81,55.64,6.59,848.2,grapes,red soil
28.6,26.4,24.8,25.67,51.82,6.97,765.2,greengram,alluvial soil
43.6,28.1,81.4,11.31,63.36,8.51,2481.8,tomato,alluvial soil
9.5,77.1,74.3,43.67,32.19,7.12,412.7,wheat,laterite soil
82.3,44.1,54.1,25.43,66.25,6.15,991.6,chilli,black soil
84.6,67.8,14.7,36.85,20.38,8.38,827.8,sugarcane,red soil
20.9,23.2,80.4,21.0,78.26,8.99,911.7,blackgram,laterite soil
1.4,8.0,96.7,30.31,83.64,8.0,2387.3,safflower,black soil
26.6,27.4,28.1,22.3,53.6,7.59,583.2,chickpea,red soil
83.7,52.0,61.2,21.78,71.4,7.26,956.0,maize,black soil
22.1,26.0,25.1,27.11,62.24,7.37,586.5,lentil,alluvial soil
44.9,30.0,41.5,23.15,54.01,6.81,811.6,ragi,red soil
22.3,33.3,29.2,24.58,46.96,6.71,486.8,chickpea,red soil
21.0,40.3,44.1,32.02,62.46,6.11,604.5,groundnut,alluvial soil
55.1,35.1,36.9,17.85,47.57,7.13,436.5,safflower,black soil
121.1,33.9,68.7,32.46,49.68,8.39,1452.3,pigeonpeas,laterite soil
14.0,76.9,75.5,24.54,36.93,8.81,1005.4,maize,laterite soil
68.4,30.7,37.1,29.48,41.55,7.97,559.7,sunflower,black soil
20.4,27.6,25.0,21.14,57.92,6.49,590.4,chickpea,black soil
118.7,67.0,66.6,31.62,71.41,6.94,1280.7,sugarcane,alluvial soil
37.9,32.3,39.6,22.5,67.82,7.49,874.3,soybean,alluvial soil
97.6,58.2,82.6,24.84,51.47,7.43,632.4,grapes,red soil
23.2,37.5,33.8,23.67,50.04,6.74,434.0,chickpea,red soil
38.0,15.5,24.6,32.55,69.08,5.78,1868.0,blackgram,alluvial soil
17.8,34.7,24.2,26.62,58.86,6.95,404.7,lentil,alluvial soil
64.6,73.4,87.2,14.09,84.4,8.34,1508.6,groundnut,laterite soil
119.0,56.7,67.8,20.01,63.22,6.44,980.0,tomato,red soil
57.8,32.6,33.5,27.37,46.51,8.31,520.3,jowar,black soil
107.1,48.0,64.7,20.23,78.56,6.5,908.7,tomato,alluvial soil
67.0,56.8,95.0,44.91,35.8,8.89,683.4,maize,black soil
103.6,54.0,61.6,29.96,44.93,7.41,747.6,pomegranate,black soil
60.9,35.1,37.7,28.14,51.02,5.63,670.3,ragi,laterite soil
67.9,74.7,80.8,27.7,91.96,5.37,988.7,sunflower,alluvial soil
24.7,27.9,28.7,20.45,53.79,7.17,577.9,lentil,alluvial soil
99.3,41.5,56.9,23.25,72.29,6.03,846.6,maize,red soil
21.4,25.3,32.2,28.71,58.88,7.15,481.4,chickpea,red soil
40.0,41.3,46.7,29.32,59.86,7.15,998.4,ragi,red soil
43.0,32.4,28.5,30.18,43.0,7.92,562.5,bajra,red soil
106.6,77.7,77.9,11.18,46.95,7.93,1464.2,blackgram,red soil
70.1,47.2,52.5,15.7,62.11,6.88,463.9,wheat,black soil
39.1,22.5,39.6,29.35,45.98,7.31,422.7,bajra,red soil
88.1,35.2,52.0,25.26,68.94,6.74,923.1,chilli,black soil
82.7,51.1,88.6,32.89,42.65,6.85,545.4,pomegranate,black soil
95.9,56.9,78.9,27.71,65.85,7.07,683.5,grapes,black soil
38.8,52.9,68.1,13.21,20.97,8.88,585.3,jowar,laterite soil
86.1,49.7,46.1,28.9,55.26,6.55,979.2,chilli,black soil
51.9,59.6,13.5,15.96,39.45,5.58,566.2,blackgram,red soil
78.8,38.3,55.4,28.72,59.68,6.87,652.3,cotton,red soil
54.1,40.6,39.4,26.58,53.73,6.71,783.0,ragi,laterite soil
107.9,40.8,63.2,22.54,74.07,6.29,707.9,onion,black soil
98.6,70.4,8.1,26.54,72.08,7.88,1442.2,wheat,laterite soil
39.4,62.4,66.0,31.56,93.07,6.42,1237.7,soybean,red soil
93.6,57.4,58.6,25.68,59.03,7.18,953.0,onion,black soil
106.9,47.3,63.6,26.33,79.67,6.02,984.7,tomato,alluvial soil
101.2,47.7,59.8,21.85,63.83,6.89,858.5,onion,red soil
122.5,55.6,71.6,29.12,71.69,6.68,1406.4,sugarcane,alluvial soil
20.5,6.9,17.7,16.81,75.81,5.87,503.7,chilli,red soil
34.8,27.8,27.2,26.72,46.35,6.38,608.4,chickpea,black soil
34.9,33.1,27.9,32.4,49.03,7.46,671.5,pigeonpeas,black soil
68.9,45.0,41.8,22.26,53.56,7.44,622.0,wheat,alluvial soil
81.0,64.7,67.9,29.13,57.48,7.11,615.1,pomegranate,red soil
35.6,45.0,34.2,26.51,58.69,6.03,528.7,groundnut,alluvial soil
78.9,62.9,76.9,39.03,26.85,9.31,1961.1,jowar,alluvial soil
21.5,28.7,28.4,18.08,49.43,6.7,498.4,lentil,black soil
86.2,37.6,57.9,33.21,64.27,6.25,795.9,cotton,black soil
86.9,58.6,55.3,22.03,59.36,6.11,721.6,maize,black soil
79.9,39.2,40.1,23.08,65.4,6.66,636.2,wheat,black soil
42.1,32.9,48.1,27.14,57.9,7.21,649.3,ragi,laterite soil
25.9,27.6,27.0,28.89,53.71,6.76,655.5,greengram,black soil
67.7,49.5,50.3,25.78,58.76,6.76,676.1,sunflower,red soil
61.1,45.9,53.2,23.53,40.92,6.94,561.5,sunflower,red soil
55.4,43.7,44.8,28.84,41.1,6.91,778.1,sunflower,black soil
35.8,33.0,34.8,27.49,51.15,6.02,827.8,groundnut,alluvial soil
94.6,58.8,56.2,21.35,64.4,6.77,996.6,tomato,alluvial soil
80.8,41.6,65.9,22.39,62.45,7.43,955.3,onion,alluvial soil
99.3,66.2,81.1,24.03,65.97,6.77,732.1,grapes,red soil
23.2,79.2,15.0,28.29,25.79,7.35,2176.2,pigeonpeas,alluvial soil
35.2,78.2,23.3,24.45,67.3,4.89,2478.5,ragi,black soil
55.7,38.0,40.3,20.85,67.67,7.09,901.0,ragi,laterite soil
101.9,72.0,5.4,24.84,50.18,9.35,1316.1,safflower,black soil
31.6,34.7,31.5,29.2,60.71,6.78,721.8,soybean,alluvial soil
56.9,38.2,27.8,40.54,61.32,9.21,294.0,wheat,alluvial soil
82.2,49.9,66.0,20.39,74.66,7.34,646.3,onion,black soil
62.0,41.8,50.8,32.64,50.01,6.12,658.2,cotton,black soil
60.5,21.7,22.2,19.93,68.27,6.5,1428.1,lentil,red soil
50.9,28.9,37.8,26.73,52.44,8.4,594.2,jowar,black soil
54.1,78.2,46.6,13.43,58.81,5.3,586.0,cotton,red soil
15.8,30.2,29.3,19.39,64.47,6.4,426.6,lentil,black soil
20.9,41.8,46.8,26.14,53.36,6.57,832.0,groundnut,alluvial soil
30.4,37.0,41.6,24.67,77.32,6.02,850.5,soybean,black soil
39.1,35.5,39.6,24.01,76.51,7.29,751.6,soybean,black soil
78.6,43.2,62.1,25.31,56.76,6.25,662.5,chilli,black soil
55.4,35.0,41.4,26.28,59.94,7.41,880.6,ragi,red soil
26.8,29.1,27.3,34.35,60.22,6.93,660.1,greengram,black soil
18.6,24.6,19.9,28.15,67.16,7.0,702.6,blackgram,red soil
61.2,41.2,41.6,26.02,53.83,7.08,705.9,sunflower,red soil
53.9,49.5,53.0,26.62,48.1,6.79,725.6,sunflower,red soil
31.5,31.4,41.6,24.84,74.74,6.55,844.2,soybean,alluvial soil
20.7,26.7,29.8,31.71,56.04,7.24,676.9,greengram,alluvial soil
102.8,66.4,71.6,29.38,83.52,4.95,1609.0,cotton,laterite soil
108.6,56.7,78.0,34.31,63.57,7.09,1406.9,sugarcane,black soil
87.0,46.8,63.8,23.25,61.96,7.09,859.1,onion,alluvial soil
108.7,66.3,82.7,25.86,55.3,7.04,677.4,pomegranate,black soil
33.3,30.3,40.8,27.1,63.82,6.01,731.3,soybean,black soil
126.4,15.4,40.0,28.41,69.59,4.85,2248.0,jowar,black soil
116.0,52.4,76.2,25.55,55.36,7.3,856.4,grapes,black soil
116.3,63.3,88.7,24.88,54.85,6.72,671.1,grapes,black soil
107.2,51.1,69.9,25.92,79.12,6.5,1650.3,sugarcane,alluvial soil
82.3,54.3,76.6,29.87,44.78,7.27,713.3,pomegranate,black soil
62.9,41.3,54.3,32.87,50.57,6.09,736.6,cotton,black soil
54.5,34.7,40.2,30.45,57.13,8.34,498.3,jowar,black soil
38.9,63.1,61.5,31.19,43.36,7.01,2469.4,ragi,alluvial soil
116.4,46.0,71.2,23.91,67.47,6.38,810.7,tomato,red soil
35.4,38.4,27.6,30.2,46.87,7.06,633.2,pigeonpeas,red soil
24.4,20.0,21.4,25.98,60.03,6.91,553.4,greengram,black soil
99.8,50.1,82.3,28.93,51.2,6.97,709.1,pomegranate,black soil
12.8,13.8,83.1,27.42,35.26,7.28,1691.9,soybean,red soil
135.3,0.5,38.9,37.88,74.47,7.69,644.0,cotton,red soil
70.1,40.4,53.3,18.97,52.16,7.46,490.4,wheat,black soil
83.7,40.3,54.1,30.61,57.75,6.12,857.2,chilli,red soil
39.3,43.5,36.3,34.12,52.82,7.11,829.0,pigeonpeas,black soil
104.2,44.8,54.7,22.12,68.14,6.27,935.7,onion,red soil
82.4,39.4,41.7,29.73,55.55,6.1,714.4,cotton,red soil
20.9,25.6,21.1,27.59,56.67,7.01,542.4,lentil,alluvial soil
23.8,22.1,18.4,30.33,55.03,6.48,679.5,blackgram,black soil
23.7,31.4,29.1,19.29,54.32,7.37,484.5,lentil,black soil
44.9,29.3,27.3,32.76,57.53,7.58,607.0,bajra,alluvial soil
100.5,64.6,85.4,24.08,62.99,6.64,620.3,grapes,black soil
80.5,40.7,58.4,30.69,68.61,7.81,768.7,cotton,black soil
137.5,60.8,78.7,25.37,61.98,6.96,1911.1,sugarcane,black soil
24.8,30.6,30.7,21.42,55.99,7.33,639.8,chickpea,red soil
139.7,64.1,87.8,34.38,73.79,7.18,1216.2,sugarcane,black soil
34.6,46.3,29.5,40.63,52.61,5.73,1566.5,wheat,black soil
45.7,36.2,42.2,25.73,60.95,7.35,674.3,soybean,black soil
27.9,33.1,17.1,34.03,61.22,6.04,782.1,blackgram,black soil
36.1,66.2,57.4,34.85,23.73,6.4,2472.4,groundnut,black soil
116.6,31.5,76.0,20.34,85.54,6.62,1537.3,greengram,red soil
76.7,40.8,45.4,23.56,63.68,7.39,600.1,wheat,alluvial soil
104.8,55.7,86.8,32.19,54.04,6.77,518.0,pomegranate,red soil
52.1,29.2,37.8,17.37,35.23,7.3,409.6,safflower,red soil
50.9,29.3,34.8,25.99,51.56,7.03,551.0,jowar,black soil
65.4,44.0,46.9,16.51,54.17,6.84,504.2,wheat,black soil
49.6,26.2,33.6,19.1,42.84,6.91,431.8,safflower,black soil
96.3,49.7,64.6,29.08,66.51,6.01,716.1,chilli,red soil
95.5,62.6,88.9,19.65,85.29,7.13,1870.1,tomato,laterite soil
22.9,31.0,28.2,24.95,50.71,6.42,509.0,lentil,black soil
37.6,32.0,37.8,29.7,47.86,7.14,492.2,bajra,alluvial soil
26.3,26.5,33.8,21.04,42.99,7.14,474.1,chickpea,black soil
20.2,33.1,24.5,21.73,54.95,7.12,522.2,lentil,alluvial soil
48.0,20.7,32.4,34.04,57.27,6.47,550.3,bajra,red soil
89.6,48.0,56.0,25.1,62.36,7.06,994.8,chilli,red soil
92.4,27.2,43.6,23.57,82.61,9.36,2292.5,wheat,alluvial soil
47.7,28.6,95.3,38.33,46.38,7.05,1495.2,jowar,alluvial soil
115.9,68.4,84.8,28.59,51.65,7.31,706.3,grapes,red soil
120.2,27.5,46.4,30.48,69.58,7.2,1306.9,greengram,black soil
36.4,27.5,38.3,25.73,59.02,6.66,690.1,groundnut,red soil
125.2,67.7,73.4,18.26,23.67,6.84,851.5,chilli,laterite soil
21.1,25.1,16.7,25.04,69.81,6.69,533.2,blackgram,red soil
54.7,38.4,46.2,22.96,59.99,5.94,720.5,ragi,red soil
45.9,30.6,33.9,29.27,52.62,6.62,703.2,jowar,red soil
74.7,36.4,47.7,25.65,57.79,7.6,636.6,cotton,black soil
117.6,57.3,95.3,23.66,61.93,6.65,863.7,grapes,red soil
89.5,59.6,73.9,34.6,44.78,6.79,712.5,pomegranate,black soil
98.3,70.0,62.0,28.79,59.79,6.8,780.2,pomegranate,red soil
102.2,50.9,67.4,18.36,69.02,7.24,839.5,onion,red soil
93.9,62.2,65.1,25.49,75.75,6.91,865.2,tomato,red soil
54.5,78.1,77.8,34.99,90.73,8.85,1215.1,chickpea,black soil
35.7,36.9,29.2,25.76,75.57,6.37,939.3,soybean,black soil
139.6,13.4,99.6,21.91,37.1,9.25,1007.6,bajra,laterite soil
52.5,30.8,39.6,16.14,54.19,6.88,519.7,safflower,black soil
66.4,37.2,50.0,20.89,55.36,7.98,519.8,sunflower,black soil
34.0,44.2,43.0,25.29,76.97,7.13,932.6,soybean,black soil
36.4,48.9,35.9,26.97,72.61,7.27,615.6,soybean,alluvial soil
113.1,68.3,91.8,28.96,67.88,7.15,758.0,grapes,black soil
58.2,32.1,47.7,27.89,56.82,6.96,921.2,ragi,laterite soil
73.6,37.6,57.1,25.4,60.1,7.24,568.7,cotton,red soil
41.4,38.1,40.1,26.72,53.43,7.36,545.0,jowar,black soil
74.5,42.6,54.9,15.35,57.94,6.48,551.4,wheat,black soil
16.0,57.9,63.1,41.39,56.24,7.3,1461.3,jowar,laterite soil
45.1,37.5,43.2,25.26,66.85,7.37,834.7,soybean,alluvial soil
34.8,36.4,31.1,26.43,55.3,6.73,528.6,chickpea,red soil
29.8,32.0,23.7,25.62,66.32,6.97,730.1,greengram,alluvial soil
58.9,31.3,36.9,25.56,48.18,7.09,682.9,jowar,black soil
89.6,35.4,53.8,30.82,55.87,6.85,701.6,chilli,red soil
66.0,16.7,57.7,41.74,77.18,9.16,910.1,safflower,alluvial soil
54.5,27.1,37.8,25.97,52.55,6.7,700.3,jowar,red soil
86.2,50.6,56.9,25.7,66.48,6.11,944.8,maize,alluvial soil
29.6,27.9,20.3,33.54,69.18,6.41,640.9,blackgram,red soil
24.6,39.0,34.1,25.91,56.6,7.7,445.6,chickpea,black soil
83.9,52.0,58.1,30.74,52.59,6.16,963.0,cotton,red soil
87.6,34.1,63.3,38.13,70.62,7.98,2086.9,cotton,red soil
103.9,52.0,71.3,26.71,74.0,6.69,1266.0,sugarcane,black soil
95.2,41.6,54.8,18.21,61.95,7.15,863.3,onion,red soil
23.2,27.8,20.0,34.54,59.49,6.88,786.4,greengram,black soil
25.2,10.6,82.2,38.98,22.12,5.81,905.1,soybean,red soil
105.1,63.3,82.7,34.57,66.04,6.77,1888.8,sugarcane,alluvial soil
16.7,22.7,28.6,32.09,60.53,6.36,589.7,blackgram,red soil
102.1,55.8,56.9,25.37,55.18,7.23,987.1,onion,red soil
36.9,26.3,45.2,32.0,51.97,7.03,606.7,groundnut,red soil
38.1,74.1,90.4,18.31,30.76,7.71,391.8,pomegranate,alluvial soil
46.4,30.4,41.4,29.32,68.25,6.87,611.3,soybean,alluvial soil
121.8,60.8,61.4,34.59,72.58,6.8,1297.3,sugarcane,black soil
39.4,43.7,41.7,22.89,78.79,7.08,894.5,soybean,black soil
107.4,9.1,24.9,44.53,44.3,8.29,528.4,safflower,laterite soil
122.2,48.8,73.4,37.34,39.36,8.46,2246.3,chickpea,laterite soil
63.4,40.1,44.0,17.27,69.77,7.27,476.5,wheat,black soil
32.8,40.3,25.2,24.56,59.13,7.7,857.7,pigeonpeas,red soil
5.6,26.4,16.5,38.84,75.66,6.21,1676.2,groundnut,black soil
20.9,33.7,38.0,27.51,58.54,7.16,749.5,groundnut,alluvial soil
3.4,29.6,12.5,37.09,59.75,9.49,1904.6,safflower,alluvial soil
62.9,43.6,37.4,20.27,44.0,6.85,676.0,sunflower,alluvial soil
67.8,48.2,39.0,27.72,56.52,6.67,517.2,sunflower,black soil
76.6,56.1,54.4,26.85,68.23,6.02,721.9,maize,alluvial soil
68.7,45.5,51.0,23.06,50.63,7.07,703.7,sunflower,black soil
65.8,30.8,32.2,37.76,47.67,8.7,568.6,maize,alluvial soil
43.7,34.8,39.4,29.0,62.46,7.56,694.0,jowar,black soil
68.2,49.3,49.9,22.15,51.0,6.98,458.9,wheat,alluvial soil
21.6,31.8,21.1,26.5,54.23,6.24,527.3,blackgram,red soil
22.9,31.8,26.8,19.09,52.06,7.4,597.6,lentil,black soil
24.6,24.8,20.5,27.72,51.29,6.96,622.2,blackgram,black soil
21.5,25.4,25.4,27.39,60.23,6.84,632.1,greengram,black soil
26.9,73.5,39.4,34.29,67.04,6.84,1984.2,chilli,alluvial soil
72.3,35.6,43.5,17.46,58.21,7.19,571.7,wheat,alluvial soil
98.6,44.3,63.3,22.81,70.0,6.46,742.8,chilli,red soil
108.9,54.2,69.5,31.94,51.64,7.2,761.2,pomegranate,black soil
24.7,34.7,25.1,27.59,55.76,7.0,484.7,lentil,alluvial soil
93.8,44.4,54.0,22.12,69.42,6.68,922.8,maize,alluvial soil
25.6,36.7,29.6,26.46,48.53,6.19,593.1,chickpea,black soil
34.6,37.3,24.4,23.12,65.82,4.85,892.1,onion,alluvial soil
26.7,28.0,26.3,27.87,50.53,7.01,756.0,greengram,black soil
115.1,64.1,73.3,31.45,81.54,7.02,1814.5,sugarcane,alluvial soil
24.4,31.4,25.8,29.92,51.41,6.71,641.5,greengram,black soil
53.7,74.9,45.9,13.9,53.77,5.75,2004.1,chilli,red soil
33.0,37.7,21.7,21.23,58.29,7.27,407.6,chickpea,red soil
36.9,39.8,25.9,26.85,64.53,7.43,727.0,pigeonpeas,red soil
85.2,66.3,89.3,26.1,55.09,6.54,686.7,pomegranate,black soil
92.8,59.3,74.8,19.59,36.38,8.07,427.9,blackgram,black soil
37.4,33.9,37.5,25.61,52.11,6.83,723.7,pigeonpeas,red soil
44.6,39.1,43.0,22.55,53.72,5.61,747.6,ragi,laterite soil
72.2,46.7,41.4,17.68,53.7,6.84,463.1,wheat,alluvial soil
118.7,63.8,68.1,38.3,79.37,6.52,259.7,greengram,alluvial soil
94.7,44.5,65.0,19.83,69.3,7.19,873.1,onion,alluvial soil
86.9,59.3,71.4,25.36,54.65,7.21,571.5,pomegranate,red soil
120.5,52.1,68.5,25.19,65.05,6.54,1752.0,sugarcane,alluvial soil
28.9,35.7,25.6,25.17,53.54,6.04,539.8,chickpea,black soil
51.2,47.3,55.0,20.92,54.06,7.86,695.4,sunflower,red soil
90.5,48.9,65.0,23.56,60.98,5.85,603.4,maize,black soil
130.2,68.9,64.8,25.77,67.32,6.86,1325.3,sugarcane,black soil
91.5,59.3,46.1,22.29,65.3,5.51,782.3,maize,black soil
117.1,25.9,91.9,31.07,84.01,5.53,2333.9,tomato,laterite soil
98.3,62.9,57.0,22.31,65.24,6.82,878.1,tomato,red soil
116.2,54.7,67.5,28.79,66.33,6.12,831.5,tomato,red soil
20.4,27.1,23.0,21.19,54.5,6.82,441.2,lentil,black soil
26.3,20.8,24.7,33.36,67.46,6.12,783.5,blackgram,black soil
47.5,41.6,46.0,26.9,61.75,6.69,958.4,ragi,laterite soil
30.2,43.4,43.3,32.66,61.42,7.35,643.1,groundnut,alluvial soil
57.6,41.6,50.9,27.69,45.48,7.33,702.1,sunflower,black soil
61.3,46.1,47.6,25.31,55.17,6.72,538.3,cotton,black soil
21.3,32.2,26.9,24.45,42.92,7.72,565.9,chickpea,red soil
37.2,30.7,36.2,27.56,62.1,6.49,762.1,soybean,alluvial soil
93.7,68.2,74.3,28.52,56.24,7.41,870.1,grapes,black soil
53.1,8.2,63.6,41.34,87.02,6.3,580.1,bajra,black soil
104.6,50.4,61.7,20.85,64.25,6.55,977.8,onion,red soil
113.8,54.6,76.0,29.12,65.29,7.13,869.7,grapes,black soil
53.0,34.9,58.5,37.01,94.11,4.55,551.5,safflower,red soil
61.2,12.5,16.3,44.2,20.86,5.03,1069.4,chickpea,laterite soil
30.1,47.8,31.9,27.17,66.53,6.68,611.9,soybean,alluvial soil
26.4,43.6,25.6,24.91,46.72,6.79,658.8,pigeonpeas,red soil
60.6,36.8,36.7,25.66,56.0,6.82,800.5,ragi,red soil
62.9,42.5,84.2,29.94,33.08,5.14,2448.2,pomegranate,laterite soil
65.9,40.0,49.7,28.45,69.77,6.4,600.1,cotton,black soil
103.8,50.8,72.8,28.6,41.35,7.35,533.3,pomegranate,black soil
106.6,50.3,88.1,11.7,65.11,6.29,1976.0,groundnut,alluvial soil
96.4,56.8,60.7,26.12,61.87,6.39,705.3,tomato,alluvial soil
68.0,40.0,55.3,24.0,56.1,6.31,526.8,cotton,red soil
28.7,27.5,44.1,32.09,28.59,6.92,775.6,cotton,red soil
124.2,31.7,92.4,42.81,72.3,7.95,955.4,onion,red soil
40.3,67.4,75.4,15.33,84.16,8.95,1676.8,greengram,black soil
17.0,31.8,27.8,29.35,64.95,7.05,622.8,greengram,black soil
29.5,32.1,35.5,22.48,53.29,7.6,881.7,pigeonpeas,black soil
29.7,28.2,28.6,31.15,65.94,6.5,559.3,greengram,alluvial soil
5.3,38.3,32.0,44.8,75.94,9.24,442.6,tomato,alluvial soil
54.6,59.8,26.3,36.96,36.36,8.45,530.2,maize,black soil
40.1,38.4,48.6,27.29,53.91,7.23,712.3,ragi,laterite soil
86.3,56.3,55.1,20.59,67.72,7.38,976.0,onion,red soil
50.0,39.6,41.4,25.87,57.34,8.07,728.1,jowar,red soil
30.0,32.8,21.2,25.16,59.5,6.23,635.4,chickpea,red soil
106.7,57.0,87.2,30.77,56.59,6.52,623.4,pomegranate,red soil
28.4,42.7,32.9,24.46,48.04,7.5,655.5,pigeonpeas,red soil
40.9,48.8,35.8,25.23,74.12,7.45,767.1,soybean,alluvial soil
89.1,47.8,42.6,25.57,67.03,6.82,979.9,cotton,red soil
25.9,27.6,25.1,28.45,69.84,7.49,503.4,blackgram,black soil
109.6,63.9,78.0,25.69,60.31,7.37,662.1,grapes,black soil
93.9,56.0,55.7,29.33,64.15,6.56,712.8,tomato,red soil
58.0,41.6,42.1,22.51,50.85,6.38,862.3,ragi,red soil
30.4,30.6,29.8,33.36,51.44,7.65,608.4,pigeonpeas,black soil
90.6,43.2,50.5,26.69,62.34,6.08,977.5,chilli,black soil
45.6,30.6,31.2,23.67,35.21,6.95,425.7,safflower,red soil
139.3,51.9,75.8,31.26,61.53,6.53,1686.3,sugarcane,alluvial soil
62.5,41.8,51.8,19.79,50.25,6.1,600.2,wheat,alluvial soil
30.2,40.4,38.0,27.45,71.34,6.14,852.4,soybean,alluvial soil
69.0,35.2,46.4,23.22,43.37,7.77,658.8,sunflower,red soil
47.7,60.9,50.4,37.51,69.0,6.43,294.0,maize,black soil
94.3,50.6,51.7,26.02,65.16,6.92,740.6,onion,alluvial soil
47.7,32.4,38.4,25.6,62.81,7.21,858.7,soybean,alluvial soil
29.9,35.4,29.5,29.29,56.62,7.16,862.8,pigeonpeas,red soil
35.7,13.6,54.6,19.95,53.9,6.06,327.1,cotton,laterite soil
48.2,35.1,38.6,27.23,66.9,6.45,944.0,ragi,laterite soil
18.3,26.3,28.8,29.58,59.21,6.85,711.9,greengram,black soil
30.6,42.8,35.0,32.6,68.06,6.71,782.0,groundnut,red soil
39.6,38.3,30.3,26.86,68.38,6.74,714.4,groundnut,alluvial soil
107.6,66.2,64.3,31.77,47.34,7.4,709.7,pomegranate,red soil
100.9,54.9,63.1,21.06,57.78,7.18,786.4,onion,black soil
63.3,37.7,45.1,29.05,58.91,7.12,946.0,ragi,laterite soil
34.2,26.6,3.1,13.39,92.22,8.98,1400.7,groundnut,laterite soil
34.3,38.4,32.3,29.0,48.06,7.24,560.9,chickpea,black soil
111.1,66.1,78.9,22.48,56.12,7.44,641.1,grapes,black soil
45.1,35.3,37.0,26.88,61.5,7.3,658.7,jowar,red soil
83.5,41.1,59.9,21.21,66.02,5.76,708.2,maize,alluvial soil
35.5,28.7,39.2,28.68,56.56,7.6,546.3,bajra,alluvial soil
24.7,20.0,15.4,30.27,65.62,6.63,585.9,blackgram,black soil
100.2,69.6,91.1,26.33,67.65,7.41,723.1,grapes,black soil
98.5,64.9,66.2,28.86,63.08,6.46,655.7,tomato,red soil
56.6,25.2,33.8,19.14,53.63,7.97,512.5,safflower,red soil
102.9,54.8,69.6,29.33,76.11,6.24,830.5,tomato,red soil
98.9,45.2,58.8,25.81,65.42,7.42,825.3,onion,red soil
63.0,36.4,41.7,19.88,67.3,7.14,618.5,wheat,black soil
115.0,64.7,64.4,30.51,62.05,7.43,1581.7,sugarcane,black soil
101.4,46.2,73.5,24.29,79.48,6.1,817.7,tomato,red soil
44.9,36.9,40.8,24.8,67.61,6.91,756.1,soybean,black soil
108.6,43.1,53.8,20.42,74.03,7.32,884.6,onion,red soil
113.5,61.1,73.0,28.77,83.86,6.85,1969.0,sugarcane,alluvial soil
59.3,60.7,2.9,24.23,38.88,5.14,953.4,soybean,laterite soil
111.1,63.6,57.4,29.53,70.08,6.52,830.2,tomato,red soil
133.0,52.0,4.3,41.16,71.2,6.37,2314.6,maize,alluvial soil
115.9,59.1,92.4,22.88,62.69,7.23,826.8,grapes,black soil
75.2,51.2,46.5,29.28,50.79,6.08,691.1,cotton,red soil
100.7,55.4,63.2,33.33,40.45,6.9,676.9,pomegranate,red soil
28.9,40.7,36.2,26.54,63.9,6.08,754.1,groundnut,red soil
57.4,47.8,50.7,25.97,46.8,6.85,663.5,sunflower,red soil
36.7,39.7,34.8,30.78,48.92,7.29,772.3,pigeonpeas,red soil
77.3,38.9,47.8,19.35,55.81,7.06,616.0,wheat,alluvial soil
113.7,14.7,83.9,25.84,32.7,5.45,2006.7,tomato,laterite soil
77.2,46.9,49.2,23.28,69.14,6.33,798.5,chilli,red soil
40.7,31.5,27.8,30.26,46.86,7.41,532.8,bajra,red soil
58.6,35.1,30.0,30.24,51.14,7.76,515.1,jowar,red soil
94.0,67.9,71.3,34.08,54.03,7.14,573.4,pomegranate,black soil
28.4,38.3,32.1,34.55,67.05,7.63,719.0,pigeonpeas,red soil
89.9,51.0,51.1,27.41,69.24,6.9,642.2,onion,black soil
24.7,32.5,22.7,27.78,53.46,6.6,641.3,greengram,alluvial soil
35.4,30.8,49.9,28.36,64.49,6.29,616.2,groundnut,red soil
69.0,66.8,82.6,28.32,47.89,5.17,1528.7,pigeonpeas,alluvial soil
30.4,34.6,32.6,20.93,47.03,7.35,426.6,chickpea,red soil
115.4,54.1,82.4,25.2,66.03,7.09,732.4,grapes,black soil
117.2,61.4,71.5,23.22,61.27,6.99,653.6,grapes,red soil
101.2,49.1,67.9,20.62,75.18,6.93,743.0,tomato,red soil
111.2,77.7,7.8,40.08,59.71,6.94,506.2,onion,alluvial soil
34.0,31.7,36.8,28.93,62.07,6.97,827.3,soybean,black soil
52.9,34.0,31.0,29.38,50.28,7.96,453.0,jowar,black soil
139.1,62.8,62.5,34.69,83.84,6.85,1969.6,sugarcane,black soil
91.6,57.0,68.6,29.43,67.17,6.52,824.0,tomato,alluvial soil
42.7,35.9,40.3,20.49,57.27,5.54,996.9,ragi,red soil
24.5,26.6,25.2,24.51,54.08,7.0,518.9,lentil,alluvial soil
98.6,53.7,61.3,20.35,69.85,6.82,877.8,tomato,red soil
117.9,39.6,47.2,17.24,55.3,9.13,419.3,sugarcane,red soil
73.2,48.3,53.1,21.64,60.87,6.56,606.6,wheat,black soil
87.9,8.9,94.6,41.32,35.82,8.63,1761.6,cotton,laterite soil
43.5,36.7,38.3,25.68,72.21,6.36,995.3,soybean,black soil
109.4,43.4,62.1,21.46,72.71,6.14,680.7,onion,alluvial soil
60.9,5.5,71.2,25.12,62.4,7.45,1787.8,tomato,laterite soil
109.3,60.9,69.4,32.43,45.48,7.23,733.8,pomegranate,black soil
27.5,20.2,29.0,25.02,69.55,6.95,513.3,greengram,black soil
47.0,25.8,29.1,26.24,55.12,6.18,496.3,bajra,red soil
45.9,38.5,39.0,28.58,72.28,7.09,918.2,soybean,alluvial soil
35.0,41.0,50.8,13.6,34.42,8.54,1103.1,groundnut,black soil
31.8,47.1,36.7,26.45,63.09,7.15,646.8,soybean,alluvial soil
16.3,27.4,21.2,34.06,60.12,7.44,794.4,greengram,alluvial soil
116.6,52.6,77.4,23.2,65.71,6.72,689.8,grapes,red soil
81.7,42.4,64.6,25.29,65.12,7.1,909.9,onion,black soil
75.0,39.8,48.5,32.1,67.76,7.81,885.0,cotton,red soil
41.5,28.5,32.1,29.11,43.63,6.19,541.5,bajra,red soil
106.3,59.5,60.2,32.5,81.34,7.2,1882.1,sugarcane,alluvial soil
31.1,38.3,20.1,24.31,42.69,7.49,541.5,chickpea,red soil
30.4,30.4,23.5,21.8,53.65,7.49,477.0,chickpea,red soil
83.2,44.5,47.2,25.87,74.05,6.32,956.9,maize,black soil
15.0,32.3,26.9,33.68,58.78,6.3,687.4,blackgram,black soil
82.8,43.0,25.8,39.31,70.94,5.28,2246.1,jowar,laterite soil
117.1,50.7,63.5,34.77,61.94,6.92,1413.7,sugarcane,black soil
59.4,41.8,41.1,21.73,50.07,7.94,709.5,sunflower,alluvial soil
29.0,27.7,16.1,33.18,50.25,6.2,521.1,blackgram,black soil
89.5,43.9,55.9,21.89,64.36,7.03,722.8,maize,red soil
60.4,40.1,53.2,24.87,59.07,7.46,761.5,cotton,black soil
9.8,1.7,26.6,17.34,75.27,7.84,2319.0,cotton,red soil
39.0,34.1,27.9,24.43,48.95,7.0,864.1,pigeonpeas,red soil
58.4,64.2,45.8,28.75,27.72,8.62,239.8,chickpea,black soil
60.5,46.0,57.6,25.69,67.4,7.19,722.8,cotton,black soil
43.4,35.1,4.4,15.44,75.99,7.13,2112.0,ragi,alluvial soil
116.8,70.0,78.4,34.58,82.51,7.5,1933.4,sugarcane,alluvial soil
104.6,60.9,8.5,18.78,74.64,6.03,921.5,ragi,alluvial soil
53.7,44.5,37.2,28.4,56.95,6.67,645.7,sunflower,red soil
110.5,55.0,74.3,29.93,73.35,6.77,1480.3,sugarcane,alluvial soil
38.8,35.4,32.6,27.44,72.41,7.47,664.8,soybean,alluvial soil
33.0,29.1,22.4,28.5,40.5,6.31,470.3,chickpea,red soil
97.4,47.7,52.5,18.92,73.38,6.67,804.3,onion,red soil
46.4,37.4,34.5,27.14,61.85,6.56,616.3,jowar,red soil
104.1,45.2,63.0,28.54,50.73,5.47,1146.7,grapes,black soil
34.2,36.2,39.6,33.71,54.84,7.46,830.6,pigeonpeas,black soil
19.4,20.4,23.3,33.84,68.13,6.86,762.9,greengram,alluvial soil
42.2,23.8,33.1,27.79,42.72,7.17,534.1,bajra,red soil
42.6,29.6,38.1,21.56,45.23,7.31,541.4,safflower,black soil
99.5,40.9,54.7,29.69,63.1,6.21,815.3,maize,red soil
53.3,30.7,41.3,25.23,50.19,7.6,480.6,jowar,black soil
12.9,21.1,15.1,16.96,30.44,6.2,1037.0,chilli,red soil
39.4,30.7,30.6,33.66,53.41,6.92,809.2,pigeonpeas,black soil
47.3,72.3,63.6,42.41,76.96,6.26,601.1,grapes,laterite soil
55.9,37.2,44.1,27.28,56.57,7.83,524.5,sunflower,black soil
29.5,43.0,28.5,31.77,60.63,6.97,788.5,pigeonpeas,black soil
123.8,67.3,57.0,22.76,44.37,6.57,1007.3,safflower,black soil
44.5,33.0,32.5,28.0,45.96,8.24,678.3,jowar,red soil
96.6,69.1,64.3,28.3,45.12,6.78,510.5,pomegranate,red soil
29.2,64.7,5.2,43.61,42.33,7.11,1436.7,jowar,red soil
122.4,57.5,82.1,31.74,67.04,7.36,1461.5,sugarcane,black soil
24.0,54.2,45.8,27.29,76.63,8.55,1262.1,tomato,black soil
19.6,27.0,21.1,27.45,58.66,7.36,711.7,greengram,alluvial soil
109.3,52.7,93.2,26.24,59.93,7.3,685.9,grapes,black soil
113.9,55.9,88.9,25.05,68.36,6.89,672.9,grapes,red soil
27.0,20.1,27.2,25.51,57.01,7.14,657.2,greengram,black soil
77.4,35.7,45.5,20.52,66.91,6.5,510.7,wheat,alluvial soil
30.1,30.4,30.3,30.8,52.72,7.3,655.9,pigeonpeas,red soil
105.7,24.7,71.2,35.7,92.95,7.98,377.3,tomato,red soil
109.5,39.3,44.3,33.43,90.8,4.95,1484.6,cotton,alluvial soil
18.9,26.6,25.6,33.79,58.31,7.14,717.1,greengram,black soil
114.3,55.3,88.9,27.54,63.26,7.33,779.3,grapes,black soil
91.0,54.9,72.0,30.67,57.61,7.03,664.7,pomegranate,red soil
13.6,11.4,38.2,27.37,31.73,8.94,1863.1,grapes,red soil
48.7,37.6,33.0,27.34,56.54,6.59,735.7,jowar,red soil
50.7,28.2,28.1,29.72,43.51,6.75,478.3,bajra,alluvial soil
139.2,56.6,93.4,16.6,30.27,9.13,322.9,safflower,black soil
122.3,51.0,81.4,31.38,76.1,6.54,1525.2,sugarcane,black soil
65.9,38.3,56.9,26.01,62.41,7.71,819.0,cotton,red soil
116.9,58.3,67.3,24.8,79.83,6.59,978.3,tomato,red soil
49.3,71.5,47.4,15.85,27.76,5.78,262.7,groundnut,red soil
30.8,31.0,32.2,23.89,46.62,6.64,548.9,chickpea,red soil
60.3,48.6,51.7,15.44,67.63,6.75,475.6,wheat,black soil
46.3,28.0,27.5,34.3,51.41,6.48,554.3,bajra,alluvial soil
27.5,29.4,31.8,22.78,54.41,6.97,534.7,chickpea,black soil
18.3,26.2,27.0,22.97,47.62,6.22,599.3,lentil,alluvial soil
4.1,7.9,9.9,42.28,66.83,9.5,480.3,pomegranate,laterite soil
60.0,36.1,38.7,26.42,53.62,6.63,653.8,sunflower,alluvial soil
28.3,41.0,34.6,23.91,57.15,7.1,724.8,pigeonpeas,red soil
32.9,29.3,23.5,24.68,47.01,7.42,632.8,chickpea,black soil
72.5,46.0,55.5,28.61,53.82,6.55,912.3,cotton,red soil
77.9,48.1,47.5,26.14,69.33,7.29,787.5,maize,alluvial soil
52.9,49.3,46.1,25.46,48.09,6.77,572.6,sunflower,red soil
107.4,54.5,71.4,27.38,49.24,7.02,575.8,pomegranate,black soil
82.6,50.4,62.7,27.46,59.45,6.09,668.7,onion,red soil
29.0,25.1,20.7,21.5,41.79,6.64,542.0,chickpea,red soil
80.2,44.7,55.5,24.56,60.46,7.03,632.9,cotton,red soil
116.0,62.6,62.2,33.17,81.83,6.73,1473.5,sugarcane,alluvial soil
43.0,37.7,40.8,31.09,60.82,7.9,667.3,jowar,black soil
133.8,76.8,79.1,26.79,20.29,5.68,1062.4,ragi,black soil
51.2,34.2,36.5,24.81,53.41,7.64,492.0,safflower,black soil
35.9,12.0,94.5,11.58,91.47,5.4,1184.0,pomegranate,red soil
105.5,59.4,57.1,18.34,71.47,7.24,887.3,onion,alluvial soil
86.5,40.7,46.3,30.54,53.2,7.64,606.0,cotton,red soil
40.0,40.5,42.0,28.62,62.62,6.78,985.0,soybean,alluvial soil
35.3,33.3,33.2,33.27,45.08,7.17,470.0,bajra,red soil
44.7,30.7,39.4,25.85,47.65,6.91,599.9,jowar,black soil
31.2,15.2,37.8,28.16,65.8,5.72,2355.2,wheat,laterite soil
91.4,35.4,52.7,30.38,61.18,6.71,731.7,chilli,black soil
34.7,28.0,27.6,26.45,53.8,6.75,476.9,chickpea,black soil
112.3,65.5,72.0,20.96,59.81,7.24,733.9,grapes,red soil
66.6,44.2,46.3,22.32,60.22,6.08,498.6,wheat,black soil
32.9,30.7,35.8,30.11,66.26,7.85,865.8,pigeonpeas,black soil
110.6,52.1,86.3,31.04,61.81,6.65,1375.1,sugarcane,black soil
57.9,65.7,62.6,40.38,26.04,5.68,575.6,pigeonpeas,black soil
20.6,39.2,31.6,24.14,46.65,7.3,644.1,chickpea,black soil
79.0,46.5,54.5,20.9,65.09,7.41,557.1,wheat,alluvial soil
114.1,64.1,61.5,24.03,65.49,6.2,650.4,tomato,alluvial soil
70.0,36.2,52.7,19.82,60.28,6.98,527.9,wheat,black soil
95.6,8.3,82.8,10.67,37.97,7.97,232.3,safflower,alluvial soil
87.8,57.2,69.8,29.99,58.11,7.03,718.2,pomegranate,red soil
33.8,34.8,38.5,25.26,63.92,6.33,522.4,groundnut,red soil
89.6,9.8,67.6,30.49,63.33,5.46,644.2,grapes,red soil
118.6,65.1,62.8,25.77,36.07,8.01,1821.4,blackgram,black soil
99.9,64.8,79.2,33.54,59.52,6.82,614.2,pomegranate,red soil
79.6,59.3,6.4,28.68,84.21,6.44,2312.4,groundnut,red soil
59.9,37.0,41.4,27.87,61.16,7.42,510.1,jowar,black soil
90.0,57.6,59.8,23.07,59.36,7.03,937.4,onion,alluvial soil
25.5,27.2,26.2,29.95,56.47,7.05,438.0,chickpea,red soil
49.8,25.8,40.0,32.81,53.82,6.0,524.0,bajra,alluvial soil
87.0,65.2,89.6,33.59,47.5,6.65,601.1,pomegranate,black soil
20.3,26.7,22.5,32.27,56.52,6.68,743.2,greengram,black soil
76.3,40.0,51.8,26.17,65.76,7.07,793.0,chilli,red soil
30.5,30.1,28.9,28.47,54.07,6.74,647.7,chickpea,red soil
69.3,44.3,41.8,20.83,61.09,6.4,564.1,wheat,alluvial soil
122.5,40.2,26.3,29.98,73.58,6.34,1908.0,wheat,alluvial soil
23.9,23.7,15.0,27.73,51.42,6.18,514.3,blackgram,black soil
61.4,45.0,49.9,27.69,50.66,6.93,655.4,sunflower,black soil
17.8,33.6,29.2,26.9,55.89,6.67,411.4,lentil,alluvial soil
106.3,53.1,39.4,13.08,57.46,5.54,1801.5,chickpea,red soil
89.5,50.9,57.1,30.93,59.57,6.94,648.0,cotton,black soil
43.5,31.3,32.8,28.85,53.79,7.2,468.6,jowar,black soil
105.3,64.9,81.6,26.76,58.16,6.96,763.1,pomegranate,black soil
46.5,31.1,34.7,30.99,57.63,7.01,666.6,jowar,black soil
32.5,34.1,32.3,24.51,41.88,6.28,615.7,chickpea,black soil
109.5,69.7,97.5,20.87,55.23,7.02,732.1,grapes,red soil
54.5,45.5,46.2,23.6,43.98,7.5,667.5,sunflower,red soil
118.9,62.0,87.1,28.35,61.7,7.27,889.9,grapes,black soil
72.6,35.7,53.4,31.64,52.59,7.24,915.6,cotton,red soil
32.6,25.8,32.5,27.66,58.58,7.89,513.7,chickpea,red soil
94.7,66.0,79.9,22.06,51.57,7.49,684.0,grapes,black soil
26.8,23.4,26.4,25.11,69.08,6.58,706.7,blackgram,black soil
34.0,28.6,44.7,26.75,51.84,6.54,680.2,groundnut,red soil
75.2,41.7,41.5,24.82,64.88,6.84,495.2,wheat,alluvial soil
92.7,53.2,59.9,25.01,64.87,6.31,629.4,tomato,alluvial soil
61.7,39.5,45.1,25.75,55.28,6.32,782.8,cotton,black soil
113.8,50.5,99.9,25.51,69.92,6.77,756.0,grapes,red soil
73.0,44.9,52.6,30.52,55.07,6.97,903.1,chilli,red soil
24.1,24.3,21.5,33.32,63.32,7.46,792.5,greengram,black soil
18.6,27.3,21.0,24.67,55.87,6.2,470.2,lentil,alluvial soil
36.2,39.9,37.3,23.25,61.04,6.89,665.0,soybean,black soil
5.6,79.0,87.2,24.3,91.4,9.32,912.0,sugarcane,red soil
29.1,30.4,30.2,26.26,58.64,7.83,485.2,chickpea,red soil
55.0,45.0,40.2,26.48,55.1,6.37,847.8,ragi,laterite soil
63.9,50.0,44.7,29.76,40.22,7.78,677.4,sunflower,alluvial soil
78.5,53.0,64.2,31.67,55.71,6.74,777.6,chilli,red soil
44.8,33.2,27.3,33.4,47.0,7.99,623.2,bajra,alluvial soil
69.1,36.9,49.9,23.98,59.8,6.76,537.6,sunflower,red soil
102.2,54.9,61.2,21.7,70.45,6.78,758.1,tomato,alluvial soil
45.7,22.2,39.9,26.19,53.7,6.63,453.3,bajra,alluvial soil
27.7,28.1,18.7,26.13,54.23,6.4,782.9,blackgram,red soil
61.7,33.8,46.2,25.05,59.14,6.51,705.0,ragi,laterite soil
35.0,26.4,38.4,33.87,43.0,6.13,505.5,bajra,red soil
28.3,30.4,33.7,29.66,53.77,7.29,412.9,chickpea,black soil
85.0,58.3,61.6,23.93,55.31,5.52,659.0,maize,black soil
110.6,21.5,93.1,13.63,22.57,6.38,591.7,tomato,red soil
26.2,25.4,22.2,28.38,57.44,7.22,687.4,blackgram,black soil
78.5,56.8,52.1,21.71,43.9,7.7,464.8,pigeonpeas,alluvial soil
78.8,42.9,41.5,24.68,67.04,6.82,551.1,cotton,black soil
42.5,5.2,5.5,27.23,78.6,7.32,960.4,cotton,red soil
47.5,26.2,42.1,31.36,50.09,7.47,582.7,jowar,black soil
65.0,45.9,45.5,25.64,53.65,6.27,802.8,cotton,black soil
65.9,36.0,42.4,34.03,26.83,5.19,1876.8,sugarcane,black soil
27.3,36.2,4.5,33.15,63.91,7.39,667.1,grapes,black soil
117.9,63.4,69.5,33.69,72.73,7.19,1995.6,sugarcane,black soil
23.2,49.5,1.1,25.06,40.14,8.34,1075.1,safflower,red soil
35.8,20.2,28.2,29.66,47.33,6.89,566.7,bajra,alluvial soil
57.4,33.7,38.6,22.41,53.18,6.69,527.1,safflower,red soil
90.3,55.1,59.0,20.42,62.97,6.65,972.9,tomato,alluvial soil
89.1,58.7,61.2,29.66,73.73,6.21,687.3,maize,red soil
80.3,42.2,53.9,26.92,61.88,7.66,989.9,cotton,black soil
75.1,52.1,51.2,26.89,53.4,6.4,886.4,cotton,red soil
124.0,65.1,61.0,23.72,79.92,5.89,2047.9,grapes,red soil
32.0,46.7,90.4,18.42,94.4,9.27,2055.7,greengram,laterite soil
83.9,39.7,55.1,32.07,62.84,7.17,762.1,cotton,red soil
86.8,45.1,47.0,22.89,73.89,6.43,990.5,chilli,red soil
129.8,60.7,79.1,33.38,77.79,6.97,1914.4,sugarcane,black soil
32.1,44.8,41.9,22.27,76.48,7.2,632.0,soybean,alluvial soil
32.4,39.5,44.0,23.66,68.62,6.47,821.1,soybean,alluvial soil
60.9,37.5,53.6,20.35,54.47,8.13,2309.3,tomato,red soil
43.6,77.0,30.6,29.18,47.82,6.66,1036.4,maize,red soil
101.0,53.6,71.3,29.05,70.26,6.33,705.5,tomato,red soil
40.7,38.8,30.5,30.06,60.72,6.52,607.1,jowar,black soil
125.5,59.6,90.0,32.73,75.67,6.8,1271.2,sugarcane,alluvial soil
58.7,29.7,51.8,21.26,41.88,9.05,2225.3,tomato,red soil
105.1,42.1,54.1,19.7,68.53,7.44,624.2,onion,alluvial soil
51.3,32.8,41.5,29.93,51.84,6.83,699.6,sunflower,red soil
22.2,27.4,23.2,27.1,49.71,6.98,527.7,lentil,black soil
114.8,63.2,60.5,33.45,80.72,7.19,1443.1,sugarcane,black soil
63.0,42.2,42.5,29.31,64.86,5.98,827.7,ragi,laterite soil
100.7,65.4,66.3,25.41,45.2,6.55,569.1,pomegranate,black soil
71.0,37.5,47.2,30.99,66.28,6.73,828.8,chilli,black soil
28.9,38.4,27.5,24.46,47.73,7.94,684.2,pigeonpeas,black soil
103.0,52.2,78.0,33.08,51.58,6.65,673.7,pomegranate,black soil
133.6,59.6,74.4,34.48,78.73,6.89,1568.5,sugarcane,black soil
24.8,37.4,26.7,22.5,43.3,6.12,607.8,chickpea,red soil
16.6,47.6,92.4,42.18,83.31,6.54,1894.4,chickpea,red soil
123.0,61.2,63.0,19.88,49.58,4.97,1423.6,soybean,alluvial soil
19.0,27.9,20.3,18.63,55.99,6.09,473.4,lentil,alluvial soil
37.1,26.6,36.6,31.57,41.52,6.56,559.3,bajra,alluvial soil
70.5,42.1,50.2,24.74,72.28,7.23,776.4,chilli,black soil
19.1,33.2,29.6,30.17,59.6,6.53,732.3,blackgram,red soil
84.2,64.3,42.5,27.36,24.46,6.19,741.2,cotton,alluvial soil
90.5,46.0,63.7,22.02,73.67,6.42,908.9,onion,alluvial soil
115.1,56.9,92.3,26.7,59.69,6.51,853.7,grapes,black soil
98.0,50.8,66.9,25.3,43.84,6.64,786.9,pomegranate,red soil
66.6,19.8,7.9,35.6,42.89,8.71,1189.6,lentil,red soil
103.5,66.9,67.2,27.07,41.1,6.89,556.6,pomegranate,black soil
46.9,12.3,95.2,18.72,79.25,6.3,1849.9,safflower,black soil
77.6,44.0,59.8,24.5,68.75,7.38,606.7,chilli,red soil
48.5,42.7,43.6,20.22,52.05,7.42,927.6,ragi,laterite soil
99.3,59.1,72.7,34.11,56.78,7.13,504.3,pomegranate,red soil
64.6,49.4,42.9,30.23,63.49,7.09,707.6,cotton,red soil
128.3,70.8,92.2,24.38,38.53,5.88,1281.2,greengram,laterite soil
17.4,21.5,26.5,29.7,54.82,6.52,538.6,blackgram,black soil
84.8,64.3,85.6,30.65,40.77,7.31,679.7,pomegranate,red soil
117.7,61.0,77.7,24.18,51.25,7.28,793.0,grapes,black soil
95.5,57.7,62.5,28.69,62.43,6.11,761.2,maize,black soil
78.7,47.3,52.7,22.14,58.55,6.26,587.8,wheat,black soil
23.0,31.7,26.3,23.64,45.27,6.79,647.5,chickpea,black soil
80.3,43.5,58.7,34.53,61.71,7.27,565.7,cotton,red soil
62.3,58.1,88.8,24.29,55.5,4.95,1936.3,blackgram,laterite soil
59.7,38.6,35.6,16.77,52.21,6.94,614.8,safflower,black soil
126.5,42.5,39.9,26.43,81.3,7.41,1284.4,chilli,red soil
107.5,53.5,55.8,18.84,58.36,6.31,703.6,onion,red soil
139.5,23.0,94.2,15.05,84.39,8.47,225.3,bajra,red soil
91.4,62.6,69.8,30.53,56.48,7.17,512.3,pomegranate,black soil
128.0,32.3,67.7,22.55,32.59,8.46,654.1,pomegranate,red soil
39.2,36.1,43.8,28.83,78.47,7.5,846.5,soybean,black soil
82.4,48.0,48.3,28.98,66.45,6.51,609.7,maize,red soil
18.3,26.1,22.3,21.51,47.01,7.19,424.1,lentil,black soil
25.5,39.9,44.7,43.22,89.2,6.84,1082.0,pigeonpeas,laterite soil
49.1,45.9,36.3,22.67,60.02,6.05,741.5,soybean,alluvial soil
66.1,39.7,45.9,23.27,44.78,7.81,638.0,sunflower,black soil
69.1,22.5,4.1,40.46,48.0,9.3,559.4,cotton,red soil
27.8,25.6,18.9,30.74,56.59,7.49,560.8,blackgram,red soil
36.7,32.4,31.9,30.02,45.28,7.46,858.5,pigeonpeas,red soil
74.0,36.5,85.6,42.49,73.43,4.74,2101.6,pomegranate,laterite soil
95.1,66.4,91.0,29.06,59.08,6.55,819.6,grapes,black soil
26.2,30.7,24.5,25.28,46.75,7.79,514.0,chickpea,black soil
41.3,58.1,24.6,43.07,82.5,6.21,2166.7,safflower,black soil
48.6,26.6,32.4,26.86,47.9,7.36,577.2,jowar,black soil
43.8,25.2,34.7,26.63,44.56,6.72,473.8,bajra,alluvial soil
132.9,1.7,71.2,31.56,37.74,8.66,1293.5,maize,red soil
64.2,30.9,44.9,23.9,59.33,6.47,649.1,ragi,red soil
20.1,38.2,36.0,25.34,65.3,6.77,664.8,groundnut,red soil
87.6,46.9,62.6,24.74,69.27,6.59,679.3,onion,alluvial soil
97.0,54.9,57.2,25.14,72.51,6.7,731.2,maize,red soil
59.1,55.8,8.8,32.48,70.6,7.35,1719.2,sunflower,red soil
81.6,59.6,61.6,25.65,74.88,6.64,838.9,onion,alluvial soil
97.5,61.3,72.3,26.27,73.87,6.58,914.4,tomato,alluvial soil
37.4,40.5,39.7,25.47,64.03,6.96,555.4,groundnut,alluvial soil
36.6,35.3,35.1,33.41,66.85,7.91,691.2,pigeonpeas,black soil
36.4,24.5,34.0,34.39,59.77,6.62,581.7,bajra,alluvial soil
113.7,59.9,60.3,23.99,76.89,6.77,876.3,tomato,red soil
16.4,14.2,89.6,20.27,82.02,7.45,1487.6,pomegranate,red soil
96.4,67.3,70.1,24.13,56.08,7.13,825.1,grapes,black soil
32.1,35.7,38.5,31.84,49.36,6.98,654.0,pigeonpeas,black soil
137.2,33.8,48.9,34.47,35.02,5.41,1447.9,sugarcane,black soil
89.9,29.1,89.7,24.07,77.4,9.03,2230.5,maize,laterite soil
37.7,44.9,28.6,25.87,54.97,7.77,705.8,pigeonpeas,red soil
15.5,34.0,24.1,29.74,55.71,7.43,552.3,greengram,black soil
92.4,49.1,68.9,18.02,66.84,7.33,645.7,onion,red soil
133.5,58.6,8.9,18.59,29.38,5.18,997.8,ragi,black soil
33.2,31.5,34.1,23.89,49.27,6.62,412.0,chickpea,black soil
54.5,33.8,34.0,16.75,38.86,7.5,405.9,safflower,red soil
24.9,29.8,21.6,26.5,65.43,6.57,516.7,greengram,black soil
29.0,31.0,21.8,34.42,57.0,6.71,688.5,greengram,black soil
41.9,28.7,40.4,22.79,47.3,7.09,468.6,safflower,black soil
98.8,56.4,83.0,25.2,78.2,5.24,2415.4,sunflower,laterite soil
16.8,25.7,28.0,32.69,68.96,6.95,697.5,greengram,alluvial soil
114.6,66.3,81.4,33.95,65.45,7.49,1439.5,sugarcane,black soil
29.7,26.4,25.6,34.44,68.65,7.26,613.1,greengram,alluvial soil
98.9,12.3,31.0,10.93,37.9,7.37,1712.5,jowar,black soil
76.7,46.2,48.3,25.46,69.88,6.21,794.5,maize,black soil
45.8,26.4,37.8,25.62,45.59,8.03,671.0,jowar,black soil
30.9,2.9,33.3,39.04,35.45,5.98,1935.4,pigeonpeas,laterite soil
101.3,49.4,55.6,21.69,64.73,7.03,841.5,onion,red soil
64.0,36.5,44.4,33.01,67.03,7.73,715.7,cotton,black soil
50.5,52.0,53.8,38.37,78.3,5.09,1238.2,onion,alluvial soil
22.0,29.9,24.9,22.11,53.68,6.04,503.2,lentil,black soil
83.0,77.2,54.9,18.88,28.06,5.8,262.9,wheat,alluvial soil
105.9,14.9,59.6,27.9,29.27,6.17,1981.5,soybean,laterite soil
102.6,41.4,64.6,19.25,67.12,6.62,714.9,onion,red soil
33.5,44.4,33.8,29.36,64.19,6.67,835.0,soybean,alluvial soil
29.3,34.2,46.6,25.29,52.98,6.89,874.3,groundnut,alluvial soil
100.4,55.0,72.8,27.45,79.7,6.15,961.0,tomato,alluvial soil
51.6,31.8,46.0,28.52,53.13,6.19,753.6,ragi,red soil
93.1,59.0,68.8,29.96,53.06,6.75,764.1,pomegranate,red soil
87.5,51.3,53.1,21.58,70.53,5.7,696.2,maize,alluvial soil
69.0,39.7,50.5,31.75,56.9,7.01,684.5,cotton,red soil
30.2,42.4,41.3,22.54,69.75,6.88,692.0,soybean,alluvial soil
92.5,30.6,34.9,14.02,35.78,7.09,403.6,sunflower,laterite soil
64.7,33.7,47.9,21.36,45.17,7.73,604.1,sunflower,black soil
100.4,41.1,16.4,32.04,55.83,7.13,1778.6,chickpea,laterite soil
75.6,56.5,49.1,43.9,65.36,8.29,1719.0,cotton,red soil
112.0,52.1,71.6,24.75,69.22,7.44,759.1,grapes,red soil
31.8,31.0,29.8,27.29,67.42,6.23,725.2,soybean,alluvial soil
73.5,40.5,64.5,38.06,72.41,9.26,1745.0,groundnut,red soil
21.8,32.2,24.9,21.27,57.48,6.51,534.8,lentil,alluvial soil
45.3,31.2,39.2,28.46,52.77,7.08,619.1,jowar,red soil
17.4,5.5,18.4,18.39,63.68,7.67,1572.6,bajra,black soil
109.4,45.0,69.0,15.28,78.07,7.15,744.5,groundnut,alluvial soil
40.6,41.8,68.9,35.4,44.32,6.76,938.9,sunflower,laterite soil
81.6,74.1,28.0,30.61,28.27,9.41,1512.7,sugarcane,alluvial soil
17.2,29.5,28.6,21.05,63.06,6.5,577.6,lentil,black soil
78.8,42.2,40.3,22.28,59.37,6.91,646.2,wheat,alluvial soil
34.5,34.1,41.7,32.74,52.48,7.18,733.5,groundnut,red soil
23.1,22.5,26.2,33.4,51.87,6.53,702.8,greengram,alluvial soil
38.1,34.8,34.1,28.64,62.6,7.56,704.5,pigeonpeas,red soil
61.8,35.4,53.8,24.0,69.84,6.71,588.3,wheat,black soil
91.2,34.7,96.4,12.68,64.88,4.62,617.2,maize,red soil
60.5,45.1,45.9,24.04,59.75,6.84,640.8,wheat,black soil
38.0,35.6,29.2,28.6,57.2,6.65,602.5,pigeonpeas,red soil
11.6,26.7,0.1,20.8,57.86,4.66,1619.1,soybean,alluvial soil
53.7,27.8,27.4,26.82,43.46,6.45,597.2,bajra,red soil
27.5,28.4,68.5,42.73,38.67,6.23,2115.5,grapes,alluvial soil
78.5,51.9,46.8,31.33,67.38,6.81,728.6,cotton,black soil
83.0,58.6,57.5,27.06,66.18,6.81,854.9,maize,black soil
27.3,26.1,29.7,34.56,61.3,7.08,718.9,greengram,black soil
21.2,29.5,29.4,21.79,51.75,6.65,505.1,lentil,alluvial soil
99.3,52.7,53.5,23.56,59.47,6.91,829.2,chilli,red soil
42.2,36.3,38.2,27.67,69.4,6.77,676.3,ragi,laterite soil
42.3,30.4,39.7,34.46,48.81,7.0,449.5,bajra,alluvial soil
103.0,66.6,67.9,34.16,59.09,7.47,598.9,pomegranate,red soil
23.5,17.3,87.6,30.36,66.72,7.23,1942.2,pigeonpeas,black soil
33.4,38.1,35.4,34.4,59.41,6.52,604.1,pigeonpeas,black soil
94.6,60.9,55.7,26.4,72.98,6.79,648.0,tomato,alluvial soil
74.2,10.3,17.8,38.9,46.64,8.3,1903.9,grapes,black soil
57.8,41.6,35.9,27.33,47.9,6.86,637.7,sunflower,black soil
65.5,38.8,67.4,13.74,36.63,7.44,853.9,onion,laterite soil
106.1,30.2,67.0,37.56,75.38,5.39,1908.4,lentil,alluvial soil
16.2,25.6,26.6,19.75,60.86,6.9,418.8,lentil,alluvial soil
48.1,33.2,44.4,23.73,54.08,7.23,577.7,safflower,black soil
50.8,41.6,40.2,25.39,57.82,5.94,726.1,ragi,red soil
92.5,59.5,55.8,14.39,53.5,7.95,697.3,chickpea,alluvial soil
44.2,33.7,29.6,22.54,78.86,7.29,636.9,soybean,black soil
52.6,41.2,41.3,22.76,65.67,6.45,884.5,ragi,red soil
63.4,47.5,49.7,21.91,60.21,6.56,556.1,wheat,black soil
78.4,36.4,54.0,21.44,50.95,7.12,648.2,wheat,alluvial soil
16.1,25.2,24.4,26.15,48.6,6.29,529.1,lentil,black soil
24.1,29.4,20.3,23.07,62.58,6.62,409.6,lentil,black soil
107.6,57.5,71.5,30.27,63.28,6.89,1385.2,sugarcane,alluvial soil
71.5,57.3,52.1,29.95,64.19,6.98,996.3,maize,red soil
39.2,40.8,39.0,26.2,76.85,6.59,801.9,soybean,black soil
31.8,35.3,26.3,31.56,45.0,7.43,876.0,pigeonpeas,black soil
20.1,37.3,32.9,26.04,52.02,6.71,495.4,chickpea,red soil
18.1,20.7,24.5,31.63,62.72,6.52,507.3,greengram,alluvial soil
55.8,72.2,23.2,18.21,90.59,6.91,1100.7,blackgram,red soil
40.1,60.6,70.9,15.36,49.02,6.57,333.8,lentil,black soil
98.3,40.4,62.9,31.77,62.02,6.33,675.4,chilli,red soil
118.9,56.9,71.5,32.19,76.48,7.33,1246.3,sugarcane,alluvial soil
74.9,52.4,56.8,28.87,73.86,7.22,896.1,maize,black soil
104.7,69.7,82.4,22.3,69.05,6.88,625.2,grapes,black soil
29.2,28.3,27.5,12.0,56.86,5.43,1616.3,cotton,black soil
48.0,32.4,32.4,28.38,66.47,7.04,697.2,soybean,alluvial soil
72.2,41.2,44.5,33.69,65.96,6.29,933.9,cotton,red soil
95.9,67.1,90.0,31.61,44.09,7.18,626.9,pomegranate,red soil
23.8,30.8,46.5,27.32,66.45,6.43,706.1,groundnut,alluvial soil
58.1,46.7,39.4,43.32,47.25,4.89,1927.5,safflower,laterite soil
86.0,25.7,59.5,25.63,28.76,5.85,1589.8,sunflower,alluvial soil
85.6,70.0,31.5,10.49,38.35,5.22,1231.8,bajra,black soil
62.3,36.8,44.4,26.71,63.38,6.61,802.6,ragi,red soil
111.6,66.7,62.0,31.05,79.67,6.82,1575.5,sugarcane,alluvial soil
38.1,38.1,39.3,23.64,60.0,7.0,793.2,pigeonpeas,red soil
20.4,34.4,23.7,27.98,61.19,6.53,612.6,greengram,alluvial soil
57.9,38.2,50.5,22.53,42.28,7.39,749.6,sunflower,black soil
99.8,43.6,55.9,16.48,58.8,8.69,788.4,jowar,laterite soil
87.0,52.0,84.6,26.19,53.68,7.34,773.1,pomegranate,red soil
44.9,27.0,33.2,21.72,54.99,7.89,495.8,safflower,red soil
49.1,30.4,44.8,23.4,35.84,7.8,623.0,safflower,black soil
50.4,55.6,2.1,36.37,94.81,8.82,2114.1,onion,black soil
93.7,60.8,62.2,22.73,77.64,6.26,898.6,tomato,alluvial soil
129.4,61.3,97.1,43.74,37.67,7.45,2064.7,groundnut,laterite soil
98.4,50.5,58.6,27.64,66.55,6.05,967.5,chilli,black soil
103.2,56.2,62.3,28.0,61.12,6.67,914.6,tomato,red soil
52.6,29.2,25.5,27.27,53.53,6.32,631.6,bajra,alluvial soil
56.4,35.0,34.6,34.58,82.58,6.48,338.9,tomato,laterite soil
30.7,37.3,30.5,22.96,46.48,7.24,661.1,pigeonpeas,red soil
100.4,58.7,68.1,24.8,79.73,6.87,698.8,tomato,alluvial soil
58.7,36.9,65.2,25.62,89.61,9.26,1930.0,greengram,laterite soil
137.1,64.7,2.3,29.12,23.35,8.94,2393.0,sunflower,laterite soil
30.4,38.5,38.5,25.52,47.19,7.86,733.2,pigeonpeas,black soil
34.9,25.2,21.6,21.08,45.11,7.8,524.4,chickpea,red soil
70.8,76.9,69.5,16.71,54.36,6.0,1987.5,safflower,red soil
81.6,48.1,29.7,24.52,65.31,5.36,1750.7,chilli,black soil
25.6,37.5,36.4,25.29,46.74,7.48,642.2,pigeonpeas,black soil
128.9,73.4,26.1,44.86,72.18,7.89,286.3,greengram,laterite soil
22.9,30.5,27.9,19.91,64.51,6.94,410.2,lentil,alluvial soil
81.6,63.4,66.4,27.07,49.9,6.59,560.7,pomegranate,black soil
19.9,21.1,27.5,26.35,64.35,6.87,703.2,greengram,alluvial soil
83.6,53.8,62.5,23.49,59.07,7.18,806.7,chilli,red soil
99.4,62.2,69.9,27.79,65.51,6.67,856.5,tomato,alluvial soil
127.5,37.3,32.1,21.83,45.63,4.91,847.4,grapes,alluvial soil
98.4,49.7,55.8,18.68,63.3,6.71,630.9,onion,black soil
58.5,44.8,40.8,20.26,48.99,6.98,611.8,sunflower,red soil
72.8,45.3,49.3,23.44,56.32,6.06,468.3,wheat,black soil
17.8,31.5,28.9,31.01,63.05,6.96,794.5,blackgram,red soil
119.5,53.4,60.8,23.95,78.96,6.13,909.4,tomato,alluvial soil
100.4,47.9,64.3,26.51,64.14,6.72,992.8,tomato,alluvial soil
62.9,44.4,46.0,25.45,58.07,6.47,742.2,ragi,red soil
127.6,58.2,85.6,33.75,62.95,6.72,1933.7,sugarcane,alluvial soil
117.1,54.3,89.4,23.93,56.69,6.52,650.5,grapes,black soil
21.0,33.3,20.2,21.2,45.42,7.16,521.3,chickpea,red soil
21.8,27.5,28.2,31.59,53.68,6.76,558.2,blackgram,red soil
85.3,43.1,58.7,24.82,67.1,6.05,864.4,maize,alluvial soil
34.8,36.5,25.0,31.59,53.96,6.74,702.9,pigeonpeas,black soil
103.0,51.0,64.3,28.55,76.44,6.43,654.5,tomato,alluvial soil
98.6,60.1,55.4,26.93,67.39,6.77,958.4,tomato,alluvial soil
76.8,49.0,60.1,22.55,58.34,6.39,987.3,maize,alluvial soil
43.0,28.2,40.6,23.57,49.17,6.84,576.0,safflower,red soil
91.0,51.1,59.8,29.7,73.84,6.85,975.9,tomato,red soil
101.1,55.7,58.8,29.89,65.6,6.66,991.5,tomato,red soil
25.6,26.2,29.9,27.9,51.23,7.12,519.8,blackgram,red soil
97.1,41.8,49.9,24.83,67.34,6.06,667.3,maize,red soil
43.8,24.3,98.1,29.55,46.01,9.02,818.8,pigeonpeas,laterite soil
55.3,36.6,49.1,23.0,62.64,6.86,727.9,ragi,laterite soil
35.8,32.8,29.1,24.52,66.28,7.3,753.7,soybean,black soil
23.4,39.5,22.9,27.28,49.4,7.56,580.6,chickpea,red soil
65.8,45.4,40.6,19.45,54.4,6.22,573.9,wheat,black soil
23.9,32.2,26.4,31.01,59.58,7.09,749.7,greengram,black soil
99.2,49.5,51.0,22.69,55.49,7.15,782.5,onion,alluvial soil
51.8,36.0,34.4,25.9,63.96,7.56,654.6,jowar,black soil
66.5,36.0,52.8,26.82,55.2,6.99,741.0,sunflower,alluvial soil
23.9,24.0,20.4,34.32,57.63,6.83,681.1,greengram,black soil
89.0,56.6,88.3,26.44,43.89,6.56,694.5,pomegranate,black soil
70.8,41.9,44.2,21.54,67.29,6.91,462.6,wheat,black soil
83.4,66.6,78.8,25.41,50.4,7.43,584.0,pomegranate,red soil
35.8,40.0,27.8,30.06,45.84,7.68,797.7,pigeonpeas,black soil
37.7,36.8,31.1,24.08,70.74,6.23,658.9,soybean,black soil
120.9,64.7,75.2,34.22,84.72,7.28,1554.8,sugarcane,black soil
54.1,27.6,37.7,31.16,49.25,8.12,657.4,jowar,red soil
25.2,34.9,32.7,29.68,58.59,6.75,416.4,chickpea,black soil
115.4,49.0,74.6,22.01,64.08,6.19,602.8,tomato,red soil
31.2,39.9,45.3,27.0,52.72,6.29,806.7,groundnut,red soil
63.9,43.8,42.8,25.4,60.6,7.32,680.5,cotton,red soil
26.9,41.7,25.1,31.26,57.08,7.78,845.0,pigeonpeas,black soil
36.0,38.3,37.1,28.1,60.37,6.94,564.7,groundnut,alluvial soil
93.8,60.9,60.4,29.87,52.38,6.54,699.8,pomegranate,black soil
30.1,27.3,45.1,28.61,51.04,7.19,808.0,groundnut,alluvial soil
51.7,26.3,38.6,18.44,37.16,7.4,583.9,safflower,red soil
74.8,52.2,45.0,31.68,69.81,6.17,551.0,cotton,red soil
114.3,14.3,5.3,17.76,82.38,7.03,2436.8,blackgram,red soil
66.8,43.5,50.5,18.64,51.45,7.12,574.3,wheat,black soil
33.0,39.0,26.5,29.49,57.98,6.92,426.2,chickpea,black soil
35.3,35.6,28.2,22.22,50.42,7.64,646.8,pigeonpeas,red soil
39.0,27.0,38.0,29.17,52.39,6.56,619.8,groundnut,alluvial soil
46.4,26.0,30.1,31.75,59.7,7.73,486.3,bajra,red soil
19.2,28.3,23.9,20.06,45.47,6.13,405.0,lentil,alluvial soil
28.6,27.1,22.3,27.97,68.98,7.43,588.1,greengram,black soil
92.7,52.7,69.9,18.77,69.75,7.38,685.5,onion,black soil
68.9,30.0,36.1,22.04,55.52,6.6,544.9,sunflower,alluvial soil
8.5,3.3,15.8,43.15,73.18,5.53,2249.9,jowar,black soil
114.9,64.4,78.5,29.96,84.8,6.95,1603.5,sugarcane,black soil
112.9,69.8,59.7,29.53,34.88,8.36,2290.1,lentil,alluvial soil
59.0,35.4,35.8,29.26,58.89,6.82,731.2,jowar,red soil
109.7,58.7,50.5,27.37,62.54,6.8,954.1,onion,alluvial soil
71.6,45.0,51.0,29.14,63.35,6.41,788.0,chilli,black soil
61.3,35.8,36.5,25.61,60.06,5.78,829.1,ragi,red soil
16.7,26.4,22.5,21.0,62.33,6.17,476.7,lentil,alluvial soil
70.6,41.1,41.0,24.62,62.79,6.66,566.5,wheat,alluvial soil
105.9,52.9,62.1,21.51,60.03,6.58,679.8,onion,alluvial soil
66.1,6.2,77.9,29.46,81.75,5.9,927.3,chickpea,black soil
69.1,49.0,44.3,26.68,49.99,6.65,749.0,sunflower,black soil
91.2,47.6,64.6,25.42,68.31,5.55,992.9,maize,red soil
126.8,4.5,32.3,40.22,91.31,6.25,1457.6,safflower,red soil
29.7,37.5,24.9,24.23,55.64,7.86,598.7,chickpea,red soil
15.2,27.6,24.4,29.38,60.91,6.82,550.3,greengram,black soil
23.9,34.6,28.3,19.89,64.19,7.11,450.9,lentil,alluvial soil
48.8,45.2,13.1,34.76,72.03,6.29,1151.6,groundnut,alluvial soil
78.8,40.0,62.7,28.62,71.62,6.67,908.7,maize,alluvial soil
57.6,39.3,35.1,28.16,57.27,7.13,627.7,ragi,red soil
48.6,27.0,37.9,29.43,53.32,6.6,441.6,bajra,red soil
87.0,62.6,79.5,34.93,44.65,6.62,796.6,pomegranate,black soil
58.6,34.0,39.9,20.27,47.96,7.91,556.7,safflower,black soil
29.9,25.3,33.9,26.64,69.44,6.24,803.9,groundnut,red soil
19.9,25.8,26.2,28.83,64.58,7.01,548.5,greengram,alluvial soil
99.0,71.7,68.4,32.23,59.64,7.45,596.6,sugarcane,laterite soil
93.8,53.5,68.8,28.39,44.31,7.24,691.2,pomegranate,black soil
34.5,45.2,29.5,25.13,69.18,7.08,839.7,soybean,alluvial soil
85.0,43.3,55.3,30.91,73.89,7.08,828.9,chilli,black soil
98.4,55.5,79.9,29.66,32.82,5.94,1321.6,maize,black soil
89.1,44.2,49.4,24.16,58.11,6.12,982.4,chilli,black soil
29.9,31.6,33.8,21.94,58.87,7.89,544.7,chickpea,red soil
112.6,65.8,70.2,25.93,53.17,6.54,728.1,grapes,black soil
79.8,40.7,50.0,30.49,63.97,7.99,722.2,cotton,red soil
55.3,32.9,40.0,21.3,50.5,7.5,525.2,safflower,red soil
109.1,69.4,93.5,28.29,61.82,6.78,660.8,grapes,black soil
86.6,57.1,75.6,30.85,42.17,7.29,500.1,pomegranate,black soil
106.2,42.5,53.7,25.61,66.09,6.03,614.5,onion,black soil
12.1,19.7,16.0,16.51,86.9,6.89,2113.0,lentil,red soil
67.0,46.6,52.7,24.82,50.56,6.46,501.3,wheat,black soil
28.4,31.8,45.1,27.53,60.18,7.15,642.8,groundnut,alluvial soil
1.6,9.2,79.1,23.04,44.7,7.88,584.9,grapes,alluvial soil
28.9,26.6,23.9,26.55,68.47,7.17,550.2,greengram,alluvial soil
104.2,50.2,53.9,21.26,61.77,6.44,751.1,onion,black soil
46.6,39.3,42.8,23.25,54.11,7.25,510.5,safflower,black soil
15.4,53.7,47.2,33.32,35.77,7.58,1143.3,bajra,alluvial soil
29.5,20.1,19.9,27.27,53.35,6.12,621.7,blackgram,black soil
102.3,54.8,67.3,23.84,74.21,6.62,904.9,tomato,alluvial soil
22.6,30.6,27.4,19.88,51.11,6.2,536.5,lentil,alluvial soil
136.6,55.3,80.9,27.56,75.53,6.59,1612.8,sugarcane,black soil
108.7,31.6,71.7,32.21,40.41,5.01,2449.7,chilli,red soil
101.6,68.2,76.0,29.69,54.95,7.36,539.2,pomegranate,black soil
111.4,53.9,88.3,34.82,70.47,7.47,1654.2,sugarcane,black soil
42.6,19.5,29.5,40.67,87.5,6.94,694.8,lentil,alluvial soil
20.5,33.4,22.1,26.16,47.07,6.52,577.7,lentil,alluvial soil
71.9,52.7,51.1,23.25,55.88,6.34,622.2,chilli,black soil
45.5,29.6,41.7,24.24,38.1,6.83,538.3,safflower,red soil
97.3,58.2,83.7,25.63,52.01,6.62,813.1,grapes,black soil
29.6,28.2,27.5,34.12,69.39,6.8,507.4,greengram,alluvial soil
138.9,62.8,64.7,34.03,69.76,6.52,1728.7,sugarcane,alluvial soil
71.1,47.8,45.2,29.1,57.98,6.64,664.4,chilli,black soil
91.3,66.5,68.8,33.91,43.34,6.86,597.0,pomegranate,black soil
22.8,22.0,26.8,34.25,58.74,7.29,639.0,blackgram,red soil
19.0,29.4,26.4,21.35,48.62,6.18,468.0,lentil,black soil
92.2,65.7,84.0,24.91,54.83,7.06,601.5,grapes,red soil
9.9,31.5,47.7,20.17,22.82,7.53,970.0,ragi,laterite soil
44.9,39.4,33.6,19.77,35.9,7.0,572.5,safflower,black soil
3.8,59.7,39.8,26.34,66.66,6.56,1484.5,pigeonpeas,alluvial soil
90.5,45.3,74.5,28.88,63.67,6.81,873.6,tomato,red soil
87.3,19.8,54.8,33.53,55.34,8.74,547.2,tomato,red soil
72.2,43.6,52.7,22.45,53.94,6.77,452.9,wheat,black soil
67.5,35.0,49.2,17.78,67.55,6.89,498.0,wheat,black soil
28.7,33.3,23.2,28.98,51.24,6.65,707.6,blackgram,black soil
95.2,51.7,52.5,23.38,71.64,6.47,603.7,chilli,red soil
39.2,33.2,29.3,27.46,42.38,7.55,507.4,bajra,alluvial soil
34.3,40.9,26.0,24.17,56.5,6.89,863.3,pigeonpeas,black soil
52.3,24.9,33.7,34.39,50.05,6.09,640.4,bajra,red soil
75.7,42.7,52.7,24.67,67.11,6.09,696.3,maize,red soil
41.5,29.6,33.0,23.01,47.85,6.94,492.9,safflower,black soil
26.7,20.5,24.6,26.37,61.89,7.23,533.4,greengram,black soil
107.7,59.8,59.8,27.05,66.35,6.17,739.9,tomato,red soil
24.9,28.3,25.3,24.71,52.06,6.88,456.7,chickpea,red soil
55.7,27.3,33.7,27.94,45.77,8.08,574.9,jowar,red soil
30.0,26.8,25.0,20.29,57.1,6.02,620.0,chickpea,red soil
93.9,43.0,47.0,22.04,57.47,6.0,732.7,chilli,red soil
97.6,56.7,64.4,25.92,76.73,6.75,899.2,tomato,alluvial soil
64.8,35.1,45.6,15.68,58.0,7.21,634.8,wheat,black soil
58.0,35.8,52.9,22.62,53.3,7.35,707.5,sunflower,black soil
43.8,34.7,38.3,27.84,53.8,6.67,580.9,bajra,alluvial soil
77.7,1.6,15.3,26.53,23.16,5.84,2046.3,wheat,red soil
17.1,26.2,20.5,33.2,60.97,7.1,634.4,greengram,black soil
27.8,26.9,33.3,24.87,40.07,6.48,576.8,chickpea,red soil
44.6,37.0,36.5,23.26,39.14,7.57,424.6,safflower,red soil
95.9,65.6,88.8,24.34,63.64,6.86,604.4,grapes,black soil
105.8,54.9,69.3,31.03,71.77,6.87,1322.0,sugarcane,black soil
22.5,39.6,49.3,27.99,53.72,7.17,796.5,groundnut,red soil
57.4,29.7,30.8,21.71,35.79,7.66,640.4,safflower,black soil
103.0,59.8,66.6,19.01,69.95,6.96,677.7,onion,alluvial soil
21.8,28.4,25.7,27.27,66.05,7.12,676.1,greengram,alluvial soil
61.6,46.2,59.0,30.44,68.53,6.46,524.3,cotton,black soil
45.5,36.8,64.8,36.23,64.46,7.82,203.5,wheat,laterite soil
115.1,64.7,75.1,29.68,70.47,6.75,1238.2,sugarcane,alluvial soil
59.2,33.4,44.8,20.7,35.01,6.57,422.0,safflower,black soil
63.3,41.9,49.4,22.94,52.83,6.68,720.5,sunflower,alluvial soil
16.6,25.6,25.2,19.24,62.36,7.11,517.8,lentil,black soil
62.9,44.4,39.7,23.41,40.73,7.41,757.6,sunflower,red soil
37.6,24.6,38.6,34.11,44.58,7.99,499.0,bajra,red soil
83.5,51.9,76.5,28.16,57.61,7.09,620.7,pomegranate,black soil
42.1,29.8,36.6,19.62,42.91,6.85,424.4,safflower,red soil
104.3,62.2,72.7,22.85,72.7,6.65,671.6,tomato,red soil
137.1,26.2,21.3,41.5,23.55,9.48,1786.0,groundnut,red soil
58.4,43.5,43.4,27.73,69.71,6.05,625.1,ragi,red soil
17.3,27.7,27.7,26.59,45.66,7.47,518.3,lentil,alluvial soil
126.3,6.0,26.0,30.03,26.8,8.82,321.7,ragi,alluvial soil
16.0,27.4,20.5,33.97,51.98,6.03,663.1,blackgram,red soil
66.4,74.0,41.9,24.39,59.9,7.14,2363.5,chilli,black soil
27.4,32.3,26.8,32.53,50.6,6.97,570.0,greengram,black soil
76.2,43.9,62.7,23.71,64.91,5.96,634.4,maize,black soil
56.9,36.3,31.6,31.55,61.65,7.56,564.3,jowar,red soil
93.8,57.0,68.3,25.45,65.86,6.16,785.0,onion,black soil
89.0,48.7,59.1,25.64,62.26,6.55,610.5,maize,black soil
66.5,76.3,69.0,25.78,56.41,8.77,1013.1,pigeonpeas,alluvial soil
106.9,14.0,76.5,22.32,73.62,8.76,799.4,bajra,red soil
30.9,34.1,26.6,22.37,66.94,6.69,941.7,soybean,black soil
80.0,53.3,42.5,24.07,54.83,6.29,832.9,cotton,black soil
39.7,32.7,33.2,31.86,69.67,6.94,728.3,pigeonpeas,red soil
104.8,64.6,64.9,23.06,72.0,6.91,600.9,tomato,red soil
70.2,55.4,47.4,24.41,73.11,5.68,715.6,maize,red soil
106.0,56.3,54.7,19.27,58.12,7.01,779.8,onion,alluvial soil
55.5,49.8,45.7,25.85,50.25,6.92,617.9,sunflower,black soil
23.8,24.4,16.5,26.07,65.0,6.3,621.0,blackgram,red soil
52.4,27.5,33.2,29.53,62.0,8.35,685.5,jowar,red soil
97.0,5.0,47.7,38.88,83.0,7.33,273.1,jowar,laterite soil
95.0,17.0,13.3,16.24,41.35,8.08,1664.2,lentil,black soil
24.2,31.6,29.4,22.12,53.75,7.47,493.3,chickpea,red soil
44.2,28.4,33.6,31.12,61.8,8.15,590.4,jowar,red soil
44.1,34.5,42.4,27.57,47.39,7.34,567.1,jowar,black soil
17.3,33.1,27.4,34.15,67.8,6.83,602.6,greengram,black soil
122.8,78.2,35.5,34.41,44.04,8.16,2072.4,chilli,red soil
30.3,27.9,34.4,27.87,55.01,7.93,631.3,chickpea,black soil
88.9,52.6,52.0,26.75,70.69,6.69,602.8,onion,black soil
37.6,31.2,36.1,22.12,50.32,6.93,637.6,pigeonpeas,red soil
23.0,21.2,94.2,27.71,48.28,7.4,2381.0,bajra,alluvial soil
81.4,41.6,49.4,29.04,60.56,5.85,991.3,maize,red soil
84.3,73.9,82.6,34.03,30.2,5.65,584.0,onion,alluvial soil
79.1,43.8,91.3,27.4,84.13,6.21,1247.8,pigeonpeas,red soil
49.3,47.6,83.7,16.42,70.76,6.24,1918.5,blackgram,alluvial soil
22.8,30.4,22.2,34.18,64.9,6.55,775.7,greengram,alluvial soil
45.5,39.6,36.9,22.66,75.8,7.11,829.0,soybean,black soil
32.9,44.3,33.5,31.73,65.65,6.57,618.4,pigeonpeas,black soil
36.5,37.8,41.4,28.19,52.2,6.75,862.5,groundnut,alluvial soil
35.2,40.5,42.9,24.22,24.99,5.92,1491.7,jowar,black soil
96.0,28.1,67.4,18.96,53.26,7.68,1065.0,greengram,laterite soil
66.4,44.7,47.7,19.53,59.06,6.45,513.0,wheat,alluvial soil
34.1,39.5,29.8,36.44,55.79,5.73,1168.3,sunflower,black soil
16.1,19.5,43.9,23.25,41.74,5.19,2153.8,blackgram,laterite soil
29.1,57.0,28.4,23.24,46.62,9.1,2468.1,safflower,red soil
17.9,25.8,25.3,34.97,63.53,7.26,575.2,greengram,black soil
34.3,38.3,41.5,22.2,71.3,7.27,759.6,soybean,black soil
26.2,34.5,29.0,23.29,53.15,7.48,542.2,chickpea,red soil
52.4,37.1,38.5,20.43,41.38,7.2,403.7,safflower,black soil
63.8,43.9,54.7,22.05,69.23,7.1,486.2,wheat,alluvial soil
67.9,52.2,47.9,32.98,65.15,6.29,555.9,cotton,black soil
97.8,48.2,49.0,27.11,65.37,6.45,900.4,chilli,red soil
70.0,39.9,46.7,18.22,53.57,7.48,585.3,wheat,alluvial soil
102.4,51.7,63.7,25.29,71.3,7.31,943.7,onion,red soil
79.3,43.8,54.3,25.93,60.21,7.33,820.1,cotton,red soil
34.3,13.0,25.2,12.67,45.17,6.1,854.1,soybean,alluvial soil
28.2,50.5,53.2,14.11,53.03,8.24,415.6,lentil,black soil
96.4,50.0,46.6,22.27,57.61,6.88,933.0,chilli,black soil
37.7,44.8,38.6,28.82,65.91,7.19,540.0,groundnut,alluvial soil
74.8,54.1,54.3,34.79,59.73,6.95,657.1,cotton,red soil
53.9,34.2,44.6,26.12,47.4,7.29,623.2,jowar,red soil
114.8,52.2,76.1,24.74,61.81,7.02,750.7,grapes,black soil
37.2,33.3,32.6,27.67,59.13,7.09,720.8,groundnut,alluvial soil
44.5,45.6,73.2,43.78,33.02,6.49,1230.7,cotton,laterite soil
20.1,34.2,15.4,31.0,54.05,7.09,788.4,blackgram,red soil
43.4,20.8,28.8,33.91,43.0,7.71,554.2,bajra,alluvial soil
115.9,53.0,42.1,44.95,61.36,8.81,231.5,grapes,laterite soil
76.8,40.9,44.3,20.62,65.87,6.46,614.3,wheat,alluvial soil
119.2,62.2,70.4,26.82,64.22,6.9,670.7,tomato,red soil
124.4,41.1,83.2,10.85,56.34,7.95,713.4,sunflower,alluvial soil
21.9,43.8,36.4,27.14,65.61,7.19,579.0,groundnut,alluvial soil
115.2,53.4,96.7,22.29,57.85,7.43,847.2,grapes,black soil
86.9,58.9,45.9,22.55,65.38,6.23,741.6,maize,alluvial soil
98.6,58.5,82.7,26.88,57.99,7.01,789.6,pomegranate,black soil
51.2,30.2,40.6,17.51,37.32,7.44,529.8,safflower,black soil
112.5,26.4,4.9,11.99,73.22,8.49,1259.3,groundnut,alluvial soil
90.3,47.5,53.5,23.9,56.47,6.5,690.1,maize,black soil
15.9,33.4,29.3,25.14,47.83,6.4,433.7,lentil,black soil
47.3,34.7,38.9,26.35,68.33,6.16,780.7,ragi,laterite soil
120.2,68.0,83.0,29.59,62.67,7.35,1387.7,sugarcane,alluvial soil
83.8,57.6,60.1,28.3,59.46,7.1,732.2,pomegranate,red soil
38.4,45.4,37.8,22.46,62.0,6.31,653.0,soybean,black soil
105.2,58.7,88.3,22.07,56.24,6.87,834.8,grapes,red soil
90.2,38.7,46.6,30.33,69.51,6.4,697.2,chilli,red soil
28.7,34.8,41.9,25.46,51.43,6.23,684.1,groundnut,red soil
76.7,46.6,49.6,16.28,53.54,7.15,600.6,wheat,black soil
100.1,67.2,69.0,25.76,54.28,7.12,689.5,pomegranate,black soil
42.4,23.6,30.5,31.01,54.1,6.39,621.7,bajra,red soil
84.0,41.4,57.1,28.15,56.35,6.29,606.1,maize,black soil
67.3,76.4,54.5,44.46,83.3,5.89,898.7,chilli,black soil
28.3,24.5,23.0,26.97,68.49,6.98,641.9,greengram,alluvial soil
91.3,55.4,61.5,27.1,45.22,7.3,605.0,pomegranate,red soil
129.2,61.9,89.6,34.61,70.56,6.67,1953.9,sugarcane,black soil
30.4,32.2,49.8,30.51,62.42,6.81,814.2,groundnut,alluvial soil
81.6,59.3,70.0,27.02,48.35,6.52,546.5,pomegranate,red soil
38.5,25.3,30.9,27.98,67.35,6.94,565.6,groundnut,red soil
89.5,41.8,50.2,30.91,55.57,6.03,669.8,cotton,red soil
16.2,29.8,26.4,26.58,58.15,7.02,428.7,lentil,alluvial soil
49.9,35.4,42.7,17.26,39.16,7.28,641.6,safflower,black soil
92.7,50.2,68.8,27.89,62.78,6.38,890.3,tomato,alluvial soil
106.2,51.3,65.5,34.19,43.14,6.58,720.2,pomegranate,black soil
52.5,38.2,32.6,29.93,64.35,7.99,641.6,jowar,red soil
94.9,54.8,56.7,22.07,64.31,6.81,647.8,maize,red soil
82.4,35.5,46.6,29.63,67.28,7.17,687.8,chilli,black soil
86.0,36.1,61.2,31.04,67.11,6.68,628.7,chilli,red soil
22.3,33.3,33.6,28.28,56.59,6.57,533.3,chickpea,red soil
82.3,41.0,54.2,28.13,63.77,6.46,785.0,chilli,red soil
60.6,73.2,3.1,10.56,82.37,8.38,2080.0,sunflower,alluvial soil
25.7,22.4,22.6,30.13,55.94,6.5,605.8,blackgram,red soil
100.9,30.4,11.5,28.12,94.23,6.84,1464.7,ragi,red soil
136.7,72.5,40.5,26.86,37.82,8.58,1975.9,cotton,laterite soil
24.0,24.3,24.9,26.32,65.24,6.86,773.1,blackgram,red soil
20.1,22.7,68.8,10.33,92.28,8.76,342.2,bajra,alluvial soil
71.3,47.9,45.9,19.26,58.15,7.04,599.8,wheat,alluvial soil
25.3,32.7,29.7,34.25,50.8,7.13,742.3,greengram,black soil
91.4,46.5,74.2,23.64,78.77,6.21,829.3,tomato,alluvial soil
84.0,47.4,60.7,26.01,56.31,6.32,747.8,onion,black soil
63.5,48.7,41.7,24.81,48.71,6.68,510.4,sunflower,black soil
78.8,47.4,60.9,22.18,65.46,6.54,729.5,maize,black soil
23.4,30.8,24.8,23.26,53.54,6.92,475.9,lentil,black soil
82.0,43.4,61.5,22.25,55.52,7.21,879.2,onion,black soil
43.7,22.5,29.6,29.73,42.87,7.07,582.1,bajra,red soil
65.5,44.2,35.6,21.85,49.54,6.86,772.9,sunflower,red soil
23.6,27.5,28.7,29.75,55.25,7.18,779.7,greengram,alluvial soil
62.5,44.9,49.2,22.48,59.06,6.89,560.1,wheat,alluvial soil
88.3,44.0,48.2,26.09,65.14,6.12,801.2,chilli,red soil
52.9,43.7,39.5,22.61,52.14,6.32,738.5,ragi,red soil
91.0,52.0,91.9,19.04,88.69,6.98,1864.5,pomegranate,red soil
42.0,31.7,42.6,18.54,42.26,7.0,612.1,safflower,red soil
94.3,60.9,69.3,30.09,43.36,7.02,698.2,pomegranate,red soil
82.2,54.8,60.3,26.26,55.34,7.13,744.0,onion,red soil
43.3,27.8,32.2,26.53,43.01,7.04,619.6,bajra,red soil
135.8,33.3,70.7,36.83,37.61,7.74,1413.1,sugarcane,black soil
84.5,53.5,44.4,33.65,52.36,7.39,877.3,cotton,red soil
33.1,37.2,38.4,25.25,47.57,7.49,622.2,pigeonpeas,black soil
42.1,40.5,36.1,29.35,77.98,7.27,749.4,soybean,alluvial soil
59.2,38.7,32.1,29.72,54.8,6.96,619.7,jowar,red soil
80.1,48.5,46.3,26.25,67.52,7.07,949.2,chilli,black soil
36.4,31.5,30.8,27.35,69.14,6.91,678.1,soybean,black soil
46.2,31.5,38.2,27.46,57.87,8.46,654.9,jowar,black soil
18.1,30.2,24.1,26.74,52.01,7.22,518.6,lentil,alluvial soil
79.8,39.4,47.4,25.74,56.16,6.97,671.8,cotton,black soil
102.5,58.9,65.2,24.31,71.96,6.02,754.7,tomato,red soil
80.6,51.0,43.1,33.35,69.39,6.54,842.3,cotton,black soil
40.8,32.1,34.5,30.26,52.83,6.53,728.4,jowar,red soil
79.2,53.9,51.6,29.46,74.29,7.3,988.5,chilli,black soil
93.4,62.8,68.0,34.91,50.97,6.53,593.7,pomegranate,red soil
66.9,46.9,42.8,27.3,47.51,6.72,755.5,sunflower,alluvial soil
79.1,51.0,47.6,25.95,73.73,7.08,941.2,maize,alluvial soil
99.2,54.3,88.7,23.52,68.54,6.74,856.1,grapes,black soil
44.9,40.0,47.9,22.54,53.31,6.68,998.0,ragi,laterite soil
21.6,29.0,20.4,28.56,67.44,6.92,795.8,greengram,alluvial soil
1.7,53.6,34.0,18.76,49.96,8.41,577.2,tomato,alluvial soil
106.2,58.5,98.6,29.64,60.28,7.0,769.5,grapes,black soil
49.6,33.6,31.3,19.49,49.53,6.89,434.3,safflower,black soil
80.9,48.0,68.7,22.52,61.64,7.36,670.8,onion,alluvial soil
98.1,76.2,68.0,28.93,22.36,7.92,467.3,tomato,black soil
27.8,34.9,45.8,26.34,64.37,7.4,536.2,groundnut,red soil
65.4,31.3,44.9,26.99,42.9,7.82,500.9,sunflower,alluvial soil
46.7,37.0,37.0,18.41,45.91,7.83,459.1,safflower,black soil
58.9,15.5,21.1,11.09,63.64,4.59,1970.7,groundnut,alluvial soil
17.5,33.6,25.8,22.02,60.99,6.24,429.5,lentil,alluvial soil
94.4,36.0,49.2,24.77,74.08,6.09,887.3,chilli,black soil
19.6,23.5,22.2,26.29,63.63,7.27,703.6,greengram,black soil
17.3,31.3,23.5,29.98,54.98,6.81,620.0,greengram,black soil
42.7,47.5,27.7,22.89,63.99,6.65,621.3,soybean,black soil
92.8,47.8,62.4,23.44,55.73,6.29,884.2,maize,black soil
80.7,73.3,24.7,30.02,83.54,9.39,2241.0,grapes,alluvial soil
122.9,63.3,60.2,26.54,84.5,6.65,1527.0,sugarcane,alluvial soil
90.7,45.5,63.0,20.72,67.86,6.73,685.4,tomato,red soil
91.2,50.3,67.2,23.48,64.61,6.03,789.4,onion,red soil
9.2,26.5,92.0,34.32,21.22,6.13,526.9,sunflower,alluvial soil
27.1,37.0,26.9,30.71,46.18,6.98,872.0,pigeonpeas,black soil
100.7,59.2,69.7,26.42,74.5,6.23,963.8,tomato,red soil
104.6,50.0,59.4,28.17,73.06,6.49,927.6,tomato,alluvial soil
24.6,31.6,25.8,25.56,49.07,6.44,594.3,chickpea,red soil
29.7,22.4,25.0,29.18,54.8,6.65,541.7,blackgram,black soil
73.4,39.1,52.8,15.83,51.34,6.99,478.3,wheat,black soil
1.5,75.6,44.9,32.07,73.56,5.04,1644.6,greengram,black soil
22.0,41.2,29.1,17.52,71.53,5.5,368.2,bajra,laterite soil
47.9,37.7,38.6,23.41,39.63,7.18,506.4,safflower,black soil
86.9,45.6,50.6,25.66,57.42,6.96,900.8,onion,alluvial soil
17.2,31.9,21.5,25.84,67.56,6.75,712.1,greengram,black soil
45.9,26.3,25.5,43.07,30.5,7.31,1895.1,lentil,laterite soil
138.0,20.9,70.7,23.37,35.33,4.52,2025.2,sugarcane,alluvial soil
40.8,31.6,37.6,31.12,50.3,6.71,588.0,bajra,alluvial soil
46.9,30.4,35.7,26.84,43.23,7.49,476.0,bajra,red soil
134.1,70.7,41.5,29.33,41.11,8.83,1130.3,jowar,alluvial soil
35.5,23.2,25.1,32.07,59.38,6.97,447.3,bajra,red soil
97.2,56.0,93.9,27.2,57.53,7.16,809.8,grapes,red soil
108.7,64.8,93.6,28.26,56.45,6.91,742.8,grapes,red soil
132.3,54.3,85.5,26.61,60.09,7.0,1375.5,sugarcane,black soil
21.0,37.4,47.0,25.53,51.73,7.43,501.6,groundnut,alluvial soil
61.8,43.2,49.3,16.96,54.58,6.72,557.6,wheat,black soil
87.5,48.2,53.4,19.61,64.15,6.55,825.1,onion,red soil
83.4,44.7,56.6,23.08,61.81,6.14,981.7,onion,alluvial soil
67.4,50.0,35.6,29.9,59.51,7.79,587.7,sunflower,alluvial soil
25.8,24.8,61.5,43.36,84.2,9.06,672.3,sunflower,black soil
97.9,66.2,79.1,23.32,60.66,6.86,623.6,grapes,red soil
91.2,68.0,75.1,28.67,51.09,7.45,626.9,pomegranate,black soil
45.2,42.8,38.7,22.62,60.39,7.06,749.0,ragi,red soil
21.8,24.2,18.5,31.64,57.2,6.24,610.5,blackgram,red soil
48.1,27.6,35.6,28.89,45.44,6.87,469.9,bajra,alluvial soil
107.5,56.1,68.9,23.93,67.28,6.58,797.4,tomato,alluvial soil
105.1,55.9,25.8,30.65,55.36,5.29,1013.1,pigeonpeas,black soil
33.6,49.1,35.4,29.85,62.88,7.11,720.9,soybean,black soil
26.8,27.7,24.8,29.25,55.29,7.53,463.9,chickpea,red soil
118.6,32.8,22.1,37.79,28.62,8.22,738.4,greengram,black soil
53.4,0.6,63.6,40.28,88.37,6.89,528.3,groundnut,alluvial soil
69.5,50.6,52.1,24.27,51.64,6.55,719.5,cotton,red soil
22.5,39.2,33.1,23.38,58.11,7.28,474.8,chickpea,red soil
95.6,46.7,53.8,23.52,71.27,5.81,964.6,maize,red soil
60.0,41.2,46.4,22.95,52.74,5.79,768.7,ragi,laterite soil
28.2,26.8,37.4,27.5,54.74,7.24,628.7,groundnut,alluvial soil
71.7,36.3,52.6,23.73,52.15,7.5,590.6,wheat,black soil
82.0,48.9,59.4,24.08,66.06,7.07,519.5,cotton,red soil
79.3,47.0,49.0,17.7,51.06,6.75,547.7,wheat,black soil
52.7,35.3,34.4,31.41,63.93,6.81,645.4,jowar,black soil
81.1,44.2,67.3,25.26,63.99,7.31,671.6,onion,alluvial soil
111.5,6.3,18.6,40.02,29.81,6.66,269.5,jowar,red soil
92.4,50.6,73.4,26.33,66.7,7.44,700.4,grapes,black soil
75.6,50.4,51.1,26.01,65.96,6.71,959.5,chilli,black soil
22.3,30.4,16.4,33.56,55.36,6.37,776.2,blackgram,black soil
3.0,68.5,58.7,20.94,78.86,6.86,1895.7,maize,laterite soil
25.9,28.6,37.9,25.18,50.03,7.23,582.5,groundnut,red soil
27.1,41.2,27.2,31.71,48.05,7.32,794.0,pigeonpeas,black soil
61.9,25.5,98.2,26.04,42.71,7.44,2040.5,chickpea,red soil
38.2,29.1,43.8,29.29,51.83,6.52,537.8,groundnut,alluvial soil
22.8,29.5,21.6,26.14,20.33,6.92,1310.0,chilli,alluvial soil
65.1,51.2,53.6,28.68,64.81,7.45,669.0,cotton,red soil
96.1,59.5,64.7,21.5,74.72,6.3,798.3,onion,red soil
97.6,51.9,68.9,23.07,72.44,6.29,761.8,onion,black soil
116.2,6.6,53.1,38.64,84.71,7.89,1476.6,soybean,red soil
48.2,33.2,44.4,30.48,45.05,6.81,473.4,jowar,red soil
34.0,34.7,49.2,29.32,63.92,6.6,627.0,groundnut,alluvial soil
102.8,51.9,82.7,26.65,70.95,6.72,1686.0,sugarcane,alluvial soil
21.6,20.4,26.0,27.54,67.89,6.87,511.5,blackgram,black soil
87.9,12.1,84.8,32.27,91.09,8.48,1229.8,pomegranate,alluvial soil
134.7,37.1,70.3,11.54,21.18,7.28,1515.7,cotton,alluvial soil
85.3,60.2,65.2,26.81,40.06,6.67,621.2,pomegranate,black soil
86.7,49.7,53.5,34.4,66.65,7.31,640.7,cotton,black soil
73.7,44.6,40.9,18.24,65.04,6.42,522.2,wheat,alluvial soil
125.7,44.8,16.4,16.35,51.39,5.08,1285.2,pigeonpeas,alluvial soil
87.1,54.9,56.0,23.11,62.17,6.25,864.0,chilli,red soil
44.4,47.7,31.6,29.41,74.74,6.91,923.1,soybean,alluvial soil
67.4,43.5,42.3,23.88,58.15,7.34,485.7,wheat,alluvial soil
31.3,39.2,30.7,22.31,51.5,7.17,611.7,pigeonpeas,black soil
25.8,36.6,28.3,20.19,80.49,5.15,1107.4,ragi,black soil
105.9,58.2,74.3,28.18,64.84,6.54,832.4,grapes,red soil
92.4,42.9,64.5,18.44,72.04,6.59,718.4,onion,red soil
35.8,41.3,27.7,24.26,63.64,7.25,715.4,pigeonpeas,red soil
25.2,38.3,26.5,33.47,63.02,7.98,668.5,pigeonpeas,red soil
25.9,37.3,28.2,22.58,55.36,6.78,413.2,chickpea,black soil
109.2,50.8,61.4,20.18,64.25,6.54,720.0,tomato,red soil
107.7,69.2,89.3,26.84,50.13,6.92,638.9,grapes,black soil
65.6,36.2,54.7,21.93,54.4,7.49,569.4,wheat,black soil
65.0,34.3,39.3,24.68,58.18,7.49,625.6,sunflower,black soil
37.9,26.4,30.8,28.71,59.21,6.31,601.0,groundnut,alluvial soil
139.9,64.4,68.4,32.58,60.85,7.47,1370.3,sugarcane,alluvial soil
65.6,36.6,44.0,25.58,50.47,8.0,771.3,sunflower,red soil
94.8,49.9,61.7,27.55,71.99,7.01,605.2,onion,red soil
121.0,70.7,87.7,25.75,85.24,7.71,612.4,chickpea,alluvial soil
139.7,56.2,61.6,19.35,90.74,6.39,2427.2,sugarcane,laterite soil
17.2,22.4,21.5,29.68,65.09,7.09,523.6,greengram,black soil
86.4,38.5,40.0,24.02,61.07,7.08,968.9,cotton,red soil
92.0,42.9,46.0,29.94,74.99,6.83,677.4,chilli,red soil
18.3,31.1,23.6,32.08,50.29,6.85,507.4,greengram,black soil
87.8,44.0,51.7,31.2,69.84,7.14,620.8,chilli,red soil
16.8,34.6,20.2,27.93,62.85,7.35,672.8,blackgram,red soil
39.7,40.4,37.2,28.84,64.37,7.48,693.8,soybean,black soil
17.8,21.9,22.8,33.63,62.55,6.54,536.3,greengram,black soil
25.7,6.4,33.3,14.94,29.71,7.76,1799.3,bajra,alluvial soil
27.0,27.4,30.8,24.04,58.85,7.37,484.0,chickpea,black soil
79.2,47.8,50.3,28.24,63.76,7.57,512.4,cotton,black soil
72.2,27.3,94.9,43.31,40.01,7.68,1799.1,bajra,red soil
52.7,27.7,87.4,41.66,20.95,4.82,231.8,grapes,black soil
23.4,26.2,24.4,19.18,59.24,7.08,409.2,lentil,alluvial soil
23.9,37.5,30.9,29.18,58.0,7.13,512.1,groundnut,red soil
102.4,45.2,52.8,25.48,70.41,7.26,868.2,onion,alluvial soil
111.1,19.1,32.4,11.32,50.54,8.47,652.9,cotton,red soil
105.8,52.8,65.6,27.08,46.06,7.23,520.7,pomegranate,red soil
58.7,37.5,36.7,25.94,61.7,6.53,614.1,jowar,black soil
80.5,59.2,59.9,24.37,67.5,7.28,632.6,maize,red soil
37.1,52.9,22.4,29.06,41.21,8.32,2174.0,wheat,red soil
21.3,23.8,15.1,34.74,62.23,6.77,713.7,blackgram,black soil
78.4,36.9,46.6,15.67,67.92,6.35,474.2,wheat,alluvial soil
115.6,31.5,76.5,32.43,27.94,9.31,1440.8,sunflower,laterite soil
116.9,52.2,72.3,26.47,56.79,6.77,615.1,grapes,red soil
50.6,38.8,47.2,28.62,63.28,7.07,873.5,ragi,laterite soil
23.1,34.8,20.9,19.24,55.63,7.34,599.2,lentil,black soil
63.5,38.6,48.4,27.04,50.51,6.22,866.0,cotton,black soil
105.3,51.5,83.2,29.56,67.25,7.46,1463.4,sugarcane,alluvial soil
93.9,45.5,64.1,27.81,69.92,7.38,935.7,chilli,black soil
93.9,55.0,71.1,29.9,77.55,6.15,816.5,tomato,alluvial soil
24.4,44.2,34.5,26.21,65.63,6.93,711.9,groundnut,red soil
107.5,47.6,54.3,25.11,70.24,6.53,899.5,onion,black soil
112.4,52.8,62.0,29.68,69.23,6.12,876.4,tomato,red soil
82.1,0.7,98.8,30.12,86.75,8.2,1985.2,cotton,laterite soil
18.0,25.5,26.8,26.54,64.09,6.6,712.4,blackgram,red soil
92.4,54.1,74.7,25.39,61.72,6.94,904.5,tomato,red soil
69.9,35.8,48.4,17.92,69.19,6.24,521.1,wheat,black soil
106.0,63.6,65.9,26.66,44.71,6.94,698.0,pomegranate,red soil
24.9,34.7,26.4,25.74,51.38,6.51,439.9,lentil,alluvial soil
89.7,45.9,56.8,27.74,55.47,6.92,764.5,cotton,black soil
87.5,55.6,56.4,22.38,63.25,6.54,772.8,onion,red soil
72.0,60.5,78.1,12.55,48.48,8.27,1855.1,tomato,alluvial soil
68.9,49.4,45.7,19.92,56.9,6.1,620.3,wheat,alluvial soil
138.2,79.8,14.9,11.32,58.63,5.18,2467.3,pomegranate,black soil
17.5,31.7,17.2,33.65,59.24,6.63,590.0,blackgram,red soil
58.4,43.5,39.8,26.45,58.06,7.31,944.7,ragi,red soil
34.7,27.0,48.1,29.92,62.18,6.04,838.1,groundnut,alluvial soil
106.4,53.3,72.0,24.16,90.58,8.62,1219.2,groundnut,black soil
60.4,54.2,56.8,25.07,56.71,7.92,823.1,cotton,black soil
95.0,64.5,69.0,24.58,70.22,6.57,832.1,tomato,red soil
104.0,56.1,62.8,20.49,76.7,6.49,627.2,tomato,alluvial soil
119.6,46.8,61.0,21.74,68.1,6.85,774.8,tomato,red soil
26.1,39.6,26.1,22.16,41.12,6.73,526.8,chickpea,red soil
81.6,57.0,15.3,25.52,72.45,7.13,239.7,grapes,alluvial soil
35.6,35.2,56.3,31.62,37.44,5.86,1688.3,pomegranate,alluvial soil
85.6,47.1,45.8,27.43,62.77,7.31,776.2,maize,alluvial soil
25.8,39.9,29.8,27.94,63.71,6.69,746.3,pigeonpeas,black soil
45.1,13.5,55.4,32.43,56.95,8.73,2148.4,chickpea,red soil
21.7,41.2,44.3,27.47,68.84,6.3,551.5,groundnut,alluvial soil
97.7,41.3,61.3,27.67,70.71,5.61,939.3,maize,black soil
129.1,60.2,82.9,29.02,78.63,7.27,1535.9,sugarcane,alluvial soil
104.9,62.5,92.7,27.41,52.27,6.69,614.3,grapes,black soil
35.9,35.6,30.9,31.19,54.83,7.88,812.3,pigeonpeas,black soil
84.2,34.4,68.4,21.71,69.7,5.19,687.3,pigeonpeas,red soil
60.0,48.5,50.7,32.86,58.73,7.56,997.5,cotton,black soil
84.6,67.2,83.6,27.94,42.81,7.27,722.1,pomegranate,red soil
108.8,59.8,89.1,28.49,84.88,6.5,1735.5,sugarcane,black soil
93.9,47.6,59.2,21.89,79.01,6.18,853.9,tomato,alluvial soil
70.7,59.6,48.7,29.54,72.67,7.06,997.7,maize,red soil
101.7,59.6,59.8,25.87,75.08,6.04,629.2,tomato,red soil
75.5,46.7,44.4,20.3,59.12,6.41,452.6,wheat,alluvial soil
43.5,37.9,32.3,23.98,54.76,7.38,419.2,safflower,black soil
28.1,29.7,44.7,27.32,50.18,6.76,503.8,groundnut,alluvial soil
63.1,41.6,48.6,25.3,54.23,7.26,774.7,sunflower,red soil
84.3,36.6,50.3,25.73,70.74,6.47,636.4,chilli,black soil
29.8,29.1,37.5,32.92,60.03,6.04,719.0,groundnut,red soil
87.3,48.4,60.0,27.47,59.66,6.3,913.0,chilli,red soil
65.9,37.1,54.0,20.99,58.02,6.89,736.0,sunflower,red soil
42.5,30.7,26.0,27.15,55.1,7.23,539.0,bajra,alluvial soil
66.3,35.2,38.6,21.91,48.32,6.78,646.4,sunflower,red soil
70.9,63.8,71.6,20.29,22.77,5.07,412.7,chilli,laterite soil
52.9,26.3,39.9,20.56,41.66,6.85,426.2,safflower,black soil
99.3,68.6,70.5,27.53,54.32,7.11,661.1,grapes,black soil
35.4,32.3,38.0,22.72,65.49,6.96,826.7,pigeonpeas,red soil
65.3,79.1,88.9,29.8,43.38,9.25,1110.5,bajra,alluvial soil
70.6,44.1,64.4,28.79,62.78,6.89,606.3,chilli,red soil
107.3,61.4,64.1,32.29,51.85,6.89,621.6,pomegranate,red soil
62.7,38.6,49.6,17.35,50.97,6.95,602.7,wheat,alluvial soil
49.6,43.6,35.9,23.14,59.11,6.39,674.3,ragi,red soil
58.4,29.6,44.0,23.72,50.42,7.86,548.6,safflower,black soil
68.6,68.2,36.8,32.38,31.14,9.09,2349.9,sunflower,laterite soil
93.0,44.3,55.3,27.5,69.84,6.23,976.5,chilli,black soil
42.9,33.4,40.0,28.87,61.08,6.84,725.5,soybean,black soil
97.7,59.3,24.4,34.37,22.14,5.71,331.5,onion,red soil
23.0,27.2,26.7,33.77,53.8,6.97,752.3,greengram,alluvial soil
61.8,49.7,41.3,16.89,61.56,6.1,620.3,wheat,black soil
118.1,60.6,50.6,40.61,40.13,6.59,626.0,onion,red soil
70.1,57.9,63.6,21.61,69.57,7.43,691.4,maize,alluvial soil
89.5,65.2,74.9,25.91,41.47,6.73,653.5,pomegranate,red soil
82.7,66.0,66.6,31.3,56.09,6.68,590.0,pomegranate,black soil
61.8,34.8,34.1,28.92,52.6,4.7,227.5,wheat,alluvial soil
92.9,58.9,89.1,29.42,44.86,7.29,516.8,pomegranate,red soil
68.4,43.1,53.6,21.15,43.9,7.57,693.9,sunflower,alluvial soil
16.1,31.9,21.2,18.43,61.72,6.18,590.3,lentil,black soil
37.0,30.5,26.1,28.76,74.25,7.46,799.7,soybean,black soil
131.4,62.7,41.0,33.13,74.15,7.88,2498.3,sugarcane,black soil
54.4,26.5,42.6,24.68,48.48,6.87,548.3,safflower,red soil
110.8,59.6,71.1,32.04,73.34,7.11,1953.5,sugarcane,black soil
42.3,27.5,35.0,34.91,51.7,6.59,551.9,bajra,red soil
72.1,38.8,61.7,25.92,62.02,6.46,906.4,chilli,red soil
65.6,31.8,47.7,29.31,49.61,7.3,785.1,sunflower,black soil
85.2,43.9,61.2,22.96,73.1,6.42,939.3,maize,alluvial soil
47.7,49.6,35.2,26.34,60.57,6.71,725.9,soybean,alluvial soil
47.3,67.1,92.9,14.85,20.13,6.9,2194.4,sugarcane,alluvial soil
91.6,69.3,90.7,26.88,56.8,6.85,754.5,grapes,black soil
73.0,37.8,54.4,30.95,57.72,6.36,836.8,chilli,red soil
22.7,39.1,40.1,31.59,54.39,6.38,800.1,groundnut,red soil
76.2,52.1,43.4,32.52,52.75,7.84,865.6,cotton,black soil
15.3,32.2,22.2,31.4,66.93,7.44,778.2,blackgram,red soil
56.6,30.4,37.9,28.45,61.06,7.33,455.6,jowar,black soil
43.0,33.9,33.9,28.38,54.98,7.13,430.2,bajra,alluvial soil
30.1,39.2,22.3,23.29,49.43,7.88,596.6,chickpea,red soil
111.4,6.4,28.5,27.2,47.22,6.74,937.4,sugarcane,black soil
19.7,22.5,28.4,34.57,51.2,7.3,745.6,greengram,alluvial soil
17.5,29.5,28.5,20.2,48.92,6.27,513.6,lentil,alluvial soil
58.0,42.2,42.8,25.42,51.9,5.78,958.5,ragi,red soil
76.9,45.4,55.4,28.04,61.63,7.58,880.7,cotton,red soil
62.3,53.6,55.5,31.55,64.63,6.31,582.4,cotton,black soil
22.8,41.7,39.8,31.16,54.16,7.16,526.3,groundnut,red soil
23.9,30.6,28.1,29.05,40.2,7.45,605.6,chickpea,black soil
63.6,36.8,38.7,20.25,63.27,7.39,618.3,ragi,laterite soil
105.8,77.2,4.7,30.1,45.95,8.61,330.8,wheat,black soil
26.4,6.8,56.8,18.33,85.76,7.47,982.6,bajra,red soil
98.3,58.9,58.6,19.21,63.45,7.42,786.6,onion,black soil
66.1,46.6,10.0,30.31,25.6,9.34,1985.1,pomegranate,laterite soil
51.3,30.7,39.0,24.03,51.88,7.25,939.0,ragi,laterite soil
73.3,44.3,41.6,28.84,62.11,7.23,545.0,cotton,black soil
139.9,31.6,52.7,30.61,54.19,4.58,1184.4,pomegranate,laterite soil
28.1,20.5,21.0,26.8,67.96,7.37,624.8,greengram,alluvial soil
106.5,60.4,87.5,26.83,62.14,6.66,840.6,grapes,black soil
51.0,54.9,60.9,39.14,73.58,8.81,1201.6,sugarcane,black soil
62.2,49.7,47.4,23.66,52.28,6.61,579.1,wheat,black soil
106.8,59.7,65.7,26.49,69.27,6.07,842.3,tomato,alluvial soil
91.1,61.0,50.8,43.88,87.97,6.7,644.2,bajra,black soil
36.4,35.7,43.6,29.91,66.58,6.2,834.5,soybean,alluvial soil
24.8,31.8,21.1,19.27,57.26,6.66,545.0,lentil,black soil
22.3,28.7,20.2,21.62,57.95,7.04,414.0,lentil,alluvial soil
40.6,35.5,28.9,28.72,63.63,6.2,639.4,soybean,black soil
33.4,31.4,27.3,25.93,56.86,6.51,745.7,pigeonpeas,black soil
52.9,23.0,35.4,33.16,44.55,6.83,415.3,bajra,alluvial soil
89.5,47.2,49.2,24.2,61.37,7.48,956.0,cotton,black soil
100.0,46.5,62.8,22.98,61.09,6.4,732.8,tomato,red soil
16.0,24.4,29.3,30.25,65.11,7.03,708.7,blackgram,black soil
124.4,51.9,72.4,32.47,68.79,7.42,1694.9,sugarcane,alluvial soil
118.4,66.0,92.4,28.42,56.24,6.98,677.5,grapes,black soil
12.6,35.6,33.3,15.67,68.29,5.76,2379.8,maize,black soil
29.9,21.9,23.6,29.05,69.42,6.87,667.6,greengram,black soil
88.6,54.6,47.1,27.89,60.65,6.17,743.5,cotton,red soil
46.9,54.5,88.9,38.61,84.94,6.72,279.5,jowar,laterite soil
32.9,30.0,41.4,32.79,50.95,7.24,645.2,groundnut,alluvial soil
129.5,67.0,98.1,34.91,33.66,4.97,1956.1,cotton,black soil
81.3,54.2,73.2,34.98,55.03,6.72,723.4,pomegranate,red soil
71.1,47.7,53.0,25.06,61.51,6.73,938.1,maize,alluvial soil
50.2,33.4,39.5,24.74,54.23,7.41,850.8,ragi,laterite soil
24.9,28.0,37.6,30.83,61.13,6.61,714.2,groundnut,alluvial soil
36.5,38.1,40.1,25.18,55.07,7.12,515.5,groundnut,alluvial soil
91.0,49.0,65.4,26.52,61.51,6.89,801.8,tomato,red soil
37.0,27.8,56.2,39.86,33.05,5.8,2302.2,chickpea,black soil
86.2,36.4,15.6,19.9,40.48,7.38,1071.7,chilli,laterite soil
45.7,26.9,35.1,26.89,55.55,6.27,538.5,bajra,red soil
121.6,6.0,88.7,34.64,89.39,5.09,995.7,chilli,alluvial soil
100.6,50.0,56.7,25.96,67.65,6.96,981.0,onion,red soil
28.6,36.3,39.5,30.74,64.6,6.61,598.6,groundnut,red soil
66.2,36.0,39.7,25.72,43.59,7.78,772.1,sunflower,black soil
38.6,37.5,28.5,25.04,59.25,7.68,763.1,pigeonpeas,black soil
47.1,36.1,47.1,27.12,20.13,6.84,746.9,onion,black soil
10.9,26.3,19.5,36.28,51.83,7.51,1298.4,bajra,black soil
91.8,58.5,65.1,26.72,61.4,6.51,641.7,tomato,alluvial soil
39.0,45.1,38.9,24.37,64.03,7.37,781.0,soybean,alluvial soil
93.5,51.6,63.0,29.44,42.73,6.99,620.6,pomegranate,black soil
12.5,43.9,98.7,10.9,74.8,5.86,1888.9,soybean,black soil
84.5,36.9,63.4,26.0,59.41,6.99,966.6,chilli,black soil
46.8,42.0,46.9,23.32,63.94,5.97,666.5,ragi,red soil
34.4,42.6,31.6,31.98,46.01,6.76,725.7,pigeonpeas,black soil
80.2,37.3,45.4,23.93,60.95,7.41,794.7,chilli,black soil
59.3,26.2,43.0,31.43,45.94,8.29,684.4,jowar,black soil
55.7,43.0,37.5,21.99,50.9,6.97,652.3,sunflower,black soil
7.1,36.4,9.2,29.8,25.77,9.42,1857.9,maize,laterite soil
48.5,33.2,36.9,23.48,52.98,6.96,977.0,ragi,red soil
101.4,52.4,72.1,23.32,62.51,6.81,834.9,tomato,red soil
66.2,45.7,42.4,17.24,61.72,6.89,502.0,wheat,black soil
93.8,59.5,61.5,21.55,62.67,7.2,683.1,maize,alluvial soil
137.8,33.0,90.5,37.27,68.35,8.35,2035.5,cotton,alluvial soil
35.8,34.9,42.0,25.68,62.58,6.59,857.0,soybean,alluvial soil
125.1,67.9,67.8,25.64,79.64,7.25,1287.8,sugarcane,black soil
18.0,24.3,21.0,29.95,65.68,6.64,542.0,greengram,alluvial soil
26.8,26.3,48.5,27.91,64.28,6.13,700.0,groundnut,alluvial soil
15.4,33.7,26.3,23.93,54.31,6.2,413.8,lentil,alluvial soil
59.8,76.7,59.3,15.84,62.91,6.34,1347.1,tomato,black soil
92.8,63.2,69.6,27.29,55.76,6.99,770.1,pomegranate,black soil
39.7,42.8,32.6,33.49,68.5,7.46,666.2,pigeonpeas,black soil
125.3,14.0,14.5,43.9,31.53,9.24,1869.8,pomegranate,black soil
43.8,45.4,43.7,22.76,60.44,6.54,767.1,soybean,black soil
47.1,20.3,7.0,38.52,44.18,8.08,2279.4,groundnut,black soil
39.5,36.5,37.1,27.93,74.1,7.39,852.4,soybean,alluvial soil
32.0,43.8,28.2,27.76,67.38,6.13,680.3,soybean,alluvial soil
100.0,47.8,74.5,23.67,62.98,6.85,832.9,tomato,red soil
25.8,34.9,24.0,26.42,56.74,7.13,718.0,greengram,alluvial soil
37.4,36.8,44.0,26.06,67.92,7.43,896.0,groundnut,red soil
89.2,41.6,52.3,27.19,55.01,6.26,603.5,chilli,red soil
59.3,25.1,36.4,18.27,49.39,8.0,543.0,safflower,red soil
36.4,37.8,26.5,28.46,78.98,6.39,853.3,soybean,black soil
54.7,31.9,30.7,28.15,46.39,7.08,513.8,bajra,red soil
107.1,54.6,58.2,27.98,72.36,6.22,918.1,tomato,red soil
136.7,58.4,82.7,25.61,70.06,6.62,1885.4,sugarcane,alluvial soil
119.1,59.3,79.6,25.8,61.51,6.71,648.0,grapes,red soil
80.5,41.7,60.7,24.6,58.46,7.3,862.6,maize,alluvial soil
23.0,25.6,28.9,25.88,56.97,6.48,477.3,chickpea,red soil
64.8,40.6,50.9,31.97,56.12,7.94,558.7,cotton,black soil
32.8,31.1,30.1,29.28,50.04,7.81,443.1,chickpea,black soil
33.9,41.4,43.4,25.6,53.64,7.24,608.0,groundnut,alluvial soil
64.1,40.7,39.0,23.81,69.72,6.4,808.9,ragi,laterite soil
14.9,27.0,20.6,35.31,65.52,5.13,2310.6,pomegranate,alluvial soil
0.3,55.4,9.4,37.41,81.68,4.82,818.7,lentil,alluvial soil
137.8,57.2,75.4,26.47,75.84,7.5,1697.3,sugarcane,black soil
86.1,49.4,25.8,17.67,88.33,6.01,1127.2,sugarcane,laterite soil
49.6,35.9,28.6,23.11,71.55,6.04,734.6,soybean,black soil
42.8,34.7,49.7,26.17,56.7,5.78,875.8,ragi,red soil
34.2,44.4,39.9,23.07,48.31,6.7,632.7,pigeonpeas,red soil
0.1,71.9,59.3,20.96,75.65,5.07,415.2,sunflower,red soil
113.3,50.2,79.1,26.36,62.98,7.05,686.0,grapes,black soil
76.5,42.4,51.4,26.79,56.99,6.92,916.3,maize,black soil
98.9,64.7,80.2,25.62,63.16,6.75,616.5,grapes,red soil
21.3,28.5,23.0,25.82,61.89,7.45,438.3,lentil,black soil
21.9,40.2,36.2,28.97,51.02,6.13,612.5,groundnut,red soil
54.0,25.4,40.5,30.74,54.52,7.42,496.6,jowar,black soil
38.6,42.6,25.6,28.02,71.1,7.28,843.3,soybean,alluvial soil
17.2,28.2,29.2,33.74,59.6,7.19,762.5,greengram,black soil
91.4,48.3,57.1,24.81,72.02,6.97,813.2,maize,black soil
94.3,72.0,35.3,29.84,56.2,7.76,1521.1,groundnut,red soil
30.1,49.5,31.9,24.5,66.79,6.57,679.6,soybean,alluvial soil
66.5,53.1,47.2,29.13,67.46,6.47,655.3,cotton,red soil
30.2,37.9,38.2,23.71,74.16,6.0,925.4,soybean,alluvial soil
46.2,42.5,31.0,28.36,75.48,6.7,777.1,soybean,black soil
92.4,56.7,74.1,21.27,62.38,6.35,974.2,tomato,red soil
116.4,25.1,96.7,20.74,82.85,4.55,1472.2,tomato,alluvial soil
117.4,61.4,75.6,20.44,54.55,6.81,885.8,grapes,black soil
30.2,32.6,42.3,30.46,58.47,7.11,541.6,groundnut,alluvial soil
90.1,50.8,55.7,23.8,70.84,6.23,743.3,onion,red soil
24.9,27.2,17.8,26.63,57.27,6.49,501.4,blackgram,red soil
54.7,62.2,12.8,35.23,50.25,6.21,1783.2,ragi,laterite soil
75.2,51.1,58.3,24.39,62.13,6.79,945.8,maize,red soil
78.5,47.4,47.0,23.82,70.32,6.25,831.2,maize,alluvial soil
17.3,21.3,27.3,34.2,67.42,7.36,549.7,blackgram,black soil
59.5,25.3,37.8,21.33,38.58,7.99,601.6,safflower,red soil
102.4,66.2,74.4,31.23,77.13,6.9,1517.3,sugarcane,alluvial soil
22.8,31.9,18.9,34.84,63.39,6.08,528.5,blackgram,red soil
24.3,36.0,35.0,28.81,58.56,6.48,881.8,groundnut,alluvial soil
52.1,34.2,47.4,23.05,53.64,5.84,929.1,ragi,red soil
111.4,47.2,57.0,26.62,68.33,6.45,795.3,tomato,alluvial soil
65.8,38.8,53.7,16.05,55.39,6.79,528.8,wheat,black soil
23.7,20.6,24.9,29.08,51.32,7.26,622.9,greengram,alluvial soil
45.2,36.3,26.6,26.64,64.76,7.38,873.3,soybean,alluvial soil
99.6,59.6,84.4,30.69,44.71,7.36,558.4,pomegranate,black soil
24.5,25.0,25.9,28.46,61.33,6.85,748.3,greengram,alluvial soil
52.7,28.5,25.1,29.04,40.03,7.18,610.9,bajra,alluvial soil
88.7,37.3,46.9,27.33,63.53,6.0,574.3,cotton,red soil
29.4,28.4,16.4,33.93,65.21,6.89,757.7,blackgram,black soil
25.8,24.3,23.3,29.12,56.84,7.24,559.3,blackgram,black soil
56.6,28.4,34.0,27.44,64.88,7.78,663.8,jowar,red soil
20.7,20.4,18.5,25.39,65.42,6.23,552.6,blackgram,red soil
97.4,52.7,75.4,23.43,67.78,7.35,676.2,grapes,red soil
35.7,31.3,31.8,24.55,71.04,7.23,860.1,soybean,black soil
89.0,47.4,68.8,20.43,63.47,6.53,958.4,onion,alluvial soil
109.3,79.3,48.0,35.8,55.06,5.75,1711.0,chickpea,black soil
41.0,48.8,59.9,43.15,35.3,7.89,1815.5,tomato,laterite soil
84.2,36.0,47.4,24.16,55.6,7.15,612.3,cotton,black soil
96.7,52.9,66.9,20.07,64.72,6.57,702.2,tomato,alluvial soil
19.2,22.3,23.1,31.51,67.53,7.27,543.9,greengram,black soil
20.3,79.9,35.8,15.73,34.51,7.17,1064.9,cotton,laterite soil
131.3,53.4,87.4,27.22,84.09,6.56,1939.7,sugarcane,alluvial soil
78.0,50.9,62.1,30.22,56.85,6.37,729.4,chilli,black soil
67.4,37.0,40.0,28.74,49.93,6.98,576.2,sunflower,red soil
47.5,28.2,33.6,17.55,39.82,7.51,418.2,safflower,black soil
49.4,41.4,49.4,28.28,65.28,6.36,883.9,ragi,laterite soil
23.9,27.1,28.7,22.91,46.37,6.05,445.6,lentil,black soil
25.3,34.6,31.2,26.33,44.91,6.23,621.7,chickpea,red soil
68.1,46.8,40.9,25.47,59.04,7.01,914.5,cotton,black soil
54.9,34.9,30.7,23.1,50.18,7.41,539.6,safflower,black soil
103.5,68.5,62.2,32.06,53.95,6.8,589.8,pomegranate,red soil
31.1,39.4,32.0,25.4,58.83,6.21,600.5,chickpea,red soil
73.4,45.6,40.8,17.03,56.57,6.68,520.3,wheat,black soil
48.2,35.5,46.3,29.12,69.55,5.69,985.5,ragi,red soil
35.0,30.9,38.7,28.31,71.93,6.94,668.0,soybean,alluvial soil
23.1,37.4,75.8,23.89,20.46,8.4,1168.7,ragi,black soil
15.6,21.2,25.8,29.24,58.87,7.42,689.1,greengram,black soil
48.8,30.1,45.3,23.1,55.84,5.57,648.1,ragi,red soil
64.8,48.4,49.9,24.17,54.63,6.74,674.8,sunflower,red soil
84.0,43.7,51.5,24.08,61.59,7.46,602.4,onion,alluvial soil
11.9,7.3,92.8,44.25,69.75,4.87,1260.6,bajra,black soil
56.8,34.1,42.3,30.19,58.79,8.42,505.7,jowar,black soil
22.9,37.9,93.2,24.38,26.54,7.24,1146.9,pomegranate,red soil
94.7,52.4,52.4,24.77,66.66,6.23,739.9,chilli,red soil
87.9,64.1,57.7,40.11,68.21,9.5,2275.3,chickpea,alluvial soil
50.0,31.7,44.4,31.84,55.38,7.78,693.7,jowar,black soil
57.5,49.3,44.0,24.98,40.84,7.69,695.5,sunflower,red soil
73.5,46.9,62.3,28.15,60.3,6.1,677.2,maize,black soil
79.1,74.4,71.5,41.59,56.53,5.31,1547.2,grapes,laterite soil
67.2,50.2,44.1,29.22,66.08,7.27,520.0,cotton,black soil
90.3,43.5,58.2,23.1,60.55,6.42,622.5,maize,black soil
135.8,5.2,29.3,13.51,50.89,4.92,510.4,chilli,laterite soil
92.7,49.2,52.3,23.83,58.66,6.68,808.1,maize,red soil
112.0,52.1,90.9,21.91,65.63,7.1,614.5,grapes,red soil
74.8,12.9,38.2,11.23,51.52,4.67,781.6,tomato,red soil
17.5,32.1,23.6,19.96,53.41,7.01,517.9,lentil,alluvial soil
137.7,65.7,80.2,29.84,74.78,7.02,1969.2,sugarcane,alluvial soil
97.1,49.2,69.1,22.77,56.64,7.32,790.7,onion,red soil
109.5,69.0,75.3,30.39,77.0,6.56,1444.1,sugarcane,black soil
97.2,61.0,61.7,20.21,70.23,6.94,656.1,tomato,red soil
79.8,35.1,50.7,20.25,69.52,7.22,455.9,wheat,alluvial soil
26.9,9.8,70.2,22.84,48.64,6.14,2015.3,blackgram,black soil
73.5,10.0,5.5,34.45,89.82,8.39,757.7,ragi,laterite soil
139.0,58.5,38.3,38.74,63.2,7.61,1601.0,wheat,laterite soil
26.1,31.2,41.3,32.13,66.79,6.19,577.5,groundnut,alluvial soil
65.6,42.2,84.7,20.55,69.12,8.16,237.9,grapes,laterite soil
38.2,26.6,25.1,29.87,49.55,6.39,615.9,bajra,alluvial soil
89.1,52.2,70.4,25.58,57.64,6.7,634.7,pomegranate,black soil
132.6,10.9,89.3,10.79,65.18,7.21,445.5,maize,black soil
23.8,20.3,26.1,26.13,61.56,7.08,581.4,blackgram,black soil
29.3,30.0,28.8,33.78,51.08,7.08,530.7,blackgram,red soil
66.0,35.6,45.7,20.51,54.47,6.04,521.5,wheat,alluvial soil
57.3,33.7,43.6,28.78,58.08,7.65,657.7,sunflower,alluvial soil
46.6,35.2,42.0,29.42,47.45,7.52,501.4,jowar,red soil
86.9,54.9,52.1,26.87,70.24,6.36,899.9,chilli,red soil
33.7,27.2,47.7,26.25,61.99,7.12,880.7,groundnut,alluvial soil
32.0,37.6,25.4,33.97,63.72,7.61,760.9,pigeonpeas,black soil
41.0,64.6,16.7,28.78,93.07,6.91,1266.0,pigeonpeas,red soil
41.5,0.0,33.1,38.96,26.55,4.96,1392.8,chilli,alluvial soil
63.0,34.2,46.5,23.27,58.77,7.48,601.5,sunflower,black soil
29.2,20.0,28.5,27.25,50.9,7.46,543.0,greengram,alluvial soil
126.9,15.5,19.1,10.21,77.52,9.24,2231.2,chickpea,alluvial soil
132.8,56.0,73.0,29.26,78.5,7.33,1832.5,sugarcane,alluvial soil
6.6,46.6,6.5,39.97,70.0,7.35,2457.9,sugarcane,laterite soil
88.4,57.4,55.1,24.64,69.3,7.42,870.0,maize,alluvial soil
64.7,46.6,53.7,24.4,50.7,6.4,461.8,wheat,black soil
73.0,44.7,42.8,21.11,55.68,6.24,615.4,wheat,black soil
49.4,35.2,35.0,26.76,62.18,5.97,792.8,ragi,red soil
62.4,15.9,56.6,30.98,92.97,7.24,297.6,lentil,black soil
6.2,52.0,12.7,20.9,31.67,5.98,2309.5,safflower,laterite soil
55.2,77.2,81.2,12.32,76.09,6.8,1789.8,wheat,alluvial soil
50.6,1.5,19.4,41.26,74.97,6.65,1307.1,sugarcane,black soil
24.1,24.7,17.8,30.4,53.57,6.52,703.0,blackgram,black soil
85.3,52.3,89.1,33.74,40.65,7.04,768.0,pomegranate,black soil
53.3,35.3,42.1,26.94,63.2,7.8,716.0,jowar,black soil
118.1,67.1,83.6,32.56,64.89,6.85,1551.3,sugarcane,alluvial soil
129.9,54.5,72.4,28.45,66.36,7.43,1338.0,sugarcane,black soil
93.9,58.1,86.7,28.49,50.01,7.18,736.3,pomegranate,black soil
35.4,44.8,32.2,29.39,79.4,6.91,829.0,soybean,black soil
27.1,34.1,29.6,25.38,52.22,7.89,441.1,chickpea,red soil
50.3,25.9,30.4,30.69,44.45,7.38,482.6,bajra,red soil
58.2,42.1,53.6,29.84,56.07,7.04,594.9,sunflower,red soil
42.0,32.6,30.6,25.07,57.1,8.31,523.4,jowar,black soil
59.7,27.5,41.4,31.39,62.47,7.37,732.7,jowar,red soil
48.8,21.7,35.2,30.5,58.97,6.64,506.3,bajra,alluvial soil
48.7,32.0,34.8,34.92,42.93,6.28,537.1,bajra,alluvial soil
99.3,40.9,55.0,23.73,65.64,6.23,812.5,chilli,black soil
74.8,44.2,47.4,23.61,55.2,7.1,523.4,wheat,black soil
31.4,33.5,33.0,22.63,42.11,6.51,504.9,chickpea,black soil
130.5,55.5,78.1,25.39,81.14,7.21,1402.6,sugarcane,black soil
21.7,32.5,15.3,25.98,58.07,7.46,668.0,blackgram,black soil
24.6,28.6,22.3,28.27,53.0,6.69,626.1,chickpea,black soil
24.4,29.2,25.6,28.77,41.99,6.52,432.1,chickpea,black soil
63.2,38.3,51.1,20.93,55.88,7.75,787.2,sunflower,black soil
33.4,29.2,49.0,30.67,50.64,7.21,628.3,groundnut,red soil
45.9,36.4,34.7,25.2,65.42,7.09,732.8,soybean,black soil
90.5,56.8,49.4,28.82,72.81,5.92,776.4,maize,red soil
102.8,69.8,81.2,25.62,45.19,7.21,793.3,pomegranate,black soil
40.9,21.9,33.4,27.03,58.63,7.43,451.7,bajra,alluvial soil
59.2,38.3,43.2,25.19,62.07,7.16,672.1,jowar,black soil
109.0,64.1,85.3,34.91,66.18,6.74,1262.4,sugarcane,alluvial soil
50.6,34.0,41.8,22.92,42.43,7.19,596.2,sunflower,black soil
43.5,28.9,31.0,19.48,49.0,6.91,445.1,safflower,red soil
62.4,44.1,44.5,22.35,61.95,6.51,493.3,wheat,black soil
26.4,31.2,36.0,23.69,55.6,7.47,787.5,pigeonpeas,black soil
116.1,53.6,55.5,28.16,67.38,6.52,710.9,tomato,red soil
79.9,18.0,25.7,25.31,53.7,8.74,1033.2,sunflower,red soil
19.1,27.1,20.6,18.09,60.69,7.19,498.4,lentil,black soil
48.1,29.4,41.0,31.02,49.08,6.71,498.0,jowar,black soil
101.7,36.3,62.4,41.37,79.72,6.59,2239.0,sunflower,red soil
22.4,29.2,23.4,19.75,60.63,6.47,580.6,lentil,alluvial soil
80.4,64.0,72.9,28.61,58.74,7.21,717.9,pomegranate,red soil
40.4,44.3,42.2,28.1,66.24,6.13,633.0,soybean,black soil
54.9,28.1,31.9,28.46,48.46,8.38,456.7,jowar,red soil
129.9,44.1,37.4,16.86,36.93,6.77,2382.7,pigeonpeas,red soil
20.4,31.8,40.4,31.29,61.38,7.44,861.6,groundnut,red soil
129.6,59.7,75.3,30.29,77.74,6.58,1514.3,sugarcane,alluvial soil
45.3,34.2,47.0,22.62,65.48,6.25,941.9,ragi,laterite soil
51.8,25.8,31.9,30.7,42.36,6.98,491.3,bajra,red soil
40.8,34.4,25.8,27.99,54.34,6.15,424.6,bajra,red soil
41.5,30.3,36.2,23.65,66.48,7.37,694.8,soybean,alluvial soil
80.7,57.3,65.6,25.22,59.74,7.48,735.1,onion,alluvial soil
99.3,55.9,74.2,30.56,53.62,6.89,531.7,pomegranate,black soil
41.0,30.6,34.1,28.65,52.66,7.03,665.9,jowar,black soil
83.8,45.2,56.4,24.8,55.62,7.02,636.8,chilli,black soil
68.6,43.6,45.1,21.3,51.18,7.0,599.4,wheat,black soil
92.9,59.3,67.5,26.84,45.59,6.81,595.9,pomegranate,black soil
20.2,28.8,23.3,21.63,55.52,7.04,543.9,chickpea,black soil
15.3,27.0,22.8,34.51,61.81,7.28,720.2,blackgram,red soil
58.9,36.3,44.8,18.82,47.63,7.61,561.1,safflower,red soil
47.0,47.0,52.2,14.97,29.76,9.25,2195.5,soybean,black soil
7.4,34.8,75.7,22.72,81.35,5.76,1076.8,ragi,alluvial soil
17.9,26.5,29.4,28.55,54.61,6.54,508.9,greengram,alluvial soil
62.6,46.2,50.1,26.28,60.54,7.16,518.4,cotton,black soil
40.7,35.9,43.1,24.54,54.63,7.15,439.3,safflower,red soil
67.2,23.9,23.0,27.19,55.08,6.35,1790.6,lentil,red soil
54.6,33.2,43.8,27.97,49.81,7.9,537.9,jowar,black soil
61.5,13.8,65.6,39.21,21.66,8.36,2062.4,pigeonpeas,black soil
75.1,46.4,51.5,28.65,59.61,7.3,819.8,maize,alluvial soil
21.3,42.7,46.7,32.9,58.88,6.52,813.0,groundnut,red soil
80.6,46.3,56.9,23.33,57.76,7.32,863.4,chilli,red soil
95.8,53.6,92.3,23.47,58.89,6.76,898.5,grapes,red soil
62.8,39.2,47.3,18.29,67.79,7.42,540.7,wheat,black soil
88.8,57.8,97.3,44.87,80.45,6.29,2209.5,sunflower,alluvial soil
22.0,36.6,37.8,30.95,52.16,7.34,873.3,groundnut,alluvial soil
98.5,45.8,53.5,31.94,55.95,7.11,982.0,chilli,black soil
37.1,39.5,31.6,26.02,70.02,7.24,919.9,soybean,alluvial soil
59.4,25.3,40.4,31.32,63.78,6.59,720.0,jowar,black soil
116.7,63.6,73.8,28.67,71.69,6.5,899.6,tomato,red soil
23.6,28.4,27.2,24.53,48.97,6.33,422.2,lentil,alluvial soil
84.8,41.5,47.9,34.72,63.61,6.62,867.7,cotton,red soil
87.5,42.5,49.0,30.3,64.97,6.52,760.7,chilli,black soil
89.9,48.6,62.3,26.79,61.13,6.54,814.6,maize,black soil
48.5,49.7,32.3,28.59,66.91,6.56,983.5,soybean,black soil
72.0,47.5,49.9,20.75,57.79,7.17,555.1,wheat,black soil
85.1,45.9,64.6,20.38,60.41,7.26,875.7,onion,alluvial soil
46.0,33.6,41.7,20.74,59.86,6.55,891.4,ragi,laterite soil
27.0,40.5,35.3,28.36,56.26,6.99,806.7,pigeonpeas,red soil
16.7,32.8,23.4,22.49,49.25,6.2,404.3,lentil,black soil
67.6,43.2,50.5,25.56,46.87,6.78,720.2,sunflower,black soil
15.8,28.5,24.3,34.67,52.41,6.73,647.6,greengram,alluvial soil
17.6,31.9,23.2,23.09,62.03,6.49,457.2,lentil,black soil
43.4,32.0,30.4,15.43,47.46,7.96,573.0,safflower,black soil
72.1,35.3,49.7,29.12,55.27,7.29,783.9,chilli,black soil
95.3,45.2,68.5,29.07,63.68,6.35,666.4,tomato,red soil
33.7,39.4,32.9,26.86,59.62,6.89,869.9,pigeonpeas,red soil
22.8,25.8,23.7,21.94,48.94,6.52,504.7,lentil,alluvial soil
56.6,50.0,91.0,29.87,44.22,7.58,1464.5,sunflower,red soil
74.4,39.4,40.4,42.97,53.87,7.99,1968.3,cotton,alluvial soil
100.7,38.1,77.8,36.41,81.29,7.1,1271.4,pigeonpeas,laterite soil
37.8,11.4,50.1,43.9,67.29,8.68,1334.2,grapes,red soil
101.9,57.2,68.0,24.04,64.17,6.71,946.7,tomato,red soil
38.3,43.5,38.8,34.19,55.73,7.89,692.0,pigeonpeas,red soil
22.5,30.2,29.8,24.16,55.92,7.69,576.5,chickpea,red soil
33.8,15.0,78.4,43.11,81.66,9.27,1949.6,sugarcane,red soil
66.0,70.9,25.3,28.93,51.93,9.31,2171.2,greengram,laterite soil
130.6,72.2,18.9,17.09,22.21,7.19,263.3,chilli,red soil
105.8,59.9,82.7,33.96,76.9,6.59,1529.2,sugarcane,alluvial soil
135.9,5.6,68.7,19.98,85.35,7.51,379.0,onion,alluvial soil
65.1,39.6,51.3,27.13,54.35,7.81,533.1,sunflower,black soil
18.4,56.0,35.4,19.5,77.94,5.51,812.1,bajra,laterite soil
35.9,12.5,94.7,16.61,92.48,8.72,1129.2,tomato,laterite soil
54.7,38.8,98.1,11.94,71.94,9.19,542.3,lentil,red soil
72.2,48.5,61.1,22.29,71.22,6.82,899.0,chilli,red soil
90.8,49.7,48.5,25.77,67.66,7.31,895.1,maize,alluvial soil
50.6,31.7,44.9,28.43,60.5,7.22,515.9,jowar,black soil
26.0,28.9,32.1,24.96,58.82,6.51,620.0,chickpea,black soil
72.8,53.6,51.6,25.11,55.69,7.38,953.8,cotton,red soil
18.8,59.8,63.4,30.72,78.99,4.54,1071.6,wheat,laterite soil
134.4,75.0,79.7,36.57,24.27,6.63,843.9,groundnut,red soil
60.5,43.1,44.0,15.12,52.41,6.12,509.6,wheat,alluvial soil
7.0,10.6,31.2,18.25,65.72,5.71,285.2,pigeonpeas,black soil
92.1,54.9,69.4,20.47,79.65,6.7,646.3,tomato,red soil
130.0,69.0,72.4,30.14,66.05,6.89,1395.7,sugarcane,black soil
73.8,40.2,56.4,24.65,60.44,7.48,915.0,chilli,black soil
74.0,52.6,0.7,17.7,29.93,9.03,1791.4,safflower,laterite soil
110.9,68.8,77.8,28.0,67.73,7.25,815.9,grapes,red soil
61.1,38.2,44.8,24.63,68.33,7.19,794.2,ragi,red soil
59.8,39.4,31.6,29.5,57.16,6.97,488.4,jowar,red soil
65.0,34.5,93.2,39.37,56.06,5.6,559.9,soybean,black soil
28.1,32.9,28.2,25.69,40.02,7.53,629.4,chickpea,red soil
137.0,62.3,81.3,25.78,75.44,6.57,1323.2,sugarcane,alluvial soil
28.8,57.9,16.9,17.48,69.67,5.16,1541.9,chickpea,red soil
63.4,44.9,37.8,29.96,57.81,6.21,993.2,ragi,laterite soil
62.4,41.5,57.0,34.93,67.21,7.03,928.5,cotton,red soil
49.6,38.2,51.1,43.7,46.54,8.28,1885.5,maize,red soil
15.0,36.9,38.0,24.75,53.03,9.14,2364.8,chilli,laterite soil
33.1,34.0,42.5,26.62,69.1,6.64,717.5,soybean,black soil
20.1,38.8,33.9,26.59,49.65,7.4,441.8,chickpea,black soil
97.1,42.3,64.0,29.47,73.5,5.83,651.1,maize,alluvial soil
52.0,30.4,39.4,18.36,45.41,7.75,463.4,safflower,black soil
41.8,39.3,44.7,24.72,46.2,7.76,587.9,safflower,black soil
119.7,66.7,73.1,30.27,61.69,7.15,1666.9,sugarcane,black soil
101.5,63.3,72.4,28.57,69.86,6.78,809.6,tomato,red soil
91.4,37.1,46.5,22.43,60.16,6.84,872.6,chilli,red soil
47.9,36.4,40.7,22.54,50.52,7.15,457.0,safflower,black soil
120.2,63.1,75.9,26.28,82.65,7.33,1628.7,sugarcane,black soil
68.2,47.7,55.4,28.11,60.89,7.06,886.2,cotton,red soil
98.9,50.7,60.4,29.96,45.39,6.54,749.0,pomegranate,red soil
94.1,50.3,67.9,26.46,79.17,6.34,733.7,tomato,alluvial soil
68.5,41.4,45.7,19.65,56.48,7.36,531.6,wheat,alluvial soil
85.4,66.2,65.0,27.34,50.29,7.06,778.2,pomegranate,black soil
134.4,76.3,95.8,27.6,59.08,5.9,2484.1,wheat,red soil
61.9,43.0,53.4,21.47,58.69,7.2,642.5,wheat,alluvial soil
51.6,39.8,36.2,22.15,50.57,6.81,434.7,safflower,black soil
98.3,50.5,60.5,22.98,78.74,6.33,718.6,tomato,red soil
62.0,47.3,54.0,21.06,50.84,6.73,680.7,sunflower,black soil
51.8,25.2,42.6,20.91,45.32,7.74,534.1,safflower,black soil
76.2,41.0,50.2,22.33,60.54,5.81,951.0,maize,alluvial soil
86.3,55.3,77.6,28.99,59.78,7.11,613.9,pomegranate,red soil
60.5,35.0,54.1,19.7,58.42,6.85,576.5,wheat,alluvial soil
42.0,29.1,33.8,28.61,62.58,8.18,698.7,jowar,black soil
46.4,70.8,96.6,12.59,32.22,9.04,1670.1,jowar,black soil
100.1,58.0,85.9,30.88,75.57,7.07,1342.9,sugarcane,black soil
43.3,35.6,30.4,27.75,45.42,8.43,483.5,jowar,red soil
29.9,26.4,20.4,24.94,51.03,7.04,629.0,chickpea,red soil
23.3,25.1,22.5,22.03,63.09,6.39,525.3,lentil,black soil
24.1,28.3,19.5,29.09,53.18,6.96,702.8,blackgram,red soil
79.3,47.7,53.9,21.79,65.86,6.57,817.6,maize,alluvial soil
59.5,55.4,7.0,32.76,87.99,7.3,909.3,lentil,black soil
133.1,60.0,60.8,34.25,61.08,6.87,1566.4,sugarcane,alluvial soil
32.6,38.8,36.0,28.84,56.78,7.08,829.6,pigeonpeas,red soil
21.0,27.8,23.2,21.93,59.7,7.13,516.2,lentil,alluvial soil
51.3,46.7,37.2,25.44,52.39,7.78,747.3,sunflower,black soil
50.1,34.2,41.2,26.74,52.66,5.84,662.8,ragi,red soil
79.1,53.3,54.5,25.83,72.51,6.84,929.0,chilli,black soil
29.7,22.0,27.6,30.6,62.62,6.21,616.2,blackgram,black soil
83.2,36.5,50.1,27.22,73.22,7.12,786.4,chilli,red soil
96.5,37.0,62.0,30.27,65.2,6.75,791.2,chilli,black soil
44.5,33.3,41.5,29.65,74.05,7.39,784.4,soybean,alluvial soil
59.7,30.7,36.7,17.52,54.76,7.25,477.7,safflower,red soil
2.7,40.3,7.1,38.72,50.87,8.12,375.3,lentil,laterite soil
76.5,47.2,38.0,16.69,58.11,6.25,1430.2,chilli,laterite soil
117.4,11.8,9.8,25.11,24.92,8.87,2337.8,pigeonpeas,laterite soil
34.7,40.8,30.6,31.72,57.14,6.49,643.3,groundnut,red soil
36.0,40.6,32.2,34.26,59.83,7.62,731.7,pigeonpeas,red soil
64.7,40.6,56.2,27.68,65.73,6.85,842.4,cotton,black soil
103.0,52.5,61.2,19.3,72.58,6.17,771.1,onion,alluvial soil
119.1,29.1,78.3,20.59,38.23,5.9,1385.3,cotton,red soil
79.6,4.2,95.3,10.09,78.99,8.15,638.9,grapes,laterite soil
58.2,35.7,30.6,18.41,38.48,7.8,544.0,safflower,red soil
115.8,60.9,81.9,33.42,64.42,7.24,1494.9,sugarcane,black soil
111.6,55.3,73.5,28.02,79.46,6.88,986.9,tomato,alluvial soil
79.8,46.5,40.8,34.49,62.59,7.55,583.0,cotton,black soil
125.7,28.2,47.6,26.75,41.81,6.09,2495.5,sugarcane,laterite soil
44.0,29.0,34.6,34.7,42.42,6.21,613.8,bajra,red soil
76.4,39.8,48.8,20.25,63.91,7.23,621.0,wheat,black soil
117.1,62.5,75.3,27.82,68.28,6.56,798.9,grapes,black soil
54.3,23.2,36.6,33.3,58.65,6.65,420.0,bajra,alluvial soil
126.1,14.3,10.9,30.85,61.76,7.4,1481.3,safflower,alluvial soil
23.5,44.0,38.0,30.03,63.45,6.81,798.2,groundnut,alluvial soil
63.6,38.0,26.4,32.73,74.28,9.06,2346.8,grapes,black soil
24.3,3.3,8.5,27.17,35.06,6.57,1612.3,cotton,laterite soil
35.5,35.4,27.4,25.23,40.55,8.11,2297.9,safflower,black soil
83.7,45.5,57.5,29.88,58.41,6.26,969.2,chilli,red soil
77.8,44.2,55.6,28.51,59.15,7.46,994.6,maize,red soil
129.9,72.9,7.4,43.68,79.49,6.11,1512.7,cotton,red soil
21.4,26.7,48.2,30.62,50.62,6.82,895.4,groundnut,red soil
31.5,28.8,23.8,29.82,46.4,6.15,552.0,chickpea,black soil
38.1,69.7,22.0,44.05,83.96,6.89,1566.4,blackgram,red soil
62.7,35.5,25.3,43.17,31.28,5.71,2461.8,sugarcane,red soil
16.5,32.3,27.5,24.21,47.87,6.83,466.8,lentil,black soil
32.1,41.3,31.4,27.93,54.93,7.92,674.2,pigeonpeas,red soil
99.6,48.3,69.2,21.99,60.11,6.77,867.6,tomato,red soil
58.4,25.6,32.0,21.22,52.74,7.17,408.5,safflower,black soil
57.1,38.6,51.0,26.41,48.77,7.85,791.2,sunflower,red soil
97.4,65.3,72.4,28.9,66.24,6.66,621.7,grapes,red soil
23.2,21.0,20.4,27.97,62.38,7.16,693.5,blackgram,red soil
46.1,46.2,68.0,37.95,74.36,7.75,1989.5,chilli,black soil
14.9,55.1,53.9,34.25,78.17,5.27,1894.6,sugarcane,alluvial soil
55.0,31.7,37.0,27.38,41.3,7.58,487.6,bajra,red soil
62.7,41.9,39.6,25.4,67.83,6.19,791.9,ragi,red soil
100.9,57.5,66.6,23.28,72.3,6.43,975.2,tomato,alluvial soil
28.5,32.5,31.8,27.85,68.62,7.54,844.3,pigeonpeas,black soil
39.0,26.2,48.3,32.14,57.43,6.74,600.3,groundnut,alluvial soil
29.0,31.9,22.1,26.39,57.5,7.87,497.9,chickpea,red soil
25.7,37.8,35.6,27.85,63.6,7.11,787.6,groundnut,alluvial soil
101.5,35.6,14.8,38.26,49.4,7.25,2059.4,ragi,red soil
114.9,48.1,66.1,28.96,79.65,6.91,770.4,tomato,alluvial soil
83.0,1.7,63.2,34.95,50.86,9.04,1363.2,sugarcane,red soil
77.7,43.0,53.7,29.57,55.09,6.71,840.0,chilli,black soil
103.5,55.1,89.2,33.0,51.12,7.49,665.5,pomegranate,black soil
58.5,28.7,39.8,24.19,45.79,7.97,495.1,safflower,red soil
49.7,38.7,32.0,21.2,46.88,6.59,644.0,safflower,red soil
64.2,37.4,35.8,29.63,47.06,7.51,624.4,sunflower,red soil
104.1,57.9,86.4,24.24,56.94,6.76,736.6,grapes,red soil
106.2,55.8,91.3,20.25,57.63,6.71,609.0,grapes,black soil
107.4,54.6,58.0,26.32,74.55,6.61,740.6,tomato,alluvial soil
15.7,28.7,28.4,20.1,46.7,6.09,527.1,lentil,alluvial soil
98.1,43.6,60.2,29.8,67.82,7.26,975.0,chilli,red soil
16.1,28.9,26.8,32.95,52.37,6.38,728.7,blackgram,red soil
16.6,34.8,25.5,28.88,60.03,7.13,526.1,blackgram,red soil
43.8,37.1,42.0,25.39,53.42,6.84,780.7,ragi,red soil
95.8,44.6,51.9,23.99,60.45,6.69,842.3,onion,black soil
76.8,41.9,54.6,21.28,74.86,6.76,897.5,maize,alluvial soil
97.3,54.1,61.6,25.58,57.34,6.13,888.1,onion,red soil
37.8,25.4,21.8,38.25,30.17,5.04,1263.5,blackgram,black soil
35.2,43.1,32.7,29.84,52.38,6.85,893.6,pigeonpeas,black soil
23.1,29.2,25.7,20.21,51.4,6.11,473.5,lentil,alluvial soil
106.8,53.4,50.5,25.98,61.56,6.26,910.9,onion,black soil
109.5,50.1,74.1,27.17,45.68,7.2,584.5,pomegranate,black soil
47.3,46.9,27.8,22.08,64.33,7.17,699.3,soybean,alluvial soil
27.5,28.2,23.0,22.97,49.34,6.81,553.2,chickpea,black soil
95.7,52.9,51.3,28.54,64.12,6.92,966.7,chilli,red soil
45.5,32.7,42.9,25.86,69.03,6.19,619.7,ragi,red soil
40.9,34.0,37.2,21.69,37.77,6.99,462.5,safflower,red soil
125.3,61.3,93.7,40.11,43.79,5.01,322.5,pomegranate,black soil
47.1,31.5,28.9,23.7,75.84,6.85,601.1,soybean,alluvial soil
93.6,40.1,59.7,26.11,57.0,7.2,660.4,chilli,red soil
3.5,58.0,82.8,38.57,92.35,5.74,2088.0,pomegranate,alluvial soil
26.3,26.1,34.3,20.31,43.66,6.06,550.4,chickpea,red soil
54.4,30.8,36.9,34.15,46.87,6.94,606.8,bajra,red soil
17.2,27.0,23.0,24.63,54.93,6.27,550.8,lentil,black soil
70.7,52.3,57.6,20.1,52.62,7.22,555.2,soybean,black soil
25.3,33.6,35.5,25.2,49.07,7.59,716.7,pigeonpeas,red soil
116.5,54.5,64.9,28.52,66.31,6.24,730.3,tomato,alluvial soil
49.8,32.5,33.8,28.73,68.72,6.4,907.5,soybean,black soil
46.3,36.6,32.4,28.19,68.42,7.48,990.0,soybean,black soil
37.0,46.2,42.8,22.83,67.9,6.03,936.7,soybean,black soil
89.0,36.8,41.3,29.23,58.2,7.8,936.6,cotton,black soil
59.3,37.1,38.5,30.18,59.2,7.95,630.6,jowar,red soil
27.4,37.7,32.8,21.29,43.38,6.16,604.6,chickpea,red soil
45.0,27.5,42.6,21.21,40.37,7.58,466.2,safflower,black soil
38.2,31.3,39.1,26.13,50.08,7.9,749.4,pigeonpeas,red soil
111.7,63.6,98.1,24.81,62.18,7.24,695.7,grapes,black soil
26.1,32.2,24.7,28.46,69.58,7.26,786.3,blackgram,black soil
105.3,51.3,63.9,25.75,71.38,6.05,919.9,tomato,alluvial soil
37.3,40.0,34.7,28.85,68.16,7.04,670.9,groundnut,red soil
98.6,57.7,54.5,22.97,55.23,6.33,992.4,onion,red soil
53.1,38.4,37.5,31.49,47.33,7.11,653.9,jowar,red soil
85.6,38.2,57.6,24.06,55.58,7.27,889.2,chilli,black soil
89.3,39.8,60.0,23.88,74.05,6.88,830.2,chilli,black soil
24.4,27.5,31.9,24.02,46.55,6.74,411.6,chickpea,black soil
84.4,40.2,49.2,26.56,56.84,7.04,803.5,chilli,red soil
109.0,52.0,68.3,26.63,54.46,6.79,722.9,pomegranate,red soil
86.9,6.9,27.2,13.61,53.21,4.91,536.2,safflower,black soil
107.9,64.5,86.0,32.63,47.32,6.84,628.6,pomegranate,black soil
51.8,11.3,4.9,40.84,48.71,7.31,1278.4,jowar,alluvial soil
28.9,33.0,24.5,28.12,64.47,6.08,771.1,blackgram,black soil
36.8,40.5,30.1,31.75,62.3,6.85,863.6,pigeonpeas,red soil
80.5,48.2,64.6,22.84,58.94,7.07,963.4,onion,black soil
87.0,25.2,95.9,38.66,94.3,7.09,1757.8,ragi,black soil
36.6,33.3,26.4,26.61,64.27,7.98,666.7,pigeonpeas,black soil
58.6,32.4,43.1,25.58,48.06,8.16,630.8,jowar,red soil
25.6,26.2,25.4,32.2,53.32,6.18,717.7,blackgram,black soil
26.2,15.6,97.6,40.48,64.72,6.12,1765.3,tomato,red soil
111.5,57.8,89.6,29.49,84.53,6.8,1538.4,sugarcane,black soil
92.9,29.2,79.9,35.69,37.42,8.68,692.1,ragi,alluvial soil
100.2,47.5,63.3,28.59,73.82,6.71,662.8,tomato,alluvial soil
83.6,50.6,55.9,29.97,68.28,7.26,917.6,maize,black soil
36.2,20.7,36.6,31.92,40.14,6.93,582.1,bajra,alluvial soil
81.9,51.3,61.4,26.49,70.91,5.74,770.9,maize,red soil
60.0,35.7,36.6,27.92,56.73,6.26,923.0,ragi,laterite soil
62.0,43.4,43.4,27.17,51.36,7.74,748.3,sunflower,black soil
19.4,30.7,27.1,30.66,66.48,6.43,746.4,blackgram,red soil
47.8,34.3,34.6,25.24,68.43,6.73,979.4,soybean,black soil
70.0,35.4,52.4,15.41,64.72,6.37,591.9,wheat,black soil
78.7,35.3,48.4,30.59,52.39,7.75,565.2,cotton,red soil
96.2,64.3,65.4,33.21,52.17,6.55,635.8,pomegranate,black soil
42.8,43.1,36.7,28.68,50.23,7.4,843.2,ragi,red soil
24.4,28.6,29.3,32.14,67.53,6.68,560.2,blackgram,black soil
17.4,52.0,35.8,38.67,33.89,8.9,2332.0,pomegranate,black soil
99.9,61.3,71.7,20.67,72.62,6.7,721.8,tomato,alluvial soil
130.8,67.6,64.0,28.8,69.08,7.25,1849.3,sugarcane,alluvial soil
31.3,32.5,29.8,26.54,57.79,7.3,682.5,pigeonpeas,black soil
115.4,74.3,58.8,23.17,51.01,9.41,1911.8,blackgram,laterite soil
31.1,30.5,33.7,32.81,48.54,7.81,694.0,pigeonpeas,red soil
71.8,73.7,54.7,16.58,32.33,6.23,515.5,ragi,red soil
51.7,37.6,46.3,26.37,52.88,5.77,657.7,ragi,red soil
95.4,48.8,61.9,26.87,69.27,6.57,662.0,tomato,red soil
53.5,42.1,46.0,24.5,57.32,6.32,903.5,ragi,red soil
20.6,29.3,36.0,30.3,65.1,6.13,503.1,groundnut,red soil
134.2,20.8,52.2,41.09,67.59,9.38,1168.9,chickpea,red soil
133.4,36.1,40.8,10.67,86.25,5.9,1299.9,pigeonpeas,red soil
43.4,34.6,43.7,30.5,53.27,8.44,564.4,jowar,red soil
83.3,9.8,12.6,14.43,75.92,8.24,606.0,grapes,alluvial soil
119.4,11.4,20.3,13.49,75.06,9.0,251.5,groundnut,laterite soil
80.5,42.8,59.0,22.18,61.37,7.39,778.1,maize,red soil
103.5,58.4,71.4,33.99,40.49,7.45,683.0,pomegranate,red soil
22.3,34.6,28.0,20.98,57.32,6.75,549.8,lentil,alluvial soil
132.2,66.5,99.4,17.5,41.5,7.95,2221.2,pomegranate,alluvial soil
51.1,29.4,38.6,31.48,41.26,6.87,574.2,bajra,alluvial soil
129.2,67.4,63.9,25.07,78.97,7.08,1736.6,sugarcane,alluvial soil
94.2,23.0,36.8,18.68,32.68,4.72,877.2,safflower,laterite soil
35.1,39.2,40.6,28.64,57.42,7.01,807.3,groundnut,alluvial soil
32.1,40.8,34.9,22.48,49.37,7.04,782.1,pigeonpeas,red soil
110.7,69.7,89.3,26.27,50.55,6.78,758.8,grapes,black soil
44.8,61.1,68.8,24.34,59.24,8.86,1006.7,cotton,black soil
110.7,73.8,72.5,40.08,58.52,5.29,737.8,wheat,black soil
28.4,37.7,38.5,30.48,65.0,6.97,805.7,pigeonpeas,black soil
9.5,20.2,27.7,34.06,53.47,6.97,2191.0,pomegranate,black soil
33.4,68.8,98.7,41.9,43.77,4.62,2213.0,greengram,black soil
51.0,33.2,40.5,27.89,63.9,5.6,758.3,ragi,laterite soil
45.7,69.3,23.3,17.39,30.78,8.73,1217.0,ragi,red soil
68.7,38.8,50.4,23.01,56.79,7.27,498.7,wheat,alluvial soil
129.8,18.1,85.2,30.92,46.72,5.88,1063.0,groundnut,red soil
30.7,58.1,58.9,36.44,79.07,6.3,924.1,cotton,black soil
80.7,39.7,46.5,29.21,67.34,6.35,987.8,chilli,black soil
100.3,20.4,67.2,30.63,68.33,5.73,1488.9,sugarcane,red soil
79.3,52.2,44.6,29.84,53.55,7.08,614.4,cotton,red soil
29.9,25.7,20.6,31.41,57.26,7.2,694.0,greengram,alluvial soil
98.6,74.8,18.9,35.77,87.1,4.57,726.6,lentil,red soil
102.1,57.9,49.8,36.98,55.88,8.15,1615.7,chickpea,alluvial soil
74.6,39.5,49.5,28.79,56.38,6.78,867.8,chilli,red soil
33.9,26.3,39.3,27.93,52.25,7.17,511.5,groundnut,red soil
96.5,41.9,46.1,27.0,55.35,6.28,767.8,chilli,red soil
48.2,49.2,34.7,22.32,69.53,6.96,814.4,soybean,alluvial soil
97.3,44.7,51.4,22.42,58.97,6.26,726.1,onion,black soil
85.9,37.5,61.9,30.67,68.61,6.73,932.3,chilli,black soil
31.9,28.8,34.4,21.45,54.36,6.3,614.9,chickpea,red soil
27.5,38.5,34.3,22.86,55.45,7.18,751.0,pigeonpeas,black soil
42.1,43.3,38.2,23.78,54.34,5.98,762.7,ragi,red soil
116.2,66.5,80.6,20.2,65.72,6.84,813.1,grapes,red soil
19.8,28.7,18.0,34.93,51.29,7.4,546.1,blackgram,black soil
111.5,57.4,63.5,29.09,83.95,7.34,1784.5,sugarcane,black soil
51.7,40.0,67.7,10.53,22.94,6.22,458.3,ragi,red soil
122.0,76.9,64.7,35.8,85.2,7.73,2396.6,chickpea,laterite soil
76.4,39.5,41.0,34.01,69.63,7.72,815.4,cotton,black soil
76.2,50.0,42.2,32.74,69.32,6.36,697.7,cotton,red soil
46.0,36.0,33.0,28.0,60.28,6.77,519.5,jowar,black soil
45.8,30.8,37.6,31.36,47.57,7.45,550.9,jowar,black soil
97.9,50.9,77.2,22.03,67.07,7.35,793.0,grapes,black soil
33.9,52.6,85.2,11.34,30.16,4.73,1584.3,grapes,black soil
100.9,66.5,99.9,20.94,60.42,6.62,610.1,grapes,black soil
50.6,26.4,40.4,19.16,54.87,6.77,497.0,safflower,red soil
43.3,26.6,39.4,24.83,43.37,7.64,463.1,safflower,red soil
32.2,37.3,27.2,27.95,65.07,6.72,796.1,pigeonpeas,red soil
135.7,22.3,66.9,10.96,67.49,7.68,645.8,cotton,alluvial soil
51.2,21.2,26.5,31.42,44.17,6.29,518.6,bajra,alluvial soil
33.5,37.9,29.1,25.82,59.04,6.82,636.9,pigeonpeas,red soil
26.4,32.4,25.8,31.88,61.74,7.49,830.7,pigeonpeas,red soil
34.9,4.4,14.5,14.22,56.29,8.01,896.3,ragi,laterite soil
48.9,65.9,49.7,19.48,60.41,7.0,1015.8,chilli,red soil
44.2,29.1,28.8,29.07,59.97,7.48,462.2,bajra,alluvial soil
125.4,58.4,54.3,20.08,36.45,5.1,1418.7,pomegranate,red soil
37.1,39.2,37.1,33.97,65.29,7.77,786.6,pigeonpeas,black soil
101.8,55.9,55.3,29.26,74.39,6.25,705.2,tomato,red soil
49.4,20.6,39.9,39.76,46.26,7.13,1696.0,chickpea,laterite soil
54.4,21.7,30.8,31.29,54.98,6.26,459.9,bajra,red soil
22.3,27.0,46.0,26.08,78.6,5.64,865.3,groundnut,alluvial soil
81.3,63.6,69.3,28.13,59.14,6.56,519.7,pomegranate,red soil
29.3,34.8,33.8,31.12,69.64,6.72,671.4,pigeonpeas,red soil
23.9,33.5,33.1,25.14,53.45,7.87,525.9,chickpea,red soil
56.0,39.4,38.7,26.17,50.22,6.69,699.8,jowar,black soil
86.4,46.4,60.0,18.02,72.03,6.31,873.7,onion,red soil
21.7,13.7,81.2,29.55,58.87,7.0,1688.5,sunflower,laterite soil
47.6,39.3,32.6,30.9,54.36,7.35,604.4,jowar,black soil
120.3,68.2,64.6,37.57,50.86,7.14,1501.5,blackgram,red soil
74.8,79.8,67.8,43.16,84.92,9.05,422.8,ragi,alluvial soil
97.4,57.9,54.7,24.47,68.45,6.34,633.5,maize,black soil
43.9,42.7,43.9,24.21,77.49,7.47,745.5,soybean,black soil
36.8,35.9,48.8,26.75,51.05,7.44,588.1,groundnut,alluvial soil
15.9,29.6,22.9,21.99,56.78,6.52,576.3,lentil,black soil
42.2,26.9,33.5,27.57,44.14,6.6,623.6,bajra,alluvial soil
36.0,49.1,33.9,27.94,70.77,6.29,977.5,soybean,black soil
125.3,68.2,75.7,28.59,84.15,6.57,1653.7,sugarcane,alluvial soil
125.9,49.9,87.7,29.05,24.33,8.29,336.0,soybean,red soil
21.8,32.6,19.1,27.9,52.45,6.93,571.0,blackgram,red soil
80.7,47.1,64.9,18.34,68.68,7.15,661.4,onion,red soil
14.6,73.3,27.2,22.54,65.04,7.8,1621.5,onion,alluvial soil
47.7,56.5,50.2,42.18,64.6,4.61,1996.0,ragi,black soil
22.9,31.7,24.0,25.64,49.51,7.08,559.9,lentil,black soil
99.0,66.1,73.3,26.49,50.91,6.83,794.5,grapes,red soil
78.4,42.6,61.9,22.17,61.48,6.09,841.1,chilli,red soil
95.6,54.1,84.5,20.47,51.05,7.03,669.3,grapes,red soil
27.5,32.8,25.7,23.8,50.77,7.81,549.5,chickpea,black soil
82.6,53.6,64.3,27.15,60.61,6.18,824.3,onion,black soil
111.9,58.5,74.9,22.19,69.39,7.02,662.4,grapes,red soil
81.0,24.5,13.3,23.06,46.06,4.8,1772.8,soybean,laterite soil
22.0,39.7,27.2,20.44,44.14,6.5,611.9,chickpea,black soil
40.7,30.3,31.2,15.5,52.26,7.37,612.7,safflower,black soil
44.3,35.4,46.7,23.27,68.15,7.19,772.4,ragi,red soil
21.8,27.5,20.1,18.64,49.86,6.01,506.3,lentil,alluvial soil
40.9,44.3,36.5,29.49,60.85,7.05,763.1,ragi,laterite soil
17.8,26.8,20.3,26.45,50.11,6.7,432.6,lentil,alluvial soil
64.8,36.2,38.3,29.75,69.34,7.31,647.6,ragi,red soil
39.7,44.4,27.3,30.94,68.53,7.93,855.8,pigeonpeas,red soil
70.9,45.9,57.9,24.88,57.41,7.75,979.9,cotton,red soil
7.7,9.1,97.2,19.8,81.68,8.51,2083.4,maize,red soil
125.6,64.5,63.8,29.05,84.2,7.42,1292.5,sugarcane,black soil
106.7,53.2,60.2,23.25,60.61,6.35,621.5,onion,red soil
15.7,22.5,27.6,29.81,50.73,7.36,670.9,blackgram,black soil
35.7,28.4,48.9,30.05,62.95,6.19,663.7,groundnut,alluvial soil
48.5,31.4,32.3,18.27,42.7,7.92,432.5,safflower,red soil
65.4,38.4,45.0,29.49,44.16,7.99,639.8,sunflower,black soil
128.2,46.8,95.5,22.91,42.95,6.55,2012.7,jowar,black soil
23.9,24.9,16.0,34.55,68.58,6.23,754.5,blackgram,black soil
116.6,4.1,47.3,37.94,83.63,6.52,354.7,chilli,laterite soil
101.1,59.2,99.0,43.05,52.11,7.2,2288.6,pomegranate,red soil
29.8,57.8,35.2,12.48,85.48,8.44,1841.6,lentil,alluvial soil
24.4,30.3,28.6,19.73,57.85,7.16,510.9,lentil,alluvial soil
70.4,51.8,41.5,33.26,65.6,6.92,604.6,cotton,red soil
98.4,52.5,81.2,26.65,65.05,6.75,743.6,grapes,red soil
92.8,49.0,62.4,24.27,62.91,7.39,947.2,chilli,black soil
88.8,58.1,53.4,18.08,65.38,7.08,762.3,onion,alluvial soil
58.2,32.9,33.2,29.65,46.04,6.99,589.9,jowar,red soil
81.2,58.0,53.2,18.93,56.27,7.16,916.2,onion,red soil
2.3,54.9,71.8,16.4,24.09,6.72,1383.2,wheat,alluvial soil
5.9,20.1,82.8,24.1,31.08,5.22,781.6,tomato,red soil
86.9,51.0,49.8,26.28,72.45,6.63,972.6,maize,black soil
24.4,28.7,28.7,21.89,56.26,6.06,403.3,lentil,black soil
77.7,35.6,51.7,27.44,67.64,6.36,748.6,cotton,black soil
55.3,31.7,39.9,23.74,47.78,7.06,535.5,safflower,black soil
40.5,33.8,32.5,23.9,46.08,7.46,545.8,safflower,black soil
26.6,24.7,21.9,32.92,69.77,6.81,661.0,greengram,black soil
43.4,26.3,44.8,22.76,37.03,7.89,500.4,safflower,black soil
57.6,12.0,88.8,43.04,30.96,4.88,647.9,chickpea,alluvial soil
61.4,36.8,38.4,22.63,54.54,7.92,599.4,sunflower,alluvial soil
104.9,47.4,59.7,19.15,56.35,6.92,685.6,onion,alluvial soil
80.7,51.3,45.0,23.73,57.85,7.46,739.7,chilli,red soil
95.8,15.2,21.9,20.11,56.34,4.87,2038.0,pomegranate,laterite soil
37.1,40.9,26.9,23.9,63.19,6.58,632.0,pigeonpeas,black soil
82.0,0.3,9.7,35.82,82.79,5.38,797.4,soybean,red soil
113.0,56.7,71.6,28.24,72.74,6.53,1785.8,sugarcane,black soil
86.6,40.0,61.1,20.83,62.47,6.57,687.2,onion,alluvial soil
63.3,48.0,36.9,23.97,47.61,7.08,720.5,sunflower,red soil
92.5,45.7,52.9,25.84,55.62,5.84,692.6,maize,alluvial soil
22.2,34.8,36.2,25.57,58.62,6.56,566.1,groundnut,red soil
65.5,10.0,28.3,17.93,78.11,8.32,2109.2,tomato,alluvial soil
117.5,55.2,79.4,31.01,67.36,7.06,1641.6,sugarcane,black soil
39.5,41.4,33.5,33.38,49.84,7.89,666.4,pigeonpeas,red soil
57.0,36.8,33.4,26.75,47.5,8.4,518.2,jowar,black soil
33.6,48.9,26.0,23.64,78.76,6.12,930.1,soybean,black soil
17.0,78.2,53.8,42.3,38.51,7.89,1919.2,groundnut,laterite soil
99.9,55.6,58.0,27.37,55.3,7.03,702.0,maize,red soil
109.4,63.3,66.2,34.85,50.5,7.49,527.6,pomegranate,red soil
54.2,26.8,33.3,18.83,42.6,7.21,570.4,safflower,red soil
90.0,48.5,58.5,23.86,71.15,6.33,634.8,maize,black soil
53.0,21.4,67.7,30.21,78.07,5.98,1170.9,bajra,alluvial soil
40.7,29.2,30.9,26.46,64.41,7.69,661.3,jowar,red soil
56.4,54.2,15.2,17.11,50.24,9.23,1910.7,pomegranate,black soil
46.8,30.9,34.0,25.85,45.89,7.22,700.0,jowar,black soil
128.7,51.7,78.0,25.91,69.71,7.4,1978.4,sugarcane,alluvial soil
61.8,45.4,47.2,27.71,62.48,6.12,772.1,cotton,red soil
84.4,40.1,67.0,27.92,59.75,6.23,844.1,onion,black soil
59.0,30.9,39.3,26.89,55.41,7.03,717.9,jowar,black soil
74.8,48.9,47.5,15.75,60.37,6.81,564.5,wheat,alluvial soil
69.7,41.1,42.0,20.66,42.39,6.79,764.5,sunflower,red soil
78.9,36.8,43.3,29.64,50.08,6.06,762.5,cotton,red soil
28.4,24.2,23.1,27.93,61.19,6.76,513.9,greengram,alluvial soil
83.7,47.5,58.7,28.72,71.4,6.33,946.4,chilli,black soil
73.0,42.8,47.6,17.62,65.63,6.56,590.8,wheat,black soil
101.2,69.7,63.9,25.33,74.79,6.81,1593.4,sugarcane,black soil
27.6,33.4,25.7,32.69,53.03,7.13,710.3,pigeonpeas,red soil
80.2,42.4,64.4,24.85,58.05,6.73,914.1,onion,black soil
97.2,47.3,52.1,26.69,56.09,7.31,780.6,maize,alluvial soil
96.9,47.8,55.6,26.54,64.0,6.56,624.2,chilli,black soil
71.1,75.2,98.2,43.93,41.7,6.35,1166.7,blackgram,black soil
107.1,39.3,4.0,38.19,43.99,7.19,1852.5,blackgram,black soil
21.0,37.9,28.0,27.01,54.75,7.94,450.1,chickpea,black soil
24.7,33.7,21.4,22.4,60.72,7.21,488.7,lentil,alluvial soil
52.1,31.3,42.3,28.73,46.39,6.64,587.3,sunflower,black soil
63.8,38.9,46.6,20.1,53.46,7.82,691.7,sunflower,red soil
88.5,50.2,48.7,27.85,59.26,7.87,949.7,cotton,red soil
17.5,31.6,23.8,34.81,56.54,7.38,518.2,greengram,alluvial soil
48.0,35.5,44.1,28.35,60.45,6.84,511.0,jowar,black soil
80.1,48.2,59.7,26.11,57.24,6.91,722.4,chilli,black soil
75.7,52.7,84.3,30.87,82.59,4.62,2272.7,groundnut,alluvial soil
89.4,56.5,69.4,27.14,43.85,7.14,661.0,pomegranate,red soil
47.7,45.5,41.6,29.24,61.99,7.05,834.0,soybean,black soil
22.3,60.7,86.3,44.32,72.08,8.59,317.4,bajra,red soil
23.2,35.0,20.0,21.61,64.14,6.99,544.0,lentil,alluvial soil
52.7,32.9,41.1,19.06,54.33,7.57,403.1,safflower,black soil
87.8,57.0,66.3,26.55,47.22,6.73,787.3,pomegranate,red soil
47.3,31.1,31.5,23.72,45.8,7.55,520.8,safflower,red soil
96.1,52.2,52.9,21.01,58.45,5.72,788.4,maize,black soil
99.3,50.7,50.1,23.94,59.66,7.24,983.2,chilli,black soil
54.7,29.6,43.2,20.74,44.93,6.51,467.6,safflower,red soil
50.1,36.0,41.9,29.6,65.45,6.52,816.7,ragi,laterite soil
52.1,46.0,36.1,29.72,59.46,7.39,567.8,sunflower,alluvial soil
91.8,43.5,66.3,23.03,63.28,6.85,871.1,onion,red soil
65.0,40.5,45.5,20.06,47.45,6.66,619.9,sunflower,alluvial soil
132.2,33.3,59.6,13.01,64.14,5.25,1004.2,tomato,laterite soil
35.8,24.6,29.2,27.05,58.37,6.29,427.1,bajra,alluvial soil
12.6,37.3,55.2,12.72,57.57,6.02,2386.0,lentil,red soil
133.7,16.0,84.0,33.27,23.94,6.49,1054.4,tomato,black soil
50.1,26.3,29.9,33.58,44.47,6.16,432.9,bajra,red soil
20.1,31.5,25.4,27.44,56.55,6.34,406.6,lentil,alluvial soil
35.0,24.7,18.3,17.44,24.47,9.21,469.0,groundnut,laterite soil
18.6,21.3,20.2,34.9,58.71,6.74,614.1,greengram,alluvial soil
89.2,36.5,6.2,42.94,66.76,6.69,1710.7,bajra,alluvial soil
138.9,41.7,94.3,43.25,94.41,7.55,2244.4,soybean,laterite soil
29.9,25.8,24.7,34.68,63.78,7.03,795.2,greengram,black soil
121.4,67.9,64.5,26.65,69.45,6.82,1459.4,sugarcane,black soil
43.6,26.9,29.5,30.06,42.63,6.0,482.9,bajra,alluvial soil
87.5,47.4,40.3,32.62,53.57,6.39,839.2,cotton,red soil
61.3,32.2,0.4,39.54,77.11,7.01,1944.9,chickpea,black soil
11.6,78.0,5.1,29.97,38.46,6.12,1536.0,groundnut,red soil
3.3,27.9,84.3,11.05,78.29,4.85,1765.3,grapes,black soil
71.0,37.4,41.6,20.82,58.82,7.11,510.2,wheat,black soil
56.5,35.4,37.8,25.21,59.25,7.17,765.7,sunflower,alluvial soil
102.2,53.2,60.0,24.78,62.96,6.59,651.7,tomato,alluvial soil
48.9,44.7,29.9,29.56,68.65,7.02,602.8,soybean,alluvial soil
43.5,42.5,46.1,25.92,54.47,5.87,812.9,ragi,red soil
24.4,28.9,23.9,28.76,52.73,7.64,483.7,chickpea,black soil
64.7,55.4,6.5,23.29,36.67,6.06,1595.6,sunflower,alluvial soil
106.8,68.4,92.9,23.29,59.23,6.93,777.2,grapes,black soil
48.4,49.6,44.9,24.2,67.76,6.1,943.5,soybean,alluvial soil
32.8,40.0,27.7,26.38,48.7,7.78,662.8,pigeonpeas,red soil
104.0,65.2,84.8,20.57,60.37,6.53,863.5,grapes,black soil
63.8,66.2,74.2,34.12,63.87,7.18,264.3,safflower,black soil
54.8,71.2,65.5,34.84,24.15,6.34,1301.8,tomato,alluvial soil
80.7,57.6,46.6,25.93,74.14,6.29,860.1,maize,black soil
64.4,63.3,85.8,16.47,63.96,7.64,1413.7,lentil,black soil
40.8,43.8,26.8,26.36,64.45,7.32,931.1,soybean,black soil
22.9,29.3,22.6,22.93,64.05,6.64,560.5,lentil,black soil
102.7,60.5,76.7,34.41,79.93,7.1,1535.1,sugarcane,black soil
82.5,59.8,54.4,28.27,74.14,5.69,905.3,maize,alluvial soil
48.9,20.6,31.5,31.96,48.77,7.03,598.8,bajra,alluvial soil
23.7,33.5,34.3,27.14,54.81,7.5,882.9,groundnut,red soil
136.5,59.6,63.4,26.31,82.59,7.08,1808.7,sugarcane,alluvial soil
65.3,40.4,35.6,24.48,48.44,7.01,782.3,sunflower,alluvial soil
38.0,20.2,43.9,25.37,91.14,9.28,221.5,pigeonpeas,black soil
17.4,30.5,18.1,25.89,63.24,7.2,516.3,blackgram,black soil
42.8,20.7,37.3,27.56,50.13,6.68,605.1,bajra,alluvial soil
107.9,53.9,94.0,25.99,54.42,6.53,698.9,grapes,red soil
101.1,58.4,86.2,25.74,45.97,6.7,510.4,pomegranate,red soil
39.6,30.8,31.9,28.89,71.95,7.24,888.6,soybean,alluvial soil
83.6,53.0,48.6,31.42,55.73,6.1,653.0,chilli,red soil
29.1,26.2,39.4,25.03,53.02,6.78,556.0,groundnut,red soil
20.3,28.0,24.4,24.62,60.82,7.31,509.0,lentil,alluvial soil
19.3,25.3,27.5,22.1,53.28,6.87,572.7,lentil,black soil
53.2,27.6,44.9,22.47,38.18,6.5,562.7,safflower,red soil
99.0,47.7,54.6,23.36,62.85,7.0,757.5,onion,red soil
102.4,11.7,3.7,34.92,93.92,6.37,1422.6,ragi,laterite soil
19.5,25.8,24.0,23.65,54.04,6.92,445.0,lentil,black soil
115.0,4.6,75.0,13.74,36.43,8.7,769.4,wheat,alluvial soil
44.3,42.5,39.1,23.44,61.83,5.99,683.0,ragi,red soil
47.8,38.6,38.0,27.09,52.4,5.69,718.0,ragi,red soil
50.8,14.4,7.5,17.79,43.2,7.67,1478.3,bajra,red soil
32.4,41.8,36.0,32.83,58.96,6.56,694.1,groundnut,red soil
5.7,36.2,93.1,22.01,69.37,9.42,1752.4,maize,laterite soil
110.2,61.1,66.5,26.04,62.22,6.16,845.0,tomato,alluvial soil
16.4,30.9,29.3,21.07,64.6,6.99,587.8,lentil,alluvial soil
31.4,33.1,32.0,31.91,45.51,6.65,891.4,pigeonpeas,black soil
113.8,70.0,70.7,24.05,52.54,6.85,821.8,grapes,red soil
35.2,42.4,46.9,27.5,55.62,6.04,795.3,groundnut,red soil
43.2,30.7,46.1,26.91,68.63,6.82,688.2,ragi,red soil
89.1,60.4,73.8,32.35,52.9,6.5,775.7,pomegranate,black soil
31.4,42.9,49.8,25.13,59.58,6.93,821.0,groundnut,alluvial soil
98.4,56.6,61.1,22.07,58.31,6.64,758.4,maize,red soil
90.1,53.9,88.3,26.06,46.67,7.34,591.0,pomegranate,black soil
100.5,57.1,73.6,29.54,74.28,6.31,912.7,tomato,alluvial soil
28.0,26.9,27.7,34.49,57.79,6.72,749.5,greengram,alluvial soil
41.5,37.1,47.5,25.97,50.08,7.21,793.6,ragi,laterite soil
119.1,51.7,72.2,27.69,60.27,6.56,659.6,tomato,alluvial soil
27.7,32.9,21.2,21.95,42.24,6.95,610.8,chickpea,red soil
53.2,33.6,41.2,27.06,53.46,7.46,654.9,ragi,red soil
16.6,32.9,24.4,27.78,54.07,6.52,462.8,lentil,alluvial soil
40.3,44.1,37.2,26.59,72.75,7.21,890.7,soybean,black soil
95.2,53.1,66.1,26.67,64.34,6.44,658.5,tomato,red soil
69.5,48.1,49.7,23.32,42.87,6.53,782.2,sunflower,black soil
76.1,51.4,46.5,25.24,56.21,7.47,900.6,chilli,red soil
134.6,35.8,32.1,16.12,76.07,8.04,727.1,groundnut,alluvial soil
122.1,61.9,71.1,34.06,73.75,6.61,1948.2,sugarcane,alluvial soil
85.0,35.9,56.5,29.52,61.59,6.39,608.9,chilli,red soil
59.1,35.4,36.2,25.66,59.69,8.35,654.5,jowar,red soil
75.9,56.2,55.1,25.92,61.43,7.28,785.3,maize,black soil
99.5,45.0,56.8,27.36,65.79,7.34,943.9,chilli,black soil
62.7,30.1,51.3,23.34,40.3,7.93,655.6,sunflower,red soil
49.0,38.5,39.0,26.99,60.44,7.45,657.5,jowar,black soil
55.4,48.0,53.1,25.29,50.07,7.54,718.1,sunflower,alluvial soil
26.8,41.5,28.8,23.9,68.24,7.35,780.3,pigeonpeas,red soil
49.2,35.8,31.4,19.89,54.35,7.71,438.0,safflower,black soil
20.9,26.8,38.2,28.9,56.94,6.74,515.8,groundnut,alluvial soil
130.1,59.1,75.0,33.42,61.42,7.36,1414.1,sugarcane,alluvial soil
34.4,32.4,27.5,31.29,62.98,7.14,778.1,pigeonpeas,red soil
92.5,55.6,70.4,24.44,76.08,6.71,948.4,tomato,red soil
60.1,35.5,46.4,27.8,61.77,6.54,784.4,ragi,red soil
21.8,33.3,29.9,28.87,68.84,7.27,627.3,greengram,black soil
110.4,60.1,73.8,27.0,81.76,6.69,1533.6,sugarcane,black soil
21.6,25.4,25.0,30.44,68.01,6.94,529.0,blackgram,black soil
27.6,42.8,46.6,31.66,60.72,7.31,637.0,groundnut,red soil
108.1,52.7,87.1,29.53,53.95,6.87,780.7,chilli,black soil
106.3,58.3,65.9,25.11,59.92,6.7,685.6,pomegranate,black soil
130.0,26.6,63.9,12.88,63.46,6.42,771.9,soybean,laterite soil
131.9,72.6,36.6,21.79,78.02,6.7,2499.6,jowar,laterite soil
8.2,70.0,3.9,15.3,68.9,5.46,1951.2,jowar,alluvial soil
93.1,55.3,83.6,29.56,69.96,7.38,772.4,grapes,black soil
63.1,53.3,50.0,30.76,57.95,7.56,863.0,cotton,red soil
28.0,23.3,20.7,31.64,66.58,7.14,652.8,greengram,black soil
27.2,23.7,20.7,26.17,55.41,7.37,600.0,greengram,black soil
33.4,31.4,5.8,15.5,54.37,7.96,2158.7,pomegranate,alluvial soil
86.8,52.7,64.7,20.84,74.89,7.26,714.3,onion,alluvial soil
25.2,37.7,29.6,24.47,47.44,7.08,883.1,pigeonpeas,black soil
98.1,49.7,65.7,28.97,71.78,6.05,795.9,tomato,alluvial soil
89.0,46.8,49.8,27.22,54.64,6.27,579.8,cotton,red soil
25.1,29.9,23.7,31.13,66.24,6.77,631.4,blackgram,black soil
16.2,31.2,29.2,26.81,51.38,6.71,411.1,lentil,black soil
27.1,64.3,61.6,44.27,35.68,8.66,1722.6,lentil,black soil
53.0,34.2,50.8,27.11,49.43,7.2,582.4,sunflower,black soil
31.2,43.0,38.2,28.67,67.77,6.88,844.5,pigeonpeas,red soil
19.7,27.3,29.8,32.99,61.21,6.84,515.7,greengram,alluvial soil
61.7,39.0,44.4,21.19,42.82,6.64,655.8,sunflower,alluvial soil
91.4,54.9,48.0,29.58,67.86,6.79,665.2,maize,alluvial soil
59.6,42.9,40.2,23.4,50.06,7.95,748.4,sunflower,alluvial soil
108.0,60.7,72.6,27.28,66.82,6.7,1638.9,sugarcane,alluvial soil
89.4,55.0,59.2,27.51,61.49,6.26,948.9,onion,red soil
20.4,21.8,23.0,30.76,62.81,6.8,610.6,blackgram,black soil
97.4,63.8,67.3,29.87,69.19,6.38,667.2,tomato,alluvial soil
127.3,8.2,11.0,37.71,38.4,5.65,2096.7,lentil,red soil
90.9,54.3,94.5,24.44,50.23,7.41,764.5,grapes,black soil
44.5,35.4,34.6,28.29,62.06,8.3,740.0,jowar,red soil
50.4,31.0,49.7,23.23,60.97,6.02,931.4,ragi,laterite soil
55.4,38.9,54.0,21.86,49.19,7.45,744.4,sunflower,red soil
21.2,30.4,24.2,29.35,52.94,7.1,694.0,greengram,black soil
107.6,67.7,83.7,22.27,57.11,7.16,767.2,grapes,red soil
114.3,53.2,73.9,20.98,59.67,6.91,752.6,grapes,red soil
52.2,54.1,28.0,18.35,73.35,6.41,574.4,maize,black soil
100.5,59.0,85.7,25.47,54.36,7.43,811.9,grapes,black soil
22.5,29.7,26.2,33.47,62.01,6.56,544.3,greengram,black soil
93.2,50.4,97.4,29.46,54.9,6.57,743.4,grapes,red soil
108.7,51.5,75.3,25.88,43.41,6.56,550.6,pomegranate,red soil
116.7,14.6,99.2,41.58,45.59,5.95,2203.0,greengram,laterite soil
130.8,11.2,50.8,23.45,54.36,5.19,2338.1,tomato,alluvial soil
26.8,26.2,28.7,29.48,58.98,7.24,675.4,greengram,black soil
46.3,44.6,43.1,24.85,62.55,6.1,611.8,soybean,alluvial soil
102.2,54.8,74.1,21.81,60.83,7.09,776.9,grapes,black soil
110.4,58.5,92.2,26.62,56.71,6.91,687.3,grapes,black soil
38.8,35.8,34.8,25.75,69.19,7.23,871.0,pigeonpeas,red soil
84.7,7.4,8.6,13.47,61.66,4.86,1094.4,chickpea,red soil
80.6,58.9,78.2,25.72,54.64,7.18,708.2,pomegranate,black soil
49.8,28.6,32.4,28.01,45.3,7.34,630.3,bajra,red soil
109.4,61.2,66.1,26.24,66.39,6.86,891.1,tomato,alluvial soil
92.4,54.8,58.6,24.37,76.19,6.0,689.6,tomato,alluvial soil
125.0,4.7,50.5,16.66,67.75,6.27,2343.4,pomegranate,black soil
90.2,57.3,68.4,24.17,76.35,6.98,692.9,tomato,alluvial soil
52.6,48.3,50.5,20.2,55.26,6.81,621.2,sunflower,black soil
73.3,2.9,4.4,29.7,33.16,9.31,885.8,maize,red soil
66.5,46.3,40.5,22.51,59.13,6.73,791.6,sunflower,alluvial soil
56.8,34.2,41.3,26.79,56.38,7.15,613.1,jowar,black soil
127.5,51.0,85.6,32.08,80.63,7.35,1945.4,sugarcane,alluvial soil
20.8,68.0,59.8,41.04,62.92,8.65,1398.8,maize,alluvial soil
70.2,70.8,21.0,16.57,90.7,9.44,1278.5,cotton,red soil
116.4,64.8,71.2,27.38,63.97,6.56,1252.9,sugarcane,alluvial soil
90.3,64.1,55.6,26.39,65.59,6.94,949.5,tomato,red soil
110.9,54.6,81.8,29.89,60.37,7.48,766.6,grapes,red soil
90.1,44.3,51.2,26.06,63.69,5.88,786.7,maize,alluvial soil
85.8,46.5,31.8,34.22,61.94,4.57,447.7,soybean,red soil
16.7,31.1,26.1,26.53,53.68,7.48,528.5,greengram,alluvial soil
103.3,56.3,84.1,25.15,72.05,7.05,1879.6,sugarcane,alluvial soil
100.3,58.4,71.8,20.91,76.08,6.01,825.9,tomato,red soil
44.3,38.4,42.4,17.71,35.98,7.72,402.0,safflower,red soil
27.3,26.5,21.3,22.18,40.13,7.14,423.9,chickpea,red soil
63.2,41.5,48.8,21.73,56.5,6.53,479.0,wheat,black soil
20.1,39.3,29.6,24.02,55.17,7.9,489.8,chickpea,black soil
19.1,27.2,22.4,25.46,49.3,7.24,588.2,lentil,alluvial soil
77.7,44.0,54.4,15.27,52.84,6.57,555.2,wheat,black soil
80.2,48.3,64.0,18.99,66.1,6.53,862.3,onion,alluvial soil
77.2,9.6,23.2,25.32,47.69,6.32,1092.1,safflower,alluvial soil
71.5,77.9,59.8,41.15,56.84,6.25,578.8,greengram,alluvial soil
118.5,69.8,65.7,25.97,76.54,6.63,1525.4,sugarcane,alluvial soil
69.6,43.8,44.5,30.32,64.24,7.01,629.4,cotton,black soil
6.4,18.3,37.7,27.71,22.11,6.96,881.9,pigeonpeas,laterite soil
22.7,40.3,47.8,30.08,67.54,6.1,633.6,groundnut,red soil
64.7,20.8,81.5,24.3,78.72,5.81,955.4,jowar,black soil
23.3,3.4,99.4,28.17,70.73,8.87,1342.2,pomegranate,alluvial soil
83.5,54.5,58.2,32.56,60.91,6.99,747.6,cotton,black soil
39.3,20.6,85.6,10.48,78.59,6.2,1135.4,jowar,black soil
118.6,60.7,64.5,32.6,61.54,6.92,1929.5,sugarcane,alluvial soil
85.4,53.6,59.8,32.99,60.99,6.4,561.2,cotton,black soil
97.4,22.9,38.9,28.64,52.86,7.78,887.5,maize,laterite soil
77.0,40.2,51.1,24.62,57.27,7.23,641.0,wheat,alluvial soil
22.3,23.8,23.5,32.48,59.18,6.81,719.2,greengram,alluvial soil
123.0,56.5,79.5,21.01,35.52,5.49,2476.8,maize,red soil
21.7,34.7,20.6,32.16,61.39,7.35,759.2,blackgram,red soil
37.8,42.5,27.7,33.09,59.1,7.68,886.3,pigeonpeas,black soil
44.7,11.9,69.5,18.52,21.01,5.12,414.6,chickpea,red soil
59.0,24.8,3.6,22.18,80.95,5.0,2357.4,blackgram,laterite soil
24.3,25.8,18.2,28.33,59.33,6.78,694.2,blackgram,red soil
125.8,43.2,97.2,42.65,83.89,5.38,1344.7,safflower,alluvial soil
45.6,29.5,31.7,29.61,45.48,8.47,551.6,jowar,red soil
23.1,42.8,30.5,26.1,55.95,7.37,598.8,groundnut,alluvial soil
97.3,55.8,80.3,18.62,42.1,7.27,2369.2,wheat,laterite soil
46.3,33.4,42.9,24.97,53.15,7.39,925.7,ragi,laterite soil
29.9,43.1,30.4,27.52,51.47,7.18,620.5,pigeonpeas,red soil
72.8,46.3,42.0,24.67,65.42,6.94,561.9,wheat,black soil
116.3,55.3,81.5,28.11,67.99,6.52,1993.7,sugarcane,alluvial soil
40.3,26.0,30.6,30.89,50.42,7.51,672.6,jowar,red soil
43.0,31.1,1.3,31.17,77.62,8.24,2068.9,jowar,red soil
20.1,33.6,25.3,19.83,58.28,6.25,405.2,lentil,alluvial soil
62.7,37.3,52.0,28.02,46.1,6.72,517.3,sunflower,red soil
89.6,46.6,55.0,29.27,74.0,7.14,979.8,chilli,black soil
94.5,6.8,92.5,38.14,62.67,6.59,1690.9,chilli,laterite soil
105.4,66.2,67.4,31.82,51.38,7.0,651.3,pomegranate,red soil
66.9,34.2,52.2,27.51,41.14,6.84,609.6,sunflower,alluvial soil
23.6,29.6,29.4,33.79,61.62,7.02,532.7,greengram,alluvial soil
74.1,43.9,51.8,24.17,65.07,6.77,492.9,wheat,black soil
52.6,32.2,37.7,29.97,48.74,6.87,738.9,jowar,red soil
72.6,45.0,60.5,26.68,63.6,5.51,986.5,maize,red soil
106.1,57.7,83.1,27.55,56.78,6.71,566.6,pomegranate,red soil
32.6,38.4,32.2,34.45,52.98,7.38,775.1,pigeonpeas,black soil
140.0,63.6,97.7,36.79,34.98,6.41,1185.7,sunflower,red soil
27.1,30.0,37.5,27.94,59.28,6.89,622.3,groundnut,red soil
120.2,70.9,90.9,28.03,94.47,4.7,2360.7,soybean,black soil
106.0,62.7,74.4,21.98,66.66,6.92,677.3,tomato,red soil
20.8,22.5,27.0,34.58,55.89,6.59,729.1,greengram,alluvial soil
99.4,42.9,59.1,26.15,58.26,6.02,866.5,onion,black soil
40.6,19.1,24.6,39.6,37.77,8.01,1166.9,sugarcane,laterite soil
23.0,26.4,19.8,34.94,62.27,6.97,740.4,blackgram,black soil
109.5,19.7,1.1,12.8,79.59,8.6,1991.1,maize,black soil
52.8,10.6,99.7,37.95,23.77,8.14,1794.2,ragi,alluvial soil
81.6,54.6,51.6,22.87,72.79,6.62,809.4,maize,alluvial soil
39.3,1.3,19.1,38.82,25.48,4.51,1669.2,groundnut,black soil
33.7,41.7,30.8,26.17,67.77,6.47,507.7,groundnut,alluvial soil
116.7,62.8,88.3,28.5,82.22,6.89,1866.6,sugarcane,alluvial soil
101.8,54.7,60.0,26.05,68.51,6.01,954.0,tomato,red soil
26.9,31.4,28.5,29.55,54.54,7.5,662.7,pigeonpeas,red soil
60.6,32.3,48.0,29.31,49.96,7.54,528.7,sunflower,alluvial soil
63.2,35.0,41.6,21.09,57.12,6.02,529.7,wheat,alluvial soil
28.9,20.1,27.4,26.2,59.97,6.99,510.1,greengram,black soil
74.8,37.5,41.4,27.85,54.08,7.82,967.6,cotton,red soil
105.1,45.9,58.7,19.58,72.16,7.35,741.8,onion,alluvial soil
70.6,17.1,34.5,42.85,67.71,8.38,567.3,pigeonpeas,red soil
34.6,47.3,74.6,30.93,90.49,7.16,846.0,grapes,laterite soil
41.3,41.2,44.0,27.99,72.15,7.29,607.1,soybean,black soil
25.3,25.1,21.1,26.57,57.46,7.24,789.6,blackgram,red soil
49.0,25.3,37.9,32.33,40.25,7.89,496.2,bajra,alluvial soil
48.5,25.9,35.2,21.23,50.92,7.46,599.8,safflower,red soil
33.1,31.6,75.0,23.44,56.79,6.42,1578.8,soybean,alluvial soil
59.9,32.6,47.2,26.18,64.53,6.76,781.2,ragi,laterite soil
120.2,60.7,79.0,25.3,63.22,7.12,1742.4,sugarcane,black soil
43.7,33.2,38.6,31.6,49.47,6.81,519.7,bajra,red soil
24.5,32.8,20.1,23.23,58.3,6.19,469.4,lentil,alluvial soil
81.5,35.4,53.1,31.08,57.0,6.94,642.6,chilli,black soil
93.8,52.8,70.3,25.95,55.4,6.81,555.2,pomegranate,red soil
37.2,16.3,43.5,10.63,89.13,8.16,1751.4,chickpea,laterite soil
83.2,53.9,46.3,26.83,55.9,6.72,735.6,maize,red soil
95.2,50.0,69.7,19.34,67.05,7.24,958.8,onion,red soil
27.7,31.2,49.2,20.35,82.02,6.96,1071.1,maize,alluvial soil
25.7,28.6,28.1,30.25,69.54,6.59,528.1,greengram,black soil
20.4,21.9,53.2,17.32,56.21,8.35,805.5,bajra,red soil
34.3,38.3,34.2,30.69,51.43,7.05,848.2,pigeonpeas,black soil
27.2,28.2,24.2,28.46,66.6,7.47,540.9,greengram,black soil
32.3,33.5,34.2,23.22,62.7,7.23,642.0,pigeonpeas,black soil
51.6,35.3,42.4,28.68,51.28,7.02,648.5,sunflower,black soil
102.3,53.1,56.3,26.12,60.35,6.73,780.2,tomato,alluvial soil
20.0,31.3,24.3,18.6,55.17,7.22,539.3,lentil,black soil
31.3,36.6,26.0,28.47,43.88,6.98,412.9,chickpea,red soil
5.3,75.9,90.6,39.25,36.74,5.39,2260.0,cotton,alluvial soil
103.8,60.9,76.5,28.18,57.6,7.17,585.6,pomegranate,red soil
93.8,62.6,64.0,29.66,66.35,6.81,829.4,tomato,alluvial soil
15.0,63.5,80.0,31.17,36.43,8.0,405.4,tomato,laterite soil
76.1,46.5,56.7,24.56,65.05,7.24,891.4,maize,red soil
70.4,23.1,89.2,10.76,76.48,8.56,685.2,tomato,black soil
44.4,22.7,38.9,26.31,51.99,7.13,438.8,bajra,red soil
78.5,61.1,45.4,30.82,86.68,7.26,616.8,bajra,black soil
131.7,51.4,67.3,37.01,34.03,7.38,686.5,onion,alluvial soil
71.6,52.1,57.2,29.96,73.06,7.17,642.0,chilli,red soil
6.3,17.4,94.0,33.53,75.13,8.84,944.5,groundnut,black soil
103.8,55.1,70.0,25.57,81.99,6.92,1799.7,sugarcane,alluvial soil
21.6,27.7,21.3,24.22,57.41,6.49,428.9,lentil,black soil
73.3,60.2,0.4,33.8,36.57,5.49,1813.5,safflower,laterite soil
25.4,30.5,31.6,25.32,47.75,7.03,757.7,pigeonpeas,black soil
32.9,34.7,42.6,26.65,74.3,6.07,811.5,soybean,alluvial soil
51.9,58.4,75.8,10.58,53.0,6.62,2421.9,greengram,alluvial soil
91.0,60.6,65.8,32.31,48.81,7.04,611.1,pomegranate,black soil
84.3,45.0,62.5,31.37,56.47,6.59,840.8,chilli,black soil
41.7,34.1,39.4,26.33,69.18,6.06,847.8,ragi,laterite soil
86.2,52.2,56.6,29.57,60.63,5.51,986.5,maize,alluvial soil
54.6,41.8,44.5,20.47,58.79,6.52,722.8,ragi,red soil
96.2,56.5,66.7,23.38,72.3,6.52,852.1,tomato,red soil
54.8,29.2,31.1,31.75,56.2,7.01,576.3,jowar,red soil
80.9,57.6,54.3,28.62,63.14,7.17,685.2,maize,black soil
48.6,27.7,40.2,27.27,51.56,8.46,519.8,jowar,black soil
33.8,26.3,29.7,22.07,49.02,7.91,453.8,chickpea,red soil
89.9,54.1,31.5,17.07,47.7,8.99,655.8,sugarcane,alluvial soil
131.1,43.6,90.7,20.78,75.05,6.21,306.9,onion,laterite soil
97.7,55.2,59.7,25.54,61.24,7.11,619.1,maize,red soil
116.6,52.6,68.2,27.64,62.09,6.42,955.8,tomato,red soil
57.4,37.2,33.8,27.28,54.84,7.66,553.4,jowar,red soil
71.4,37.0,48.1,25.6,55.69,6.32,633.0,chilli,black soil
21.5,33.8,23.6,24.83,47.46,6.7,499.6,lentil,black soil
36.0,41.8,48.7,26.73,56.6,6.73,675.7,groundnut,red soil
105.8,59.6,62.8,24.54,74.82,7.09,789.5,onion,red soil
38.5,34.2,34.6,32.95,52.26,6.28,840.6,groundnut,alluvial soil
107.3,19.1,17.6,28.78,56.97,9.18,669.1,chilli,black soil
92.4,67.5,63.1,26.96,53.93,6.95,513.1,pomegranate,black soil
90.1,48.6,62.7,24.23,65.97,6.79,609.8,maize,red soil
31.3,42.3,34.2,30.81,52.64,6.93,876.9,groundnut,red soil
35.7,35.6,36.0,29.4,68.44,6.88,872.9,soybean,alluvial soil
36.4,13.5,29.2,26.55,40.59,4.62,726.1,wheat,red soil
63.4,43.5,49.6,29.76,42.47,7.99,542.8,sunflower,alluvial soil
85.3,50.3,57.6,26.94,57.93,6.1,853.1,onion,red soil
101.6,67.3,88.0,24.13,55.34,7.01,626.7,grapes,red soil
43.1,37.5,44.5,30.14,46.26,8.24,515.9,jowar,red soil
39.1,42.7,28.5,26.03,55.05,7.29,818.7,pigeonpeas,black soil
21.4,34.2,21.9,22.0,55.7,6.71,545.0,lentil,black soil
51.5,37.7,36.9,24.8,45.42,7.99,595.6,sunflower,alluvial soil
115.7,49.3,66.2,25.14,72.19,6.56,696.2,tomato,red soil
64.8,39.1,36.5,20.65,52.3,6.6,815.2,ragi,laterite soil
107.1,68.0,89.8,32.55,53.74,7.02,636.3,pomegranate,black soil
73.5,39.3,51.0,22.03,70.72,7.05,655.5,chilli,black soil
117.7,57.1,60.0,24.86,62.72,6.74,860.1,tomato,red soil
30.7,34.0,28.8,24.5,45.63,7.03,449.1,chickpea,red soil
20.9,32.8,22.1,21.39,49.19,6.31,539.3,chickpea,red soil
47.3,40.6,23.6,18.49,79.54,8.23,331.0,sunflower,black soil
113.4,33.5,66.6,25.42,33.19,4.79,1744.0,wheat,alluvial soil
52.5,29.1,27.6,29.7,57.23,6.24,528.9,bajra,alluvial soil
41.2,22.6,32.1,29.13,48.26,7.94,404.6,bajra,alluvial soil
23.1,31.2,34.9,24.0,51.26,7.11,534.6,chickpea,black soil
52.7,21.5,34.5,28.99,59.14,7.87,504.7,bajra,alluvial soil
41.5,25.6,35.6,24.97,41.62,7.57,574.6,safflower,black soil
77.4,47.0,54.7,15.8,51.24,6.51,550.1,wheat,black soil
26.8,30.4,21.0,29.53,59.76,7.43,569.5,blackgram,black soil
98.7,56.8,68.9,32.55,52.08,6.96,791.0,pomegranate,black soil
37.7,23.7,36.8,34.98,45.43,6.44,565.0,bajra,red soil
112.0,54.7,62.3,34.85,73.06,6.56,1891.8,sugarcane,black soil
87.2,51.6,55.9,25.28,68.21,7.2,671.3,chilli,black soil
23.5,28.5,25.9,20.99,42.18,6.54,403.4,chickpea,black soil
31.1,39.8,20.5,29.56,42.31,6.68,514.7,chickpea,black soil
60.1,40.6,46.0,17.06,67.46,6.16,459.8,wheat,black soil
77.1,57.9,57.7,21.15,63.42,7.39,893.8,maize,red soil
75.3,45.0,42.0,25.94,60.12,6.89,995.1,cotton,black soil
18.7,34.4,15.0,33.61,58.77,6.9,573.3,blackgram,black soil
17.1,31.6,27.5,27.3,55.04,6.57,708.5,greengram,alluvial soil
24.8,25.0,24.1,18.94,64.76,7.43,517.4,lentil,black soil
52.7,38.8,33.2,19.89,37.33,7.98,496.2,safflower,red soil
49.9,28.8,37.8,27.64,51.64,7.59,651.6,jowar,red soil
35.0,31.8,35.5,26.24,63.36,7.36,838.4,groundnut,alluvial soil
34.4,25.7,28.3,27.63,53.7,7.79,421.7,chickpea,black soil
69.6,62.5,48.4,37.44,21.56,8.37,2007.9,groundnut,alluvial soil
92.4,64.0,88.7,31.01,58.44,7.35,760.7,pomegranate,red soil
30.7,66.0,52.9,20.25,30.33,8.23,1680.5,lentil,alluvial soil
134.0,63.5,71.2,25.91,65.0,7.27,1676.6,sugarcane,black soil
100.8,60.5,80.4,26.16,64.02,6.92,661.1,grapes,black soil
78.5,49.1,59.0,24.85,62.36,6.9,852.8,cotton,black soil
26.5,34.9,17.3,34.87,66.98,6.09,632.4,blackgram,red soil
24.3,23.0,15.2,26.25,66.94,6.11,521.7,blackgram,black soil
24.9,29.4,25.4,19.89,56.27,6.04,511.8,lentil,black soil
79.4,45.2,42.2,19.67,60.89,6.84,586.6,wheat,alluvial soil
55.7,30.7,33.6,22.88,35.7,6.72,611.7,safflower,black soil
21.2,22.0,27.1,25.86,62.29,6.03,612.4,blackgram,black soil
100.4,52.9,70.2,26.48,51.49,6.92,634.0,grapes,red soil
58.3,38.3,36.9,24.34,45.36,7.3,647.2,safflower,red soil
66.0,50.2,51.0,31.85,52.71,7.92,754.5,cotton,black soil
64.0,22.7,88.4,17.42,28.73,9.37,1780.2,blackgram,alluvial soil
35.0,75.8,39.4,17.61,34.12,5.45,2350.1,soybean,laterite soil
40.8,5.8,23.7,38.3,40.45,7.56,2138.1,tomato,laterite soil
23.6,30.3,29.0,22.58,58.82,7.97,551.0,chickpea,red soil
62.0,55.3,50.6,41.21,35.35,7.29,1752.4,sunflower,alluvial soil
15.9,25.3,22.7,19.47,45.81,7.31,559.4,lentil,alluvial soil
99.0,56.0,87.9,27.15,58.99,7.0,611.4,pomegranate,red soil
102.5,63.3,68.4,29.88,55.47,6.76,621.9,pomegranate,black soil
5.0,68.2,34.9,16.15,88.45,6.24,2460.9,groundnut,alluvial soil
39.6,32.2,36.0,34.94,57.58,6.37,532.8,bajra,red soil
74.1,46.2,62.4,26.69,55.65,7.12,630.8,chilli,black soil
49.7,37.8,32.9,27.21,46.18,8.03,612.3,jowar,black soil
42.8,25.6,32.5,30.68,51.33,8.21,508.3,jowar,red soil
73.4,50.5,60.1,26.01,56.58,6.67,674.7,maize,alluvial soil
47.7,40.4,44.5,25.46,57.51,7.09,923.7,ragi,laterite soil
70.3,48.9,53.3,16.29,53.35,6.68,586.3,wheat,alluvial soil
21.3,78.2,81.4,22.77,68.82,8.07,1892.5,blackgram,alluvial soil
79.3,37.3,59.1,29.64,72.04,6.84,886.8,chilli,black soil
104.2,51.7,81.9,20.4,64.97,7.18,670.5,grapes,black soil
59.5,33.9,31.3,25.98,45.74,6.68,513.8,jowar,red soil
9.8,17.7,37.5,40.29,83.3,4.64,2382.9,chickpea,red soil
56.9,35.3,33.1,17.52,53.63,7.3,588.8,safflower,black soil
96.0,51.3,48.8,23.76,59.73,7.36,794.6,maize,alluvial soil
16.6,28.0,29.2,26.21,63.61,6.3,494.9,lentil,black soil
108.2,52.6,80.9,33.33,84.69,6.62,1883.6,sugarcane,alluvial soil
46.1,32.9,40.5,23.95,66.11,6.49,733.1,soybean,black soil
98.3,47.8,58.7,25.39,61.77,6.26,863.3,chilli,black soil
115.9,57.2,74.5,30.86,74.9,7.15,1274.6,sugarcane,black soil
110.5,64.7,85.2,28.55,61.3,6.53,865.6,grapes,red soil
70.1,24.2,45.0,41.68,84.42,8.28,2428.0,soybean,black soil
63.8,37.9,43.2,22.69,69.11,6.9,602.9,wheat,black soil
88.4,47.2,42.3,34.06,50.12,7.99,764.0,cotton,red soil
57.4,35.0,42.8,27.94,49.58,8.04,450.4,jowar,black soil
86.9,50.6,59.4,24.08,73.65,6.44,996.9,chilli,red soil
70.8,50.5,99.6,30.34,29.34,8.06,1522.4,sugarcane,laterite soil
67.1,50.9,45.8,30.2,53.23,7.49,629.4,cotton,black soil
44.7,37.4,42.0,31.14,50.32,7.42,684.4,jowar,red soil
47.5,47.9,26.6,26.23,75.86,6.45,738.3,soybean,black soil
52.7,29.9,35.7,21.51,43.8,7.93,430.6,safflower,black soil
22.3,26.7,26.3,29.25,43.19,6.17,428.4,chickpea,black soil
32.8,30.6,33.2,30.04,67.79,6.42,673.5,groundnut,alluvial soil
89.4,43.9,45.9,24.03,60.86,6.02,648.8,cotton,red soil
79.7,57.0,52.1,23.06,57.66,6.75,795.2,maize,black soil
50.1,36.9,48.3,25.29,68.82,7.2,916.6,ragi,laterite soil
55.3,36.2,38.7,25.23,55.59,8.3,533.0,jowar,red soil
1.6,22.4,70.4,10.07,74.94,4.53,2181.8,safflower,laterite soil
75.0,49.1,48.1,31.05,57.02,7.13,950.2,cotton,black soil
88.8,48.1,57.4,25.17,66.45,7.04,921.3,cotton,red soil
56.9,35.9,44.1,28.97,52.87,6.72,735.1,jowar,red soil
67.8,47.2,48.0,18.56,50.66,7.35,462.8,wheat,alluvial soil
39.2,78.1,41.2,12.15,55.7,7.35,1591.3,sunflower,red soil
93.8,43.4,53.9,20.15,73.7,6.12,807.7,onion,black soil
28.2,35.7,35.0,28.78,69.94,6.23,730.3,groundnut,alluvial soil
69.1,30.4,48.5,27.01,47.08,7.99,594.0,sunflower,red soil
32.7,43.0,39.5,30.83,64.57,7.53,820.0,pigeonpeas,red soil
104.6,5.9,53.2,17.42,46.69,5.19,534.0,sunflower,black soil
40.1,26.0,37.6,28.26,47.77,7.12,440.5,bajra,alluvial soil
71.6,58.6,55.4,29.31,68.4,5.73,982.0,maize,red soil
82.5,57.5,44.9,21.0,51.73,4.87,208.3,ragi,alluvial soil
101.0,51.7,96.2,27.57,55.01,7.33,724.5,grapes,black soil
41.8,43.8,32.8,29.92,64.68,6.46,601.2,soybean,black soil
66.2,31.7,47.7,26.49,57.44,7.43,544.0,sunflower,alluvial soil
87.0,61.0,75.0,28.86,47.58,6.86,764.5,pomegranate,red soil
27.6,37.8,28.1,26.41,67.85,7.55,807.2,pigeonpeas,black soil
47.6,37.3,1.1,33.62,21.82,7.95,433.8,pigeonpeas,red soil
72.8,36.9,51.2,19.1,50.64,6.76,466.1,wheat,black soil
38.6,36.9,43.8,31.24,62.42,6.46,843.9,groundnut,alluvial soil
99.5,49.7,52.8,24.03,63.33,7.26,913.2,onion,black soil
90.3,40.9,62.6,28.6,73.93,5.99,843.8,maize,alluvial soil
16.7,32.0,24.7,25.99,58.94,6.64,655.3,greengram,black soil
59.0,39.1,41.4,25.68,57.23,6.97,501.9,sunflower,alluvial soil
43.1,32.2,42.9,28.15,57.37,8.44,643.5,jowar,red soil
103.7,44.5,59.0,19.15,61.23,7.43,724.8,onion,black soil
62.4,35.6,46.1,17.68,59.42,7.03,567.7,wheat,black soil
67.9,46.6,35.6,23.28,45.7,7.8,738.6,sunflower,red soil
31.1,26.1,47.7,32.82,69.1,6.83,575.8,groundnut,red soil
25.3,23.5,24.6,31.41,65.31,6.83,552.7,greengram,black soil
82.2,40.8,57.2,32.68,56.0,6.6,782.3,cotton,black soil
91.1,48.0,58.5,25.05,61.25,6.53,971.7,onion,red soil
92.8,35.2,52.5,25.93,73.7,6.42,614.8,chilli,red soil
92.5,29.9,42.8,25.74,29.16,5.36,1460.7,lentil,red soil
89.2,52.4,54.3,26.65,57.45,6.88,809.8,cotton,red soil
26.8,51.7,12.8,39.56,39.48,6.3,2305.6,sunflower,red soil
74.1,37.6,46.7,32.07,56.68,7.24,603.7,cotton,black soil
24.5,35.7,33.4,25.7,56.56,6.54,815.6,groundnut,alluvial soil
85.6,53.1,86.3,28.03,48.99,6.53,647.3,pomegranate,black soil
96.2,51.7,56.5,32.0,64.54,6.04,729.6,chilli,red soil
74.8,66.3,6.8,19.23,36.01,4.69,935.4,safflower,black soil
21.4,39.1,32.9,29.97,50.38,6.65,579.3,chickpea,red soil
30.8,44.8,39.1,33.35,60.06,6.7,677.8,pigeonpeas,red soil
74.3,58.9,46.6,22.63,74.1,5.77,831.5,maize,red soil
23.3,25.1,29.8,18.08,59.43,7.02,470.8,lentil,black soil
55.1,48.2,41.5,29.71,49.14,7.65,721.6,sunflower,alluvial soil
72.4,38.5,40.8,17.19,61.8,6.46,649.6,wheat,alluvial soil
22.5,29.3,22.3,23.08,62.5,6.83,551.7,lentil,alluvial soil
99.5,33.8,14.9,15.12,78.22,7.91,1906.3,sugarcane,black soil
87.1,46.0,46.9,25.11,52.79,6.67,705.4,cotton,black soil
24.3,31.5,21.1,34.92,67.1,7.32,508.4,greengram,alluvial soil
68.1,49.2,49.0,21.37,63.21,6.38,594.8,wheat,alluvial soil
108.4,52.9,73.2,25.05,49.32,7.46,504.6,pomegranate,red soil
108.3,4.3,44.8,10.25,90.62,8.46,2240.1,jowar,red soil
104.0,61.2,73.8,32.86,81.58,7.27,1259.6,sugarcane,alluvial soil
73.4,59.4,45.0,22.96,57.65,5.77,769.7,maize,alluvial soil
60.6,41.3,55.0,20.86,69.97,6.47,607.8,wheat,black soil
105.0,46.2,35.6,42.71,27.71,7.62,359.1,greengram,red soil
43.1,27.5,40.2,26.85,57.47,6.85,520.7,jowar,red soil
43.5,36.5,42.2,20.38,42.91,7.16,636.3,safflower,red soil
89.9,54.0,64.0,23.3,55.22,7.09,616.7,onion,red soil
52.5,37.9,32.2,26.25,63.33,8.27,696.7,jowar,black soil
68.4,44.0,42.3,21.56,50.52,7.28,598.3,wheat,black soil
100.7,51.0,63.9,33.32,49.84,6.61,700.4,pomegranate,black soil
60.4,33.8,37.4,27.63,51.82,6.57,693.3,ragi,laterite soil
132.8,26.3,42.4,14.67,92.18,8.16,2497.0,chilli,black soil
36.2,47.6,27.3,24.02,72.71,7.18,805.8,soybean,alluvial soil
82.9,2.0,29.8,23.22,43.44,5.67,1928.8,soybean,alluvial soil
40.6,35.4,34.8,23.18,75.27,7.09,783.0,soybean,alluvial soil
47.8,28.7,39.2,27.35,41.18,7.78,584.4,bajra,alluvial soil
22.1,34.2,22.9,18.35,55.71,7.24,533.0,lentil,black soil
17.6,27.2,19.6,27.13,66.77,7.07,737.8,blackgram,red soil
22.5,39.8,39.5,28.6,68.88,6.03,819.1,groundnut,red soil
87.4,41.4,46.0,23.16,61.25,5.78,731.7,maize,red soil
87.6,45.3,3.7,11.28,90.93,8.74,2183.4,groundnut,laterite soil
97.7,52.0,89.5,20.16,60.41,7.48,817.0,grapes,black soil
61.8,48.2,43.9,24.17,50.17,7.16,613.7,wheat,alluvial soil
37.4,10.5,27.7,29.73,92.26,4.87,412.6,ragi,alluvial soil
6.5,25.1,71.5,11.41,46.03,6.33,980.2,pomegranate,red soil
100.6,66.7,38.8,32.37,57.61,7.23,645.8,maize,red soil
34.1,29.5,27.2,28.66,48.04,7.41,444.7,chickpea,black soil
69.5,49.5,35.2,28.73,49.55,7.7,534.3,sunflower,alluvial soil
64.6,53.1,52.3,24.16,64.85,6.88,541.2,cotton,black soil
35.2,41.4,36.8,25.94,58.11,7.38,656.4,groundnut,alluvial soil
28.9,29.1,22.3,29.92,49.73,7.41,582.6,chickpea,red soil
51.8,32.4,30.3,24.84,52.81,6.98,497.1,safflower,red soil
35.3,22.8,34.9,33.73,57.19,7.16,627.0,bajra,alluvial soil
78.4,43.4,44.6,27.82,53.63,7.65,596.7,cotton,black soil
36.4,39.3,44.0,30.94,52.26,7.19,603.6,groundnut,alluvial soil
28.5,39.9,22.5,24.74,52.97,6.28,431.9,chickpea,black soil
4.3,51.0,48.0,12.3,85.16,9.28,822.3,chickpea,laterite soil
20.8,27.6,24.6,33.92,53.68,6.92,551.8,blackgram,black soil
33.7,40.8,40.5,30.68,53.43,6.2,726.0,groundnut,red soil
78.8,46.3,56.9,29.08,62.26,6.13,974.8,cotton,red soil
88.4,49.6,54.8,22.67,56.02,6.39,778.6,chilli,red soil
88.2,19.2,23.9,11.7,61.33,7.19,2249.1,greengram,laterite soil
58.2,35.7,44.6,24.7,44.91,7.38,413.4,safflower,red soil
47.0,21.5,25.7,30.79,59.21,6.05,646.1,bajra,red soil
109.7,62.6,63.1,25.37,43.59,7.14,591.6,pomegranate,red soil
91.5,57.1,73.4,31.83,59.65,7.23,647.8,pomegranate,red soil
91.7,41.3,61.6,27.13,57.86,6.19,798.9,chilli,red soil
32.4,31.3,42.1,29.68,69.6,7.25,894.1,soybean,alluvial soil
42.9,54.8,94.1,13.83,37.63,7.13,1676.2,lentil,laterite soil
59.6,31.7,41.5,28.43,60.76,7.42,678.6,ragi,red soil
100.0,59.6,67.7,22.59,67.78,6.74,802.5,tomato,red soil
86.8,20.6,16.4,41.54,45.76,6.4,1898.5,greengram,alluvial soil
60.8,40.7,48.0,33.02,50.27,7.73,530.3,cotton,red soil
71.4,40.2,57.3,24.63,53.47,4.82,2215.4,bajra,black soil
32.7,45.7,31.3,23.91,78.6,6.16,600.1,soybean,black soil
20.7,28.0,22.6,26.39,48.77,6.85,552.8,lentil,alluvial soil
45.3,38.1,43.4,16.13,53.17,6.59,499.9,safflower,red soil
27.1,23.7,21.7,25.71,56.14,6.73,672.4,greengram,alluvial soil
54.4,26.8,33.7,26.18,58.67,6.12,623.1,bajra,alluvial soil
64.2,48.6,43.8,18.14,65.54,6.1,525.4,wheat,black soil
45.8,32.2,38.6,27.72,57.57,6.65,495.1,jowar,red soil
40.4,27.8,36.0,27.46,61.13,7.75,480.6,jowar,red soil
49.5,33.8,35.9,29.06,54.22,7.34,627.4,ragi,laterite soil
22.2,33.1,21.1,23.51,58.3,6.7,584.2,lentil,black soil
22.6,34.2,21.7,26.66,54.81,7.42,556.8,lentil,alluvial soil
80.8,42.2,48.2,24.57,65.3,6.77,821.0,chilli,red soil
38.3,49.6,34.6,23.94,67.67,6.34,702.6,soybean,black soil
57.9,64.4,87.1,22.15,90.06,8.17,2448.6,groundnut,alluvial soil
68.2,43.1,43.6,21.19,51.19,6.99,484.5,wheat,alluvial soil
16.8,26.8,26.3,27.75,56.2,6.15,479.0,lentil,alluvial soil
56.2,37.1,37.6,29.88,52.85,7.07,578.9,sunflower,black soil
64.7,36.2,43.2,21.35,53.84,7.2,763.4,ragi,laterite soil
81.6,48.6,63.8,18.39,61.26,7.27,966.2,onion,alluvial soil
23.6,34.1,23.2,34.4,55.93,7.29,777.6,blackgram,black soil
23.1,33.0,28.6,20.81,56.85,6.63,429.6,lentil,black soil
27.0,29.1,25.1,33.61,68.93,7.06,652.2,greengram,black soil
20.2,35.4,22.0,22.21,40.52,6.25,475.4,chickpea,red soil
79.4,49.8,53.5,22.58,60.15,6.44,513.6,wheat,alluvial soil
29.0,69.9,29.2,20.28,68.42,6.02,2122.4,lentil,black soil
26.1,72.9,78.2,34.3,34.67,8.58,1200.4,ragi,alluvial soil
69.0,48.7,51.9,26.75,54.52,7.22,661.1,cotton,red soil
38.8,25.3,32.3,29.32,47.13,7.88,456.6,bajra,red soil
111.9,51.7,68.9,24.32,70.64,6.51,868.9,tomato,red soil
60.7,43.0,43.7,28.29,66.11,6.3,922.0,ragi,laterite soil
117.3,58.5,95.7,26.65,80.64,7.59,697.2,bajra,black soil
64.5,45.9,45.4,21.87,53.88,6.78,494.6,wheat,alluvial soil
124.7,58.2,64.0,31.26,75.21,6.89,1850.6,sugarcane,alluvial soil
27.6,39.8,25.4,30.85,66.7,7.79,621.3,pigeonpeas,red soil
96.7,59.7,54.3,27.05,59.92,5.53,787.9,maize,alluvial soil
98.5,48.8,74.3,27.47,71.28,6.91,987.9,tomato,red soil
99.1,47.4,96.2,40.96,31.55,7.6,654.0,sugarcane,red soil
31.5,37.0,30.3,30.39,58.4,6.71,740.5,groundnut,alluvial soil
94.8,46.4,45.5,26.71,63.59,6.83,751.6,maize,alluvial soil
70.9,38.7,47.3,24.05,56.29,6.74,506.0,wheat,black soil
84.1,42.8,62.7,19.06,79.44,5.13,723.4,ragi,alluvial soil
64.0,68.5,16.6,23.94,61.46,8.12,1223.9,groundnut,black soil
34.9,30.2,28.3,22.63,55.14,6.47,400.1,chickpea,red soil
115.2,53.7,84.5,23.75,50.37,6.93,724.6,grapes,black soil
98.6,59.7,65.3,24.79,60.68,6.43,996.8,tomato,red soil
101.6,62.5,78.8,28.11,50.5,7.23,726.0,pomegranate,red soil
39.1,53.8,4.6,42.06,73.11,7.27,1597.9,ragi,laterite soil
109.5,66.6,84.4,28.84,76.16,6.56,1999.5,sugarcane,alluvial soil
35.4,29.3,47.9,32.18,57.29,7.34,890.2,groundnut,alluvial soil
30.9,33.0,29.7,26.04,53.94,6.38,491.5,chickpea,red soil
34.7,32.7,31.2,29.07,46.24,7.58,576.4,chickpea,red soil
126.2,53.9,80.5,32.04,63.41,6.69,1484.8,sugarcane,alluvial soil
31.1,31.8,30.8,30.42,63.63,7.8,742.9,pigeonpeas,black soil
129.1,39.8,81.9,34.97,81.98,7.9,1845.3,onion,laterite soil
93.4,45.2,68.3,18.39,61.31,6.39,997.8,onion,alluvial soil
89.2,50.5,47.1,23.65,55.18,7.3,719.3,maize,black soil
37.1,28.4,34.3,31.31,56.16,7.38,513.6,bajra,alluvial soil
117.9,31.4,34.6,30.33,69.65,9.11,1524.6,pomegranate,black soil
93.9,68.6,65.0,28.27,53.67,6.86,672.6,pomegranate,red soil
56.0,41.2,38.8,20.21,67.29,7.3,736.7,ragi,laterite soil
61.5,32.1,47.8,24.43,58.77,7.58,610.9,sunflower,black soil
15.4,34.8,22.2,19.91,51.89,7.47,555.9,lentil,black soil
32.6,37.8,34.5,32.97,56.82,7.56,719.1,pigeonpeas,black soil
23.8,38.9,36.1,27.82,53.19,6.14,726.0,groundnut,alluvial soil
71.8,47.9,40.4,16.68,53.71,6.91,508.6,wheat,alluvial soil
15.1,25.7,29.2,24.13,52.46,7.28,500.8,lentil,black soil
25.5,40.6,47.9,30.53,64.31,6.07,728.4,groundnut,red soil
73.5,74.8,20.4,29.41,94.91,5.13,364.2,lentil,black soil
53.8,38.0,40.8,20.22,53.13,7.2,554.7,safflower,black soil
88.2,49.4,59.0,20.44,74.21,7.03,859.0,onion,red soil
69.4,37.8,40.8,19.66,50.45,7.13,621.7,wheat,alluvial soil
109.0,54.2,75.6,32.33,55.04,7.09,762.8,pomegranate,red soil
70.3,48.9,50.2,26.43,73.9,6.7,825.2,maize,black soil
74.5,44.0,52.6,18.09,62.19,6.23,630.1,wheat,black soil
133.8,36.9,60.9,33.57,58.96,7.92,1644.5,soybean,black soil
55.9,1.8,16.1,15.91,65.51,4.87,403.2,chilli,black soil
104.1,60.8,61.8,13.45,90.86,6.96,821.2,greengram,red soil
45.9,64.8,74.8,10.34,29.77,7.32,1391.5,groundnut,red soil
81.7,35.0,60.9,24.01,59.57,6.25,945.9,chilli,red soil
22.7,34.9,20.8,21.56,62.35,6.02,560.1,lentil,black soil
25.3,30.5,28.8,29.69,52.0,7.17,790.8,greengram,black soil
29.1,27.8,23.4,30.79,64.98,7.39,623.5,greengram,alluvial soil
97.5,60.1,74.6,25.84,73.72,6.87,809.0,tomato,alluvial soil
25.3,21.9,29.3,31.32,61.62,7.34,575.6,greengram,alluvial soil
117.0,60.1,84.4,24.29,66.66,6.7,616.4,grapes,black soil
37.2,40.0,35.0,31.48,51.64,7.4,740.2,pigeonpeas,black soil
20.4,30.4,21.4,34.97,59.22,6.82,623.8,greengram,black soil
49.6,41.2,40.1,28.39,68.13,6.81,678.9,soybean,black soil
47.6,22.8,39.5,29.0,46.32,6.7,446.9,bajra,alluvial soil
122.9,2.7,2.2,23.39,91.21,9.2,2487.9,chilli,laterite soil
50.7,16.3,9.5,38.01,25.99,5.42,2307.0,chickpea,black soil
94.4,70.6,53.2,41.3,48.35,8.07,1823.3,ragi,red soil
111.0,57.9,93.7,23.89,52.05,6.72,885.9,grapes,black soil
25.6,38.2,25.0,26.88,44.59,7.47,545.0,chickpea,black soil
58.9,5.1,45.4,41.58,64.11,6.95,1697.1,cotton,alluvial soil
77.1,39.3,51.9,19.78,56.15,7.45,544.8,wheat,alluvial soil
136.9,50.6,61.5,34.71,68.19,6.85,1821.1,sugarcane,alluvial soil
52.7,25.9,31.8,30.26,43.88,7.53,501.8,bajra,alluvial soil
45.2,44.7,41.3,27.87,60.78,6.44,733.5,ragi,red soil
106.0,61.1,79.9,27.08,63.64,6.84,1311.8,sugarcane,alluvial soil
70.4,65.5,18.7,42.78,70.19,8.18,315.3,maize,red soil
42.6,35.5,46.0,26.52,69.21,6.09,740.5,ragi,laterite soil
90.4,62.1,79.1,32.32,41.55,7.48,774.1,pomegranate,red soil
74.6,40.4,51.2,30.84,62.07,7.54,535.6,cotton,red soil
126.7,13.0,60.5,37.24,63.97,5.89,1404.3,blackgram,laterite soil
41.5,39.1,41.1,22.77,42.15,6.89,558.5,safflower,black soil
15.4,32.8,23.5,20.32,47.01,6.9,401.4,lentil,alluvial soil
21.7,28.1,22.0,33.86,51.46,7.15,776.5,greengram,black soil
73.0,0.8,55.1,34.38,58.26,7.08,355.3,bajra,laterite soil
90.5,37.9,59.0,30.28,73.72,7.17,718.5,chilli,red soil
40.2,25.7,35.3,15.44,38.33,7.06,539.9,safflower,black soil
41.1,49.1,31.8,23.77,62.41,6.07,654.8,soybean,black soil
76.8,20.2,27.9,37.9,55.9,8.23,1018.7,bajra,black soil
27.1,31.1,30.5,34.93,65.98,6.97,764.5,pigeonpeas,black soil
28.7,40.3,34.2,30.98,56.42,6.89,694.3,pigeonpeas,red soil
76.0,44.5,42.3,23.38,68.19,7.22,555.5,wheat,black soil
114.2,48.7,62.6,25.65,66.68,6.8,924.9,tomato,alluvial soil
87.2,58.8,86.3,28.63,46.32,6.83,766.4,pomegranate,red soil
72.9,47.8,56.7,31.3,67.58,7.32,985.0,chilli,black soil
124.2,60.2,73.8,27.35,73.61,7.09,1916.9,sugarcane,alluvial soil
53.0,20.3,38.3,27.08,44.95,6.31,483.7,bajra,red soil
80.3,51.4,67.3,33.99,58.85,7.29,611.8,pomegranate,red soil
131.9,29.2,37.4,44.43,91.23,5.99,1137.0,pigeonpeas,red soil
30.4,38.3,31.9,23.88,59.03,6.47,501.4,chickpea,black soil
47.9,47.8,27.8,27.14,64.59,7.03,959.9,soybean,black soil
26.3,31.5,24.9,33.26,59.08,7.12,667.8,greengram,black soil
21.7,24.2,20.5,31.35,54.95,7.23,598.8,greengram,black soil
111.9,64.3,89.6,26.77,66.36,6.8,1541.2,sugarcane,alluvial soil
40.6,55.9,51.0,16.14,76.99,8.79,299.3,ragi,black soil
34.6,25.7,32.9,21.54,45.07,6.5,471.5,chickpea,black soil
65.4,73.4,10.2,41.9,84.83,9.1,620.7,cotton,alluvial soil
28.3,30.3,42.3,28.37,57.32,6.49,562.1,groundnut,alluvial soil
61.4,30.4,42.8,24.41,61.2,6.31,898.8,ragi,red soil
62.0,36.3,51.3,15.88,50.74,7.11,504.8,wheat,alluvial soil
39.3,35.8,26.2,22.79,55.65,7.63,659.6,pigeonpeas,black soil
52.9,39.9,44.3,26.8,52.77,8.0,743.4,jowar,black soil
32.4,70.9,56.7,25.86,72.64,7.11,1207.1,grapes,alluvial soil
77.7,38.5,52.8,22.94,74.67,6.3,751.9,chilli,red soil
96.1,60.4,70.3,33.16,56.65,6.94,697.8,pomegranate,black soil
83.2,6.0,91.5,36.38,36.89,4.84,2177.7,grapes,red soil
94.4,11.3,26.2,44.99,88.57,6.8,1779.5,wheat,alluvial soil
61.2,42.5,45.5,28.11,54.27,7.24,602.4,sunflower,red soil
103.7,3.2,41.8,31.15,55.07,8.08,2250.3,chilli,alluvial soil
91.2,51.8,66.1,26.32,61.57,6.0,888.5,onion,alluvial soil
61.2,33.5,36.9,27.27,66.88,6.0,800.4,ragi,red soil
46.5,32.4,27.8,27.83,77.74,6.37,684.1,soybean,alluvial soil
85.7,39.4,48.4,24.02,74.44,7.33,764.6,chilli,red soil
25.0,31.7,21.6,29.27,61.24,6.66,553.6,blackgram,black soil
75.9,39.2,42.1,29.73,63.07,6.23,727.1,cotton,red soil
46.5,25.8,34.0,34.51,40.42,7.69,437.9,bajra,alluvial soil
37.8,36.0,36.6,26.79,54.74,6.92,887.4,groundnut,alluvial soil
92.7,59.4,76.0,32.25,47.13,7.09,706.5,pomegranate,black soil
7.8,73.1,92.3,36.13,24.74,7.06,2117.4,cotton,laterite soil
111.8,40.0,73.0,18.67,48.73,7.52,2188.8,chickpea,red soil
82.1,40.4,57.8,26.66,69.0,6.76,945.8,onion,alluvial soil
19.4,33.1,22.1,29.75,61.73,7.45,700.4,greengram,black soil
16.4,11.1,78.6,44.89,35.49,8.23,2376.2,safflower,laterite soil
34.4,36.2,34.8,26.9,77.54,6.84,824.0,soybean,black soil
63.3,45.4,53.4,26.24,68.3,7.88,958.9,cotton,red soil
105.3,69.7,72.0,32.9,74.33,6.95,1961.3,sugarcane,alluvial soil
107.6,49.5,56.2,27.96,64.33,6.25,890.1,tomato,alluvial soil
123.7,61.4,65.1,32.36,80.41,7.42,1580.0,sugarcane,black soil
114.0,61.4,70.8,25.53,74.84,6.71,820.0,tomato,alluvial soil
27.5,30.1,38.6,22.88,58.61,7.53,672.4,pigeonpeas,black soil
106.8,51.7,66.0,19.29,72.39,6.72,916.3,onion,red soil
35.2,23.5,27.5,27.29,51.3,6.29,441.7,bajra,alluvial soil
44.1,29.3,30.7,33.38,54.17,6.62,628.5,bajra,alluvial soil
27.8,21.4,21.4,25.81,50.84,6.13,717.2,blackgram,black soil
29.1,20.0,23.8,32.84,66.33,6.79,509.9,greengram,alluvial soil
41.5,70.1,25.5,11.77,72.32,6.16,1574.5,bajra,alluvial soil
27.1,43.4,34.6,31.34,69.92,7.14,852.2,groundnut,alluvial soil
30.2,36.5,28.1,30.56,54.16,7.87,862.9,pigeonpeas,black soil
24.9,32.4,20.9,33.76,65.57,6.43,747.2,blackgram,black soil
17.6,24.8,21.6,29.27,55.3,7.03,586.5,greengram,black soil
24.7,28.4,24.7,30.24,50.41,6.08,513.9,blackgram,red soil
20.5,43.8,99.1,29.97,87.45,4.64,2411.1,wheat,red soil
122.6,54.3,70.8,33.88,74.3,7.45,1836.6,sugarcane,black soil
121.6,53.5,78.3,31.51,74.67,7.39,1744.2,sugarcane,alluvial soil
95.8,52.3,72.5,30.57,48.09,7.1,763.5,pomegranate,black soil
63.1,35.5,45.2,23.53,44.32,7.78,787.6,sunflower,red soil
25.0,28.5,26.6,25.45,65.81,6.28,579.8,blackgram,black soil
57.2,32.9,31.6,19.48,50.06,6.79,532.5,safflower,black soil
82.2,69.1,13.8,30.53,64.62,8.59,1497.5,groundnut,laterite soil
25.1,26.0,22.5,23.91,49.63,6.44,631.0,chickpea,black soil
22.6,35.5,28.2,26.93,57.94,6.74,557.5,chickpea,red soil
28.1,30.1,27.6,20.08,44.43,7.55,606.4,chickpea,black soil
99.6,59.6,65.1,29.02,45.52,7.44,765.7,pomegranate,black soil
76.2,63.6,82.6,41.48,78.84,5.56,1315.7,chilli,black soil
62.9,39.8,45.5,22.93,48.42,7.73,541.3,sunflower,alluvial soil
56.6,25.3,41.7,31.9,58.43,6.75,712.1,jowar,black soil
26.8,41.1,33.1,25.15,54.81,7.85,644.5,pigeonpeas,red soil
75.4,46.8,85.7,17.64,77.16,4.83,1849.4,tomato,black soil
28.6,32.6,22.1,25.66,46.99,6.61,516.9,chickpea,black soil
139.5,66.4,77.3,35.23,30.78,9.01,2177.6,grapes,black soil
53.8,46.6,52.3,22.45,50.81,7.13,583.0,sunflower,red soil
117.3,54.3,74.9,26.61,64.28,6.14,712.0,tomato,alluvial soil
88.0,45.7,48.4,22.5,68.28,6.69,980.1,chilli,red soil
25.1,26.1,27.8,32.59,66.62,6.77,651.0,blackgram,red soil
87.1,54.0,49.5,28.35,66.07,6.63,858.0,chilli,red soil
49.0,27.2,37.9,26.7,55.88,7.15,606.8,bajra,red soil
29.0,27.0,24.3,28.24,45.74,7.55,547.4,chickpea,red soil
19.7,31.0,20.3,32.16,55.37,7.5,676.2,greengram,alluvial soil
119.6,63.1,10.1,42.27,64.61,7.7,2206.1,pigeonpeas,laterite soil
93.9,40.9,62.5,29.09,64.07,6.14,906.7,maize,alluvial soil
71.2,37.2,53.5,29.37,64.76,7.16,956.8,chilli,black soil
67.0,38.8,53.6,19.58,57.09,7.39,615.4,wheat,alluvial soil
19.4,25.5,29.4,18.93,56.98,7.48,430.9,lentil,alluvial soil
110.0,47.6,52.7,18.58,69.91,6.84,857.1,onion,alluvial soil
39.0,45.6,26.4,24.72,65.37,6.62,880.3,soybean,alluvial soil
26.0,31.6,13.9,38.31,76.56,7.94,2119.8,lentil,alluvial soil
82.7,46.7,52.6,26.71,59.29,6.89,909.8,onion,red soil
93.6,56.3,61.8,22.76,61.77,6.9,907.4,tomato,alluvial soil
90.1,52.5,61.3,20.09,69.98,6.73,755.4,tomato,red soil
57.4,36.4,34.4,15.04,42.85,6.89,508.8,safflower,black soil
51.6,32.0,50.2,26.17,47.65,7.21,539.5,sunflower,black soil
46.6,25.8,40.6,21.47,54.5,6.91,516.7,safflower,black soil
77.4,41.6,55.5,28.66,58.17,6.35,749.8,chilli,black soil
40.6,66.5,98.7,36.03,35.34,6.21,2238.2,lentil,laterite soil
85.6,54.5,58.6,30.41,62.29,6.87,697.8,cotton,black soil
17.6,25.7,21.3,26.07,55.82,7.21,794.1,greengram,black soil
42.9,43.2,28.2,29.34,72.77,7.13,921.8,soybean,alluvial soil
18.1,28.5,20.4,27.17,57.5,6.63,511.2,lentil,alluvial soil
51.7,43.4,51.1,29.88,51.02,6.61,629.2,sunflower,alluvial soil
100.9,18.4,20.3,38.08,55.15,4.59,1629.7,chickpea,alluvial soil
101.5,48.6,60.8,22.77,66.1,6.5,729.9,onion,alluvial soil
27.0,31.0,33.7,29.16,61.74,6.05,892.0,groundnut,red soil
37.0,54.3,77.5,12.12,69.04,8.22,730.8,maize,laterite soil
88.4,36.4,46.8,30.25,59.5,6.09,814.8,chilli,red soil
61.1,46.5,55.0,16.96,58.09,6.49,578.7,wheat,black soil
44.1,40.1,47.5,29.06,66.94,6.55,846.8,ragi,laterite soil
108.2,48.8,74.8,28.08,79.98,6.15,822.0,tomato,red soil
28.6,43.5,29.8,31.87,63.27,7.36,627.9,pigeonpeas,red soil
20.4,32.2,21.4,18.38,45.18,6.58,579.0,lentil,alluvial soil
94.1,50.2,1.8,23.65,86.41,5.41,1976.4,grapes,black soil
92.6,40.4,50.6,21.95,73.65,7.4,755.2,onion,red soil
101.5,12.6,16.5,25.4,40.49,7.44,1924.6,sunflower,black soil
48.9,22.4,28.0,32.73,48.74,7.52,518.3,bajra,alluvial soil
21.2,33.8,25.2,24.69,64.78,6.01,523.8,lentil,alluvial soil
29.7,45.0,38.9,34.92,52.58,6.54,888.9,pigeonpeas,black soil
83.3,37.2,48.4,25.3,61.43,7.16,667.4,chilli,black soil
15.3,23.4,22.2,28.3,64.18,6.86,582.3,greengram,alluvial soil
82.3,56.1,50.3,25.45,62.72,6.85,717.9,maize,alluvial soil
116.5,57.1,67.4,20.54,63.12,6.82,677.7,tomato,red soil
58.2,36.2,51.0,25.29,55.04,6.97,776.9,sunflower,black soil
74.4,38.7,43.0,24.14,60.55,7.14,843.3,cotton,black soil
31.5,42.8,33.1,26.85,60.57,6.54,943.3,soybean,black soil
47.1,32.4,32.0,30.68,50.99,6.85,433.3,bajra,alluvial soil
45.0,38.8,29.0,24.33,65.59,6.32,850.4,soybean,black soil
28.9,20.5,25.6,31.8,65.49,7.07,694.9,greengram,black soil
20.5,30.2,26.8,34.27,59.32,6.28,524.4,blackgram,red soil
69.6,50.5,81.3,23.69,44.95,7.83,1548.5,sunflower,red soil
50.2,38.4,43.5,28.97,64.19,6.69,496.2,jowar,red soil
99.0,50.7,50.8,27.63,73.12,5.55,723.0,maize,black soil
50.4,31.7,94.0,32.27,36.62,8.2,1987.1,chickpea,black soil
79.5,37.6,53.8,22.29,51.42,7.19,586.6,wheat,black soil
2.6,33.7,44.6,40.73,92.61,5.51,1287.6,soybean,black soil
45.7,38.8,48.5,28.18,69.73,7.36,958.2,ragi,laterite soil
84.9,56.2,59.9,24.2,73.54,7.23,976.4,maize,alluvial soil
21.7,29.3,26.5,23.36,48.18,7.68,467.4,chickpea,black soil
125.6,29.5,74.5,33.75,25.94,6.49,1478.7,maize,laterite soil
38.4,29.6,36.8,28.07,58.77,6.51,714.0,groundnut,red soil
96.0,51.4,78.6,26.97,56.89,6.97,833.7,grapes,red soil
30.7,41.3,33.8,26.98,62.16,7.42,589.4,groundnut,alluvial soil
30.5,39.6,41.5,23.91,79.97,7.24,715.3,soybean,black soil
21.9,30.9,24.0,34.58,55.22,7.13,644.0,greengram,black soil
70.2,38.0,51.8,23.49,64.76,7.35,646.7,wheat,alluvial soil
25.0,28.8,41.5,29.11,66.56,6.45,707.2,groundnut,red soil
61.7,41.2,54.2,22.92,45.29,7.74,696.6,sunflower,black soil
98.0,49.7,51.1,30.2,61.52,7.36,632.6,chilli,black soil
31.7,37.9,32.0,21.58,50.78,7.68,595.3,chickpea,black soil
103.2,51.0,71.0,29.18,82.83,7.17,1222.4,sugarcane,black soil
45.2,41.2,32.8,29.36,65.63,7.12,983.8,soybean,black soil
20.1,31.2,22.9,25.31,41.94,6.43,564.7,chickpea,red soil
77.6,48.5,58.3,27.51,69.64,7.45,638.7,maize,black soil
62.3,49.7,45.5,21.28,52.77,7.31,486.0,wheat,alluvial soil
109.9,60.3,82.1,30.03,65.12,6.75,1636.3,sugarcane,black soil
130.3,6.1,84.1,34.07,78.53,9.05,1692.9,safflower,alluvial soil
53.6,33.0,30.4,17.52,53.55,6.94,591.2,safflower,red soil
97.2,38.1,58.5,30.62,68.59,7.45,766.0,chilli,black soil
48.9,31.4,43.8,29.95,60.93,6.73,551.0,jowar,red soil
89.9,50.7,45.7,23.16,65.35,5.7,862.5,maize,red soil
34.5,40.6,34.0,27.16,64.08,6.15,521.7,groundnut,red soil
70.1,42.5,50.0,27.2,74.23,7.04,851.5,maize,red soil
94.2,54.9,55.1,24.51,61.73,6.6,836.3,onion,black soil
96.8,53.1,59.9,24.65,71.96,7.39,850.5,onion,red soil
77.6,40.7,64.6,25.6,69.61,6.86,921.0,chilli,red soil
77.9,39.3,58.9,34.62,63.93,6.95,892.4,cotton,black soil
28.5,39.6,28.9,32.33,68.93,7.87,703.8,pigeonpeas,red soil
94.9,57.0,58.2,28.85,63.42,6.55,830.3,maize,black soil
22.4,32.0,22.8,27.78,56.22,6.52,559.4,lentil,alluvial soil
76.9,45.3,63.6,31.15,64.26,6.21,726.9,chilli,black soil
39.7,21.7,32.0,32.44,56.28,6.93,612.1,bajra,alluvial soil
109.7,59.8,61.6,27.26,78.93,6.58,730.2,tomato,red soil
53.0,34.4,37.2,31.85,53.14,7.07,703.2,jowar,black soil
29.4,23.4,23.3,25.95,59.44,6.39,747.0,blackgram,red soil
69.3,45.9,53.2,27.91,53.88,7.58,659.4,sunflower,black soil
32.6,34.0,48.1,27.9,50.24,7.13,789.1,groundnut,red soil
45.7,48.8,38.1,28.92,75.81,6.16,689.4,soybean,black soil
53.9,32.5,40.7,24.66,35.38,7.58,424.1,safflower,black soil
71.6,66.1,13.6,22.78,75.6,5.86,404.1,sunflower,red soil
41.8,36.6,42.1,30.97,47.75,6.55,499.1,jowar,black soil
90.5,51.5,53.0,23.01,61.33,6.86,794.6,chilli,red soil
33.9,43.0,33.5,25.26,67.05,7.46,776.8,soybean,alluvial soil
93.1,39.8,93.6,10.12,38.91,8.02,1863.4,maize,red soil
21.1,41.3,49.5,28.78,67.53,6.32,711.0,groundnut,red soil
95.3,55.5,48.6,29.88,65.03,6.61,741.1,maize,black soil
86.7,42.3,55.7,26.02,56.82,6.28,922.2,chilli,black soil
31.3,1.0,31.5,36.26,80.34,8.94,2035.5,onion,red soil
35.1,49.8,28.0,24.33,71.67,7.27,917.6,soybean,alluvial soil
30.3,0.2,96.9,22.88,24.43,4.61,1490.5,lentil,alluvial soil
20.5,34.5,26.3,20.41,43.04,6.22,536.3,chickpea,red soil
104.9,47.6,60.4,21.14,67.95,6.4,863.2,onion,red soil
93.7,58.6,5.4,14.79,22.58,8.36,227.8,blackgram,black soil
42.6,27.8,25.2,42.97,63.63,4.92,2120.1,pigeonpeas,red soil
29.9,21.1,30.0,29.01,63.98,6.38,556.6,blackgram,black soil
71.1,42.8,40.3,22.65,59.87,6.84,615.1,wheat,alluvial soil
96.1,9.3,69.7,42.13,47.96,8.44,521.2,pomegranate,laterite soil
102.3,54.1,73.2,30.33,81.16,7.18,1378.7,sugarcane,black soil
60.7,45.4,53.1,26.42,53.16,6.68,682.3,sunflower,black soil
54.8,39.5,32.1,16.62,38.72,7.68,501.9,safflower,red soil
69.1,38.3,45.9,15.27,52.0,6.35,479.1,wheat,alluvial soil
40.2,31.4,33.7,25.51,64.89,8.33,470.5,jowar,black soil
61.4,45.7,49.0,27.36,50.15,7.74,647.6,sunflower,red soil
28.4,29.5,26.9,25.28,63.42,6.7,605.7,blackgram,red soil
98.2,43.7,54.4,19.29,69.4,6.85,866.6,onion,alluvial soil
46.4,23.9,30.9,31.57,50.58,7.84,542.9,bajra,red soil
119.5,7.9,68.0,42.93,74.91,4.81,1886.9,pomegranate,laterite soil
81.3,43.8,46.8,24.85,60.17,7.2,933.0,cotton,red soil
106.3,67.5,78.6,29.24,56.2,6.97,761.1,pomegranate,black soil
91.5,63.7,61.4,22.54,68.66,6.43,915.0,tomato,red soil
103.5,36.5,57.6,17.61,32.47,6.19,820.3,sugarcane,red soil
136.0,34.5,15.3,34.35,51.51,4.74,1389.0,sunflower,black soil
24.4,34.1,23.7,27.35,67.17,6.84,717.4,blackgram,red soil
69.1,43.6,43.3,17.55,51.61,7.18,544.0,wheat,black soil
56.5,43.9,37.2,25.29,66.32,6.28,624.9,ragi,red soil
64.3,52.4,57.1,31.05,53.78,6.69,713.3,cotton,red soil
73.3,41.1,53.8,21.67,53.7,7.04,536.8,wheat,alluvial soil
66.9,51.6,51.9,25.97,50.82,6.95,654.4,cotton,red soil
100.0,54.0,56.6,24.67,66.4,6.55,950.4,tomato,red soil
22.2,34.3,22.0,18.06,56.47,6.76,489.8,lentil,alluvial soil
27.6,26.1,34.3,25.0,52.67,7.47,555.5,chickpea,red soil
49.4,79.2,88.5,44.92,73.83,5.13,1974.2,sugarcane,laterite soil
16.1,33.5,85.5,37.97,48.19,6.05,603.1,bajra,laterite soil
43.5,38.9,36.4,15.07,36.07,7.68,526.2,safflower,red soil
97.2,58.7,56.6,26.38,67.52,7.22,724.7,maize,red soil
99.8,47.4,55.1,22.12,67.45,7.21,631.5,onion,alluvial soil
33.7,41.7,28.5,28.39,65.84,7.72,749.0,pigeonpeas,red soil
95.8,50.1,78.3,28.12,53.84,7.17,750.3,grapes,red soil
101.5,65.8,64.4,28.79,52.62,6.65,749.2,pomegranate,black soil
83.3,54.7,80.7,28.34,40.04,7.22,647.2,pomegranate,red soil
39.8,41.9,34.1,22.43,65.58,6.12,770.3,soybean,black soil
139.9,26.8,0.8,19.25,85.39,4.53,1812.6,bajra,black soil
35.0,44.2,1.2,32.36,68.49,5.79,1096.8,maize,alluvial soil
61.5,39.3,44.2,18.25,59.06,6.26,477.1,wheat,black soil
64.9,42.2,38.4,26.66,51.42,7.96,610.7,sunflower,black soil
26.9,31.2,22.8,22.51,48.77,7.67,465.0,chickpea,black soil
44.8,44.8,40.3,24.41,67.24,6.89,780.5,ragi,red soil
112.6,61.2,68.8,27.0,74.35,7.38,1410.6,sugarcane,black soil
55.6,39.8,53.3,21.34,56.8,6.58,737.4,sunflower,red soil
86.1,59.2,74.5,28.66,40.24,6.9,579.2,pomegranate,red soil
24.3,28.5,37.5,28.93,65.23,7.36,716.3,groundnut,red soil
80.2,51.6,81.5,32.14,55.51,7.01,553.2,pomegranate,red soil
16.7,29.1,29.4,18.14,59.0,7.24,411.2,lentil,alluvial soil
54.2,28.0,32.2,34.56,42.48,7.18,590.9,bajra,red soil
44.3,35.5,43.8,22.94,52.9,7.43,552.8,safflower,black soil
75.3,44.1,48.2,24.36,74.2,7.29,651.5,maize,red soil
118.1,66.9,84.4,29.96,67.61,7.22,846.5,grapes,black soil
21.9,25.8,22.3,28.63,54.74,6.05,585.1,chickpea,red soil
106.5,64.5,66.7,29.13,44.8,7.02,520.7,pomegranate,red soil
50.7,34.0,38.0,24.66,35.72,7.0,507.7,safflower,red soil
17.0,21.8,20.3,29.06,59.78,7.06,580.2,blackgram,black soil
100.3,33.7,22.2,40.76,48.31,8.51,346.1,blackgram,red soil
25.5,32.0,29.8,31.06,69.66,6.63,750.2,blackgram,red soil
89.0,48.7,60.4,28.09,66.47,6.39,883.7,maize,red soil
91.2,57.0,93.6,22.1,52.56,7.01,721.9,grapes,black soil
23.0,32.8,28.8,28.48,53.1,6.3,584.5,blackgram,red soil
34.6,28.1,27.3,29.22,57.77,7.4,483.0,chickpea,black soil
104.1,46.7,60.5,28.23,62.75,6.02,749.2,tomato,red soil
90.9,54.1,56.7,24.76,64.01,6.72,800.1,tomato,red soil
31.3,41.9,33.6,34.63,46.67,7.75,803.6,pigeonpeas,red soil
104.3,69.8,88.9,30.54,73.01,7.09,1632.0,sugarcane,alluvial soil
15.5,32.2,21.9,20.28,60.67,6.97,486.4,lentil,alluvial soil
51.4,32.9,39.8,30.89,53.57,8.31,725.5,jowar,red soil
51.5,35.2,37.9,28.87,57.72,6.2,959.7,ragi,laterite soil
111.4,51.3,73.4,25.47,64.09,6.05,862.3,tomato,alluvial soil
93.7,41.9,60.6,24.41,62.69,6.82,836.7,onion,black soil
22.7,36.8,30.4,28.36,56.73,7.48,645.0,groundnut,red soil
84.0,56.4,87.2,26.09,56.51,7.49,692.0,pomegranate,black soil
139.9,67.6,93.4,12.47,43.69,6.54,754.1,blackgram,black soil
82.6,64.6,99.2,44.18,69.48,7.87,2407.5,groundnut,red soil
42.4,28.5,34.1,19.99,46.05,7.58,578.4,safflower,black soil
68.2,42.1,45.6,21.04,46.32,7.1,796.4,sunflower,black soil
66.8,46.9,46.5,20.76,65.64,6.26,648.2,wheat,black soil
32.9,28.0,27.8,24.8,45.53,7.32,587.0,chickpea,black soil
73.3,41.0,54.1,26.45,59.29,6.74,725.4,chilli,black soil
37.7,27.4,27.8,34.82,43.09,6.64,468.8,bajra,alluvial soil
48.1,25.2,41.3,26.19,45.21,6.64,513.5,jowar,black soil
98.7,27.1,84.7,34.71,21.41,9.45,1735.3,grapes,alluvial soil
90.3,43.5,94.9,42.64,22.63,8.31,1308.4,chickpea,black soil
28.7,28.6,42.5,32.88,53.33,6.07,606.7,groundnut,alluvial soil
30.5,31.5,27.1,30.39,53.27,6.61,662.5,pigeonpeas,black soil
11.1,73.9,66.2,29.18,41.24,6.73,771.5,bajra,red soil
77.4,46.9,60.2,25.3,58.99,7.35,822.1,maize,black soil
39.0,62.6,42.8,11.63,89.97,7.82,2369.5,maize,laterite soil
94.5,53.3,54.5,23.94,67.59,6.93,611.0,chilli,black soil
88.1,60.6,79.5,28.52,47.76,6.54,740.5,pomegranate,red soil
67.0,40.5,53.3,25.53,57.17,6.89,508.4,sunflower,black soil
83.5,61.9,85.6,33.24,58.97,6.91,622.3,pomegranate,black soil
44.9,35.6,36.1,29.03,51.76,6.15,798.8,ragi,red soil
44.3,28.0,42.9,26.67,63.14,8.04,527.6,jowar,black soil
31.0,26.2,21.0,24.46,59.33,6.37,446.3,chickpea,black soil
37.8,34.2,40.4,31.76,67.9,6.6,886.9,groundnut,alluvial soil
34.3,30.2,40.1,26.17,56.07,6.69,814.4,groundnut,red soil
106.1,49.4,54.5,18.5,65.23,6.89,867.7,onion,black soil
104.4,30.8,37.5,35.83,88.17,6.33,852.4,cotton,black soil
84.8,45.2,66.4,27.77,60.57,7.19,693.6,onion,black soil
66.9,32.5,5.5,33.46,64.2,4.67,845.4,blackgram,alluvial soil
21.9,25.6,22.2,24.62,56.22,6.9,433.6,lentil,alluvial soil
115.1,50.7,55.7,20.83,78.31,6.77,791.9,tomato,red soil
19.4,32.7,26.9,34.75,52.48,6.57,745.8,greengram,alluvial soil
61.8,35.5,44.5,28.37,66.22,7.28,661.9,ragi,laterite soil
25.5,42.4,35.7,31.55,65.53,6.99,714.9,pigeonpeas,red soil
104.7,46.1,59.6,28.38,60.17,6.36,984.8,tomato,red soil
54.4,25.1,36.7,21.77,50.32,6.66,526.0,safflower,red soil
49.1,41.9,35.9,24.29,61.36,6.67,847.6,soybean,black soil
51.2,20.7,37.7,31.94,42.58,6.2,441.3,bajra,red soil
44.4,37.7,37.0,24.75,40.17,6.92,486.2,safflower,black soil
122.5,67.1,63.7,27.78,71.44,6.81,1840.0,sugarcane,alluvial soil
80.6,47.3,67.2,25.67,56.72,6.09,836.1,onion,alluvial soil
59.3,37.0,37.8,22.14,37.51,6.93,472.2,safflower,black soil
36.8,75.9,3.5,23.25,67.08,5.53,1917.8,jowar,red soil
99.1,59.6,59.1,24.83,60.69,7.49,917.4,onion,alluvial soil
57.2,14.4,18.7,12.87,33.78,5.39,2414.5,wheat,alluvial soil
16.4,26.4,18.4,25.39,56.6,7.27,613.3,blackgram,red soil
57.3,27.9,34.3,29.56,62.46,7.55,602.9,jowar,black soil
81.3,40.2,56.3,24.42,55.04,6.1,605.4,maize,alluvial soil
47.2,34.3,42.9,26.99,51.51,7.16,951.4,ragi,red soil
118.3,79.0,46.2,13.3,52.82,6.3,1448.4,greengram,black soil
105.5,50.7,87.8,31.0,66.45,6.84,1841.6,sugarcane,black soil
58.1,27.6,33.0,27.92,60.39,8.1,503.3,jowar,red soil
49.7,30.1,42.8,23.59,49.31,6.95,632.6,safflower,black soil
33.3,39.0,34.5,28.68,74.01,6.73,955.3,soybean,alluvial soil
24.4,26.4,23.8,27.51,60.72,6.14,474.5,lentil,black soil
129.8,23.7,28.2,22.1,24.58,9.15,1350.4,safflower,black soil
98.4,40.8,63.8,29.43,62.75,7.06,741.5,chilli,black soil
48.6,20.1,30.0,32.22,52.42,6.56,432.3,bajra,red soil
26.9,30.5,25.8,25.47,50.35,7.31,699.3,greengram,black soil
25.3,43.4,26.7,31.7,55.65,6.95,651.0,pigeonpeas,red soil
22.2,26.3,23.0,27.08,67.15,7.12,675.5,blackgram,black soil
66.5,45.6,40.5,26.17,66.59,6.66,698.3,cotton,black soil
18.9,26.1,21.5,21.91,61.64,6.69,564.9,lentil,black soil
100.2,62.4,83.5,20.81,51.39,6.82,857.8,grapes,red soil
98.0,48.1,53.9,30.97,68.48,7.27,810.1,chilli,red soil
15.8,34.5,19.3,30.69,57.08,6.65,797.5,blackgram,red soil
22.3,31.6,32.4,21.51,43.2,6.21,425.1,chickpea,black soil
18.4,23.4,23.2,27.87,56.85,7.38,738.5,greengram,alluvial soil
24.6,28.4,28.9,33.14,68.52,6.96,563.8,greengram,alluvial soil
71.7,36.6,48.3,22.5,51.23,6.48,470.6,wheat,alluvial soil
113.0,59.6,96.4,23.79,53.11,7.11,882.2,grapes,red soil
73.0,43.8,48.9,24.07,50.99,7.48,903.5,cotton,black soil
104.8,46.5,56.1,23.44,65.56,6.03,971.7,tomato,red soil
64.5,39.9,48.2,21.67,52.54,6.11,636.1,wheat,alluvial soil
76.6,37.7,43.5,23.51,62.77,6.36,627.5,wheat,alluvial soil
78.9,46.9,46.9,16.91,60.0,6.19,617.7,wheat,alluvial soil
70.2,41.3,54.9,17.23,57.96,7.27,530.1,wheat,alluvial soil
25.4,35.2,41.6,25.09,63.71,6.39,779.4,groundnut,alluvial soil
76.7,48.1,50.3,26.24,63.97,6.74,551.3,cotton,red soil
37.7,32.4,26.4,33.56,62.84,6.71,726.6,pigeonpeas,red soil
57.0,41.2,35.8,28.72,65.9,5.91,789.5,ragi,red soil
76.0,55.7,54.0,25.38,68.73,6.0,653.3,maize,alluvial soil
99.4,61.6,80.9,22.45,67.49,7.22,633.4,grapes,black soil
24.8,25.4,34.1,29.18,43.64,6.58,494.3,chickpea,red soil
72.9,43.6,49.6,28.19,52.35,6.36,813.8,cotton,black soil
98.8,35.6,63.1,26.7,65.64,6.63,946.6,chilli,black soil
104.2,64.6,55.5,24.8,67.03,6.17,695.2,tomato,red soil
109.2,44.1,53.5,24.33,71.39,6.55,934.0,onion,alluvial soil
139.4,51.9,89.3,29.36,81.89,6.94,1566.0,sugarcane,alluvial soil
109.5,65.8,98.8,23.97,61.6,7.21,863.1,grapes,red soil
21.7,34.6,25.9,32.78,55.13,6.68,529.6,greengram,black soil
40.8,24.7,39.8,29.76,58.12,6.24,604.2,bajra,red soil
43.5,44.7,34.8,24.48,67.28,7.43,918.7,soybean,alluvial soil
95.9,49.6,61.2,23.07,73.59,6.43,801.7,chilli,black soil
134.1,7.3,95.1,12.86,52.15,8.18,1952.0,greengram,laterite soil
49.2,35.2,32.1,18.03,44.32,7.18,446.4,safflower,red soil
47.3,36.6,43.4,30.26,62.98,7.0,613.7,jowar,red soil
90.5,44.2,61.7,26.59,56.38,5.92,922.3,maize,black soil
19.4,77.2,11.8,42.46,26.0,8.9,1437.0,pomegranate,black soil
22.4,20.2,23.8,34.59,57.53,6.23,787.2,blackgram,red soil
65.4,39.3,54.6,21.14,52.43,6.67,685.4,sunflower,black soil
90.2,43.4,53.2,19.61,71.13,7.25,687.1,onion,black soil
16.1,29.0,20.1,21.72,54.89,6.91,571.1,lentil,black soil
125.4,54.0,74.5,26.72,63.82,6.65,1249.3,sugarcane,alluvial soil
51.7,38.1,47.3,27.0,55.1,5.81,973.8,ragi,red soil
54.9,39.2,40.5,15.12,48.49,7.68,600.3,safflower,black soil
54.4,33.2,39.0,24.56,52.5,7.3,465.8,safflower,black soil
28.6,38.1,46.4,31.76,53.91,6.79,638.8,groundnut,alluvial soil
21.9,32.1,44.7,25.28,63.61,6.77,723.9,groundnut,red soil
47.2,35.9,30.5,25.05,60.56,6.59,705.1,jowar,black soil
59.7,31.0,34.5,28.48,46.99,6.56,678.7,jowar,red soil
126.0,69.1,74.6,12.91,32.65,5.73,461.9,groundnut,alluvial soil
68.0,37.0,50.5,18.24,67.48,7.07,511.8,wheat,black soil
21.9,25.9,23.7,29.67,67.95,6.36,580.9,blackgram,red soil
97.8,45.2,72.9,28.53,68.74,6.46,932.4,tomato,alluvial soil
76.6,38.3,52.8,24.87,69.54,6.16,656.9,cotton,red soil
63.9,44.3,39.8,21.54,62.56,6.91,988.2,ragi,red soil
58.0,36.7,32.0,30.17,58.81,8.01,673.9,jowar,black soil
133.0,49.4,55.8,11.89,83.34,5.64,1842.2,wheat,alluvial soil
97.0,50.6,74.4,30.14,52.19,7.19,506.9,pomegranate,black soil
57.0,50.0,42.8,20.47,44.99,7.92,799.3,sunflower,black soil
44.4,32.8,36.5,23.19,47.94,7.73,646.1,safflower,black soil
70.5,16.0,41.0,24.6,66.55,4.59,1332.7,pigeonpeas,black soil
60.5,41.1,38.3,28.1,66.18,7.29,754.5,ragi,red soil
22.7,25.6,22.9,23.71,46.42,6.32,534.5,lentil,alluvial soil
49.9,40.9,49.5,26.19,53.74,6.4,794.0,ragi,laterite soil
120.9,64.7,67.6,34.9,79.91,7.16,1556.7,sugarcane,alluvial soil
87.2,40.8,62.6,24.88,63.04,6.08,840.2,chilli,black soil
29.1,42.1,36.8,26.9,58.38,7.71,765.8,pigeonpeas,red soil
59.4,31.0,43.9,21.5,53.86,5.81,898.4,ragi,laterite soil
117.8,56.3,80.4,44.89,39.97,5.84,1037.9,grapes,laterite soil
94.5,40.5,58.5,23.66,72.37,7.29,752.8,onion,alluvial soil
112.4,56.0,91.8,22.08,50.36,6.9,800.3,grapes,red soil
91.4,55.0,94.1,22.78,52.26,7.11,886.7,grapes,red soil
45.7,32.3,46.0,26.7,65.2,5.64,889.1,ragi,laterite soil
22.1,30.1,29.8,19.51,62.9,7.21,409.5,lentil,black soil
105.3,58.0,62.5,24.25,69.59,6.56,936.8,tomato,red soil
76.9,44.6,60.8,26.17,60.77,6.48,696.3,chilli,red soil
130.4,68.7,94.7,29.26,52.73,4.57,529.8,jowar,laterite soil
43.4,35.4,38.3,30.12,57.43,6.58,618.5,jowar,red soil
28.4,34.4,17.6,29.46,57.89,6.94,793.9,blackgram,black soil
67.4,44.0,51.3,22.57,52.3,6.86,583.3,wheat,black soil
22.3,59.7,30.6,27.61,29.19,8.36,1048.8,grapes,red soil
101.1,64.3,71.4,27.91,64.36,7.11,1727.5,sugarcane,alluvial soil
38.5,31.4,26.2,33.65,50.73,6.44,416.4,bajra,alluvial soil
65.3,44.0,43.2,15.64,65.94,7.07,556.9,wheat,alluvial soil
47.6,39.2,36.0,17.11,37.1,6.75,587.3,safflower,red soil
83.6,35.8,51.1,28.14,68.26,7.37,740.3,chilli,red soil
85.5,49.5,52.6,26.77,59.32,5.8,702.3,maize,black soil
28.3,25.0,22.2,20.31,53.96,6.66,415.3,chickpea,black soil
1.6,59.6,61.8,29.41,38.29,4.63,2318.7,tomato,black soil
33.9,31.4,33.0,26.48,65.21,7.09,868.9,groundnut,red soil
41.9,21.8,25.0,33.49,43.65,6.14,589.6,bajra,alluvial soil
60.6,41.0,52.5,32.09,54.87,6.5,613.1,cotton,red soil
51.0,20.9,38.5,29.83,57.63,6.24,561.1,bajra,alluvial soil
23.9,30.8,28.3,24.8,63.43,6.84,481.9,lentil,black soil
16.6,22.2,23.1,32.54,55.18,6.93,705.5,blackgram,black soil
18.2,26.7,19.5,25.3,57.57,6.05,689.8,blackgram,black soil
42.7,29.0,37.4,31.54,46.88,7.17,592.3,jowar,red soil
131.2,10.9,42.9,16.5,38.71,7.7,913.4,pomegranate,laterite soil
127.1,52.5,70.3,33.22,61.52,7.43,1234.4,sugarcane,alluvial soil
133.1,77.3,88.9,29.47,51.96,7.59,1685.4,pigeonpeas,alluvial soil
30.1,33.3,44.2,26.57,74.9,6.7,966.2,soybean,black soil
54.4,34.8,39.2,22.03,36.58,6.53,615.3,safflower,red soil
108.1,63.6,42.2,43.56,80.71,6.69,1160.6,onion,alluvial soil
35.5,36.6,54.4,36.36,78.58,6.22,2102.6,sugarcane,red soil
62.0,31.7,38.0,24.45,51.21,7.64,684.2,sunflower,alluvial soil
70.5,52.2,59.9,29.12,68.82,6.31,958.3,chilli,red soil
23.2,25.6,26.7,25.06,68.93,7.06,622.9,greengram,alluvial soil
95.1,62.4,67.3,33.94,43.14,7.2,756.2,pomegranate,black soil
46.1,25.7,43.3,19.62,46.26,7.84,418.2,safflower,red soil
104.7,60.9,66.9,29.48,62.56,7.26,1713.3,sugarcane,black soil
83.7,28.6,74.8,29.72,49.08,7.85,1409.2,safflower,laterite soil
28.5,28.2,23.7,28.69,69.25,7.0,669.7,greengram,black soil
94.5,51.8,88.9,22.83,50.44,6.93,882.4,grapes,red soil
24.3,32.8,24.2,21.38,56.08,7.26,458.4,lentil,black soil
52.6,35.1,44.0,28.73,40.03,6.53,616.3,sunflower,red soil
38.8,49.5,30.4,22.99,64.45,6.98,608.6,soybean,black soil
79.0,51.5,57.5,29.55,66.5,7.43,973.3,chilli,black soil
66.4,44.0,56.0,32.95,64.44,7.76,581.4,cotton,red soil
60.5,30.0,51.3,24.98,49.96,7.0,650.6,sunflower,alluvial soil
37.4,31.5,36.9,26.04,68.0,7.0,795.8,groundnut,red soil
91.6,6.1,9.8,21.3,48.82,6.35,922.2,chickpea,alluvial soil
96.9,49.8,69.7,18.84,68.93,7.04,681.1,onion,alluvial soil
94.7,50.4,74.6,27.61,55.81,6.87,636.3,pomegranate,red soil
96.9,53.0,52.5,29.72,63.45,6.26,888.6,chilli,black soil
56.7,32.4,39.0,28.83,50.88,8.2,510.0,jowar,red soil
24.7,33.8,39.9,27.16,51.46,6.25,699.7,groundnut,alluvial soil
82.0,51.0,68.0,30.33,52.57,6.88,572.9,pomegranate,black soil
48.3,33.4,43.0,27.4,62.56,6.14,623.0,soybean,alluvial soil
95.8,59.4,61.5,18.84,69.77,7.05,719.3,onion,black soil
49.4,32.8,26.4,23.65,70.67,7.38,979.2,soybean,alluvial soil
15.0,22.8,28.2,26.0,56.3,6.6,716.2,greengram,black soil
20.8,27.6,30.2,21.71,55.39,7.31,512.7,chickpea,black soil
98.8,65.9,42.6,29.12,49.44,4.71,717.7,blackgram,alluvial soil
20.4,34.7,30.2,28.45,48.83,7.29,466.2,chickpea,black soil
65.8,35.7,99.0,32.86,38.72,8.77,1541.6,onion,red soil
57.5,39.3,30.9,16.59,43.66,6.58,429.2,safflower,black soil
18.2,25.0,24.6,28.11,69.7,6.7,707.0,blackgram,red soil
74.5,55.0,59.9,26.17,68.29,7.42,811.9,maize,black soil
116.2,73.6,99.0,25.89,66.13,5.64,1757.3,tomato,black soil
59.9,69.2,58.7,31.73,57.69,4.66,595.8,wheat,red soil
94.1,59.0,47.7,24.91,62.65,5.71,832.6,maize,black soil
54.2,3.6,33.9,29.62,51.07,8.2,258.4,onion,laterite soil
63.7,40.3,46.5,28.49,67.51,6.35,993.6,cotton,red soil
52.3,49.0,83.6,18.77,66.9,5.44,1799.4,sugarcane,laterite soil
100.8,46.4,63.0,19.96,71.04,7.09,713.9,onion,red soil
66.9,48.4,46.0,24.25,62.88,7.4,977.9,cotton,red soil
72.8,50.8,57.4,23.87,71.59,6.72,833.7,chilli,black soil
32.4,20.4,48.1,18.03,24.43,4.57,1763.7,bajra,alluvial soil
67.3,33.0,48.7,25.31,45.72,6.79,677.4,sunflower,black soil
53.6,73.3,62.9,36.85,88.56,4.64,1343.0,pomegranate,black soil
17.3,22.0,22.7,28.41,64.73,6.52,630.4,blackgram,red soil
21.9,37.9,31.6,26.74,52.75,7.91,484.6,chickpea,black soil
54.1,46.2,54.9,28.06,49.32,7.36,730.6,sunflower,red soil
92.4,55.9,46.8,27.77,64.36,6.1,764.1,maize,alluvial soil
87.5,52.3,87.6,25.18,41.9,6.89,651.4,pomegranate,red soil
41.9,27.5,31.5,25.43,47.72,8.34,490.0,jowar,red soil
16.1,27.9,23.0,20.12,54.71,6.45,512.4,lentil,black soil
24.4,31.3,34.4,26.84,54.26,6.79,498.8,chickpea,black soil
62.3,30.0,38.3,26.99,61.84,6.13,683.3,ragi,laterite soil
22.1,34.5,20.8,25.91,51.55,7.52,641.5,chickpea,red soil
77.1,41.0,63.0,24.97,71.33,6.96,887.6,maize,black soil
44.8,43.7,46.1,38.66,54.61,5.95,1972.6,sunflower,black soil
96.8,60.2,68.1,29.61,73.96,6.35,941.0,tomato,red soil
39.5,42.8,25.9,29.32,49.42,7.91,760.6,pigeonpeas,black soil
51.0,44.2,0.6,38.87,40.83,7.48,1819.6,cotton,red soil
24.6,30.1,32.1,28.1,55.21,7.79,523.5,chickpea,black soil
56.3,40.8,40.8,26.08,52.51,6.65,883.1,ragi,red soil
74.4,53.2,53.1,30.66,71.98,6.55,777.5,chilli,red soil
21.6,27.8,26.4,25.15,49.53,6.97,573.4,lentil,black soil
47.8,26.0,37.5,29.13,57.98,6.01,610.5,bajra,alluvial soil
21.7,40.3,47.6,28.35,59.98,6.6,788.4,groundnut,alluvial soil
41.8,26.7,30.5,31.39,45.14,6.6,408.2,bajra,red soil
109.5,44.4,81.8,12.62,47.34,7.89,1810.8,safflower,black soil
90.0,46.8,62.6,29.99,72.29,6.13,796.2,chilli,red soil
51.1,24.6,66.6,41.55,35.85,6.44,829.9,pomegranate,laterite soil
41.0,21.8,25.5,28.52,43.55,6.01,469.1,bajra,red soil
66.3,50.8,51.6,27.59,52.43,6.86,701.7,cotton,red soil
107.5,53.2,98.9,21.04,50.35,7.0,864.3,grapes,black soil
62.1,67.5,53.3,28.55,60.63,9.02,1397.5,ragi,alluvial soil
118.0,18.4,45.1,12.57,36.51,6.45,1153.0,pomegranate,red soil
119.0,69.3,68.1,33.94,81.18,6.85,1874.4,sugarcane,black soil
63.4,62.2,43.4,16.35,54.59,6.22,1871.3,pigeonpeas,alluvial soil
15.7,34.7,23.5,22.66,59.44,6.15,589.9,lentil,black soil
115.3,61.9,64.2,22.12,69.22,6.73,626.9,tomato,alluvial soil
18.5,34.0,25.5,24.57,63.63,6.73,519.3,lentil,black soil
93.0,48.7,67.4,23.2,58.08,7.39,917.1,onion,red soil
97.3,40.6,53.0,25.87,64.18,7.45,777.6,onion,alluvial soil
67.4,44.0,54.3,26.82,51.64,7.52,911.4,cotton,black soil
27.7,27.1,23.9,25.18,68.21,6.59,517.4,greengram,alluvial soil
90.6,48.9,62.4,21.41,70.16,6.85,812.5,maize,red soil
71.2,39.2,47.3,31.24,61.26,7.83,937.1,cotton,black soil
120.1,39.1,96.8,40.34,48.37,5.65,1840.0,grapes,laterite soil
108.2,61.0,93.3,24.87,61.54,6.87,802.0,grapes,black soil
78.6,34.8,0.8,14.46,26.69,4.98,1112.9,lentil,alluvial soil
39.0,24.4,35.9,34.03,49.76,6.39,476.6,bajra,alluvial soil
94.6,78.3,42.0,13.28,51.34,6.61,216.8,pigeonpeas,alluvial soil
58.0,46.2,50.1,29.01,41.42,7.01,649.0,sunflower,black soil
103.7,69.1,86.4,32.26,41.85,6.72,758.0,pomegranate,black soil
28.1,29.4,25.8,20.95,46.45,7.61,593.6,chickpea,black soil
15.2,29.5,28.8,25.53,53.81,6.85,566.7,lentil,alluvial soil
98.1,43.8,46.7,26.21,57.05,6.05,711.2,maize,alluvial soil
40.7,39.2,39.3,25.61,55.72,8.33,471.7,jowar,red soil
24.1,29.0,24.3,32.95,50.0,6.05,617.8,blackgram,black soil
66.2,12.9,43.8,39.22,45.41,8.89,2157.0,sunflower,alluvial soil
47.3,32.4,31.0,29.19,50.78,8.45,531.5,jowar,red soil
58.7,33.0,52.2,22.78,46.95,7.15,523.5,sunflower,red soil
116.5,68.3,97.0,26.43,56.93,6.52,686.6,grapes,red soil
17.0,20.1,25.9,27.4,52.25,7.29,554.8,blackgram,red soil
95.7,69.4,75.1,30.31,43.51,7.5,507.5,pomegranate,black soil
68.4,35.0,44.7,19.97,50.76,6.47,556.1,wheat,black soil
34.6,35.2,39.4,31.89,46.88,7.32,882.2,pigeonpeas,red soil
26.7,40.7,35.0,34.68,63.72,7.74,702.8,pigeonpeas,black soil
30.8,35.9,30.0,34.09,68.14,7.02,740.2,pigeonpeas,black soil
56.8,37.3,32.8,30.74,63.86,7.52,521.1,jowar,black soil
23.2,28.0,28.5,18.79,57.5,7.47,554.5,lentil,black soil
53.9,39.7,46.7,25.24,46.43,7.88,565.8,sunflower,red soil
62.3,39.9,45.6,28.88,47.93,7.8,764.3,sunflower,black soil
114.3,59.4,67.0,25.82,64.24,6.53,708.1,tomato,red soil
113.1,52.6,80.3,20.12,61.69,7.19,810.9,grapes,red soil
38.9,45.1,39.6,22.72,76.51,7.21,693.4,soybean,alluvial soil
58.9,61.2,83.6,18.79,39.81,6.02,1499.6,jowar,red soil
8.1,14.3,87.0,20.89,20.06,8.59,1693.6,sunflower,alluvial soil
48.1,28.4,39.5,19.27,40.69,7.51,491.4,safflower,black soil
94.5,45.2,21.1,15.28,82.35,6.38,906.5,blackgram,red soil
98.0,56.5,46.8,25.75,59.75,6.59,688.7,maize,alluvial soil
105.9,69.0,69.9,32.8,83.2,6.53,1375.1,sugarcane,alluvial soil
22.7,30.7,24.6,27.51,54.71,6.05,463.2,lentil,black soil
26.2,64.4,20.3,43.6,85.69,8.43,2251.3,grapes,alluvial soil
24.0,30.0,24.0,25.71,57.84,7.4,510.4,lentil,alluvial soil
75.2,45.9,45.9,19.37,68.77,6.78,551.9,wheat,alluvial soil
37.6,36.7,33.5,15.12,83.93,8.54,1519.5,bajra,black soil
17.9,36.3,72.2,27.14,77.94,9.34,1999.8,wheat,red soil
84.9,45.1,59.2,26.24,72.92,6.24,937.1,onion,black soil
61.8,33.7,39.3,24.05,55.63,7.08,673.6,sunflower,alluvial soil
15.9,24.8,26.7,33.15,69.9,6.58,767.6,greengram,alluvial soil
62.5,37.8,40.9,24.77,41.19,6.54,728.6,sunflower,alluvial soil
54.5,74.2,56.7,20.34,31.44,5.55,1492.3,greengram,red soil
36.0,71.8,36.6,42.32,82.2,6.78,2280.1,jowar,alluvial soil
32.6,32.1,49.3,27.07,60.94,7.38,614.7,groundnut,red soil
50.5,36.1,41.4,21.88,53.6,7.32,663.6,ragi,red soil
17.7,19.6,34.7,32.88,63.8,6.35,1858.2,groundnut,black soil
70.1,45.8,42.0,23.26,69.49,6.28,636.8,wheat,black soil
91.0,44.1,53.9,25.77,73.22,6.0,993.0,maize,black soil
131.8,68.3,77.9,26.37,64.27,7.44,1447.0,sugarcane,alluvial soil
44.5,14.3,47.6,25.03,51.59,8.39,2084.6,chilli,red soil
34.3,36.4,38.2,32.13,51.64,7.39,654.3,groundnut,red soil
49.0,47.0,37.2,26.42,67.47,6.03,781.8,soybean,alluvial soil
77.5,40.5,54.5,15.67,66.54,6.64,508.4,wheat,alluvial soil
69.3,44.2,41.7,26.62,64.72,7.86,717.3,cotton,black soil
116.3,28.3,73.9,37.39,23.22,7.4,1359.4,sugarcane,red soil
39.0,33.5,31.7,33.04,51.47,6.88,680.5,pigeonpeas,black soil
47.7,22.6,63.7,28.6,28.41,6.9,1176.4,greengram,laterite soil
115.1,60.4,76.1,34.88,77.13,7.45,1501.9,sugarcane,alluvial soil
135.6,4.9,95.8,30.59,47.78,7.75,2102.3,groundnut,red soil
77.7,35.8,51.4,33.75,59.73,6.71,516.6,cotton,black soil
110.3,58.8,81.3,17.03,71.62,9.17,1100.9,safflower,red soil
49.6,34.0,36.5,31.48,57.77,6.98,728.9,jowar,black soil
17.6,75.1,26.0,16.15,64.89,9.03,2403.2,soybean,laterite soil
19.4,21.7,23.5,26.72,64.09,7.35,674.1,greengram,alluvial soil
41.7,38.3,33.0,17.62,53.61,7.34,499.9,safflower,red soil
139.0,62.9,69.9,30.39,62.44,7.33,1245.2,sugarcane,alluvial soil
19.9,21.9,21.1,28.02,56.63,6.85,692.9,blackgram,red soil
26.8,27.3,25.1,30.36,59.69,7.13,799.8,greengram,alluvial soil
24.4,26.0,21.0,18.52,45.39,6.37,529.3,lentil,alluvial soil
49.6,34.8,40.9,20.56,48.79,7.63,557.8,safflower,black soil
72.9,55.8,45.1,29.89,62.56,6.38,987.7,maize,black soil
15.6,29.5,25.4,24.85,61.17,6.17,548.4,lentil,black soil
72.3,36.6,59.0,26.71,55.26,6.71,719.1,chilli,black soil
94.2,55.9,74.8,34.88,40.34,7.32,716.1,pomegranate,black soil
24.1,5.8,67.2,44.57,21.29,6.38,1657.5,chilli,black soil
63.9,41.9,36.7,22.44,51.84,5.68,754.2,ragi,red soil
81.4,40.1,60.0,25.94,72.16,7.36,813.7,chilli,red soil
35.5,45.1,33.9,29.12,64.49,7.3,803.8,soybean,alluvial soil
76.1,57.7,60.6,25.94,64.42,5.66,810.4,maize,black soil
97.2,51.6,64.7,29.01,74.14,6.03,674.6,maize,black soil
36.1,42.5,45.9,29.43,62.96,7.18,827.6,groundnut,red soil
15.3,33.4,24.5,33.69,64.1,6.85,554.2,blackgram,black soil
66.9,29.6,33.7,17.86,85.46,7.69,2270.2,sunflower,laterite soil
28.2,42.4,34.7,26.73,57.65,6.54,797.5,pigeonpeas,black soil
24.1,13.0,92.5,40.73,59.95,8.5,1217.3,tomato,alluvial soil
132.4,50.8,66.4,29.78,75.06,7.08,1828.5,sugarcane,alluvial soil
22.4,27.6,28.4,22.13,58.0,7.96,532.5,chickpea,red soil
83.2,51.4,56.3,26.94,60.72,6.77,863.7,chilli,black soil
66.4,43.4,37.3,24.82,58.6,6.76,729.1,sunflower,black soil
121.0,23.0,58.6,18.29,46.71,7.05,1984.3,onion,red soil
25.8,29.3,45.7,29.28,69.6,6.05,621.5,groundnut,alluvial soil
51.7,43.9,50.3,29.67,44.41,7.04,503.8,sunflower,alluvial soil
22.5,32.1,20.9,20.71,53.04,6.68,611.6,chickpea,black soil
75.3,46.8,51.7,27.46,67.94,7.59,911.1,cotton,black soil
89.1,48.5,68.0,24.75,70.09,7.22,884.6,onion,red soil
57.5,49.5,45.3,27.61,47.55,7.24,646.4,sunflower,red soil
35.3,46.5,33.4,24.08,73.91,6.6,747.3,soybean,alluvial soil
40.1,27.9,29.9,32.6,47.08,6.12,576.1,bajra,red soil
69.0,35.0,48.5,15.55,63.69,6.35,483.3,wheat,alluvial soil
49.5,32.7,38.9,27.4,48.73,6.5,468.2,bajra,alluvial soil
61.7,41.8,39.8,29.96,59.69,6.88,775.9,ragi,laterite soil
40.4,34.7,33.2,24.99,69.07,7.41,683.6,soybean,alluvial soil
77.8,39.0,56.0,31.52,68.2,6.08,862.1,chilli,black soil
86.5,36.7,54.5,23.25,64.31,7.44,786.8,chilli,black soil
91.3,69.0,77.4,21.59,50.58,7.39,844.0,grapes,black soil
96.9,49.3,69.7,26.6,60.17,6.29,671.6,tomato,red soil
78.1,39.9,41.9,20.6,56.72,6.62,552.1,wheat,black soil
26.6,39.7,33.3,25.59,54.42,7.8,610.4,chickpea,black soil
122.7,60.4,72.3,34.45,62.79,7.03,1806.0,sugarcane,black soil
132.5,40.6,76.8,29.6,33.46,7.72,789.6,pomegranate,red soil
54.5,46.8,45.5,21.45,48.36,6.66,535.5,sunflower,red soil
40.6,0.3,76.5,44.38,56.85,9.31,2450.8,soybean,black soil
52.3,39.2,40.0,17.84,43.13,7.1,634.7,safflower,red soil
77.1,55.7,46.5,27.11,68.34,7.32,895.8,maize,black soil
40.3,34.4,34.2,27.52,53.45,7.61,665.9,jowar,red soil
80.6,40.9,59.6,25.34,60.14,5.57,851.3,maize,black soil
59.8,30.8,36.3,21.48,45.09,7.03,546.1,safflower,red soil
41.4,28.2,38.1,30.76,47.88,6.59,455.2,bajra,red soil
65.0,46.1,41.6,25.54,58.57,7.47,661.3,sunflower,black soil
99.0,69.0,32.6,21.68,64.31,8.2,2125.0,maize,laterite soil
54.0,39.0,41.8,26.54,64.45,6.47,753.7,ragi,red soil
55.8,28.3,31.9,16.33,43.03,6.88,411.4,safflower,black soil
97.7,44.7,62.2,25.15,63.55,6.19,871.2,onion,alluvial soil
40.8,40.8,39.2,20.58,55.1,6.89,770.5,ragi,red soil
47.0,68.6,99.4,39.98,94.81,4.77,1527.8,sunflower,laterite soil
28.5,3.1,75.7,15.62,31.16,5.35,2144.8,chickpea,alluvial soil
90.7,53.0,54.1,25.77,41.86,9.09,2316.6,sunflower,alluvial soil
27.0,30.3,17.5,31.93,56.84,6.11,524.6,blackgram,red soil
30.6,29.8,29.0,26.36,41.46,6.05,427.2,chickpea,black soil
79.7,47.6,42.7,24.44,52.64,7.32,865.2,cotton,black soil
23.9,34.3,25.9,26.06,54.17,6.19,487.9,lentil,black soil
51.4,13.5,20.6,25.02,49.65,9.06,1147.6,greengram,black soil
83.6,47.0,57.8,31.85,61.21,6.13,922.6,cotton,red soil
25.7,27.6,20.7,27.06,56.75,6.79,525.2,greengram,black soil
85.3,70.0,64.2,25.02,50.9,7.21,507.0,pomegranate,black soil
114.5,49.6,72.4,27.93,68.39,6.85,824.6,tomato,red soil
99.1,3.5,82.1,35.23,48.08,5.44,1499.7,chilli,alluvial soil
5.8,71.9,8.5,42.09,64.01,7.29,1438.5,sugarcane,laterite soil
36.8,34.5,40.5,25.8,54.59,6.79,755.9,groundnut,alluvial soil
47.4,21.4,31.9,32.64,44.05,6.35,416.6,bajra,red soil
71.4,47.4,49.3,23.58,60.57,6.49,635.8,chilli,black soil
116.7,67.9,60.3,30.51,69.86,7.19,1817.3,sugarcane,black soil
38.6,74.6,66.3,10.43,79.62,5.85,1234.3,sunflower,alluvial soil
86.7,53.6,41.1,30.77,63.19,7.9,774.7,cotton,red soil
92.2,48.6,47.9,26.81,59.87,7.04,606.2,chilli,red soil
40.8,36.6,44.7,22.95,49.9,6.71,649.5,safflower,red soil
32.5,32.2,34.0,20.75,41.66,7.24,567.2,chickpea,red soil
63.9,0.2,26.9,36.43,71.04,9.19,1227.0,sugarcane,laterite soil
98.5,50.0,75.5,31.14,40.28,7.2,776.3,pomegranate,red soil
44.2,20.9,28.3,33.33,53.92,7.42,516.5,bajra,red soil
108.2,56.5,60.9,33.26,45.3,7.26,526.6,pomegranate,red soil
79.4,37.7,38.2,22.43,94.28,7.46,700.5,groundnut,red soil
134.2,0.1,60.7,10.69,51.53,7.54,2295.5,onion,alluvial soil
17.3,27.0,26.4,26.61,62.89,7.03,641.6,greengram,black soil
40.1,28.0,34.8,30.87,58.32,6.06,533.9,bajra,alluvial soil
106.5,55.3,86.1,26.5,58.24,6.95,561.8,pomegranate,black soil
29.6,20.3,20.1,28.95,64.06,6.68,571.9,blackgram,black soil
71.1,58.6,43.4,13.62,88.44,9.18,1381.3,lentil,red soil
24.5,28.5,25.8,32.46,54.86,7.46,698.6,greengram,black soil
125.3,68.7,61.5,31.11,62.03,6.65,1417.7,sugarcane,black soil
54.2,35.5,33.4,27.51,57.38,7.28,693.8,jowar,red soil
71.5,44.0,49.5,28.27,69.37,6.92,767.2,cotton,black soil
72.9,41.4,51.0,26.29,65.95,7.33,758.3,maize,alluvial soil
116.2,61.6,89.2,30.89,68.53,6.87,1558.2,sugarcane,alluvial soil
77.5,51.7,41.7,24.36,67.45,6.05,893.7,cotton,black soil
52.3,74.0,67.8,30.68,65.28,7.31,362.2,chickpea,laterite soil
39.5,35.8,15.0,23.3,44.12,5.39,1885.8,jowar,black soil
24.9,21.2,21.1,27.52,65.08,6.96,614.2,blackgram,red soil
20.6,79.4,3.0,20.62,36.85,4.58,508.0,maize,laterite soil
43.0,47.4,38.5,29.27,77.02,7.47,628.5,soybean,black soil
93.6,50.3,63.2,28.34,64.15,6.14,870.5,tomato,alluvial soil
115.1,63.4,73.0,29.1,61.57,7.5,1664.1,sugarcane,alluvial soil
28.8,34.6,43.5,25.2,64.9,7.09,545.9,groundnut,red soil
108.9,9.8,88.5,15.38,61.8,6.67,956.8,chilli,alluvial soil
90.6,57.8,65.0,27.9,65.18,6.32,720.5,tomato,alluvial soil
63.0,37.1,54.5,23.33,47.3,7.99,787.9,sunflower,alluvial soil
24.5,29.3,21.2,30.76,58.32,7.22,551.3,greengram,black soil
37.9,69.6,55.9,15.32,53.14,4.86,1053.7,greengram,black soil
40.1,25.8,35.1,31.53,45.31,6.89,458.6,bajra,alluvial soil
93.0,64.7,65.1,28.17,77.71,6.55,963.4,tomato,alluvial soil
54.3,46.8,39.7,28.05,44.0,7.34,761.6,sunflower,red soil
68.7,44.5,38.0,25.36,56.26,6.59,635.9,sunflower,black soil
39.8,32.3,47.3,28.65,57.54,6.44,678.6,groundnut,alluvial soil
24.0,28.0,24.1,21.46,58.03,6.67,430.0,lentil,alluvial soil
66.9,39.3,35.2,27.58,42.78,7.13,705.4,sunflower,alluvial soil
82.3,37.6,53.9,32.61,68.36,6.08,898.8,cotton,black soil
56.6,28.3,43.2,27.02,59.65,7.95,596.6,jowar,red soil
35.3,24.0,74.4,17.57,30.92,6.56,1427.4,pomegranate,red soil
35.4,34.6,26.3,32.22,68.34,7.76,630.1,pigeonpeas,black soil
90.3,64.4,2.5,43.62,78.84,7.55,210.5,jowar,black soil
69.7,4.5,69.4,32.41,85.86,8.3,1052.2,tomato,red soil
130.0,62.1,53.4,15.91,82.23,7.15,1611.0,safflower,laterite soil
36.5,31.3,39.8,23.52,79.72,7.26,808.0,soybean,black soil
48.6,30.0,29.3,30.9,50.84,7.46,473.2,bajra,alluvial soil
43.6,34.4,36.1,17.02,51.72,6.88,447.4,safflower,black soil
94.4,13.8,71.8,37.39,55.49,6.32,1874.9,ragi,red soil
21.4,25.9,28.7,19.16,47.53,6.56,572.8,lentil,black soil
100.3,59.2,62.7,28.81,72.05,6.81,975.5,tomato,alluvial soil
22.5,30.6,23.4,26.87,53.29,6.92,668.8,greengram,black soil
82.5,48.6,58.3,22.92,73.92,6.73,761.6,chilli,red soil
74.0,45.2,64.2,28.93,62.52,7.22,838.4,maize,red soil
36.8,34.5,32.7,26.22,44.15,6.79,517.5,bajra,alluvial soil
137.4,26.1,49.7,18.8,85.18,6.28,1559.2,pigeonpeas,red soil
93.2,57.1,54.9,28.81,73.32,7.45,784.9,maize,alluvial soil
47.3,36.1,42.0,25.73,53.73,7.31,476.8,jowar,black soil
67.0,42.5,36.4,32.75,20.44,4.78,1421.2,onion,red soil
83.1,23.3,7.8,20.34,54.29,9.08,1844.7,lentil,black soil
90.4,67.3,63.6,28.33,49.47,6.82,731.2,pomegranate,black soil
55.5,52.2,14.7,30.68,49.51,7.62,1925.4,safflower,red soil
91.4,59.2,44.9,28.28,27.99,9.38,2374.7,maize,black soil
56.4,31.3,43.5,16.24,37.16,6.84,554.3,safflower,red soil
28.1,22.1,29.0,28.06,66.47,6.87,527.3,greengram,black soil
7.9,18.3,12.9,22.23,32.25,4.6,753.7,chickpea,red soil
17.7,35.0,20.8,27.21,57.41,7.12,520.4,greengram,black soil
41.9,43.6,37.0,23.5,66.16,6.27,737.0,ragi,red soil
15.6,23.8,25.6,29.28,61.72,7.32,645.6,greengram,alluvial soil
23.3,30.1,25.8,23.38,55.74,6.35,529.5,lentil,alluvial soil
20.5,26.6,26.1,21.08,57.23,6.17,451.8,lentil,black soil
110.7,63.5,76.0,29.3,79.26,7.01,1365.9,sugarcane,black soil
24.1,35.3,31.2,21.8,53.01,7.89,420.1,chickpea,red soil
99.0,56.0,67.1,24.96,57.1,6.97,606.1,onion,alluvial soil
68.3,46.6,51.7,20.4,42.03,7.97,762.1,sunflower,red soil
15.9,26.3,29.3,25.32,59.39,7.05,494.4,lentil,alluvial soil
99.8,54.1,55.9,25.43,73.1,7.25,666.3,chilli,red soil
129.5,45.1,69.6,18.83,57.58,8.56,2164.4,groundnut,laterite soil
27.5,21.8,21.2,33.44,64.92,6.99,624.8,greengram,alluvial soil
87.2,57.8,67.3,28.31,49.1,6.55,581.4,pomegranate,black soil
130.3,79.5,36.0,12.8,92.76,5.25,1826.4,safflower,black soil
77.9,64.8,85.3,35.39,83.31,6.85,2351.0,grapes,laterite soil
33.8,43.7,42.4,26.68,66.06,6.2,680.6,groundnut,red soil
24.7,27.4,26.3,30.9,57.48,6.6,728.2,greengram,black soil
46.3,79.8,93.4,28.9,79.37,8.85,1833.4,maize,alluvial soil
69.9,53.9,44.6,29.33,54.07,7.24,741.7,cotton,black soil
68.1,51.4,49.7,31.13,53.34,7.62,777.5,cotton,black soil
42.9,25.9,37.9,27.23,47.89,7.43,605.2,bajra,alluvial soil
99.3,48.3,55.5,26.68,56.28,6.48,941.2,maize,black soil
70.5,38.5,49.7,16.36,68.29,6.76,482.7,wheat,black soil
16.5,31.0,22.5,23.32,63.52,7.1,453.7,lentil,black soil
43.2,32.6,39.8,24.48,69.14,6.67,705.0,soybean,alluvial soil
77.8,35.1,55.0,24.56,62.31,6.63,789.2,chilli,black soil
27.7,32.1,16.2,25.97,69.65,6.78,766.2,blackgram,red soil
42.5,34.2,33.0,15.12,49.93,7.3,566.1,safflower,red soil
21.1,28.8,46.1,27.66,55.03,6.42,790.8,groundnut,red soil
75.1,35.2,49.6,27.2,66.76,7.58,941.2,cotton,red soil
108.9,54.6,72.7,25.11,64.62,7.36,768.4,grapes,black soil
82.1,60.9,72.5,31.58,44.8,6.74,768.6,pomegranate,red soil
39.1,0.5,74.3,24.24,75.65,7.88,1156.2,cotton,laterite soil
10.5,54.4,4.5,19.06,50.42,8.37,1570.9,groundnut,laterite soil
114.4,56.4,90.6,23.78,57.11,7.39,769.4,grapes,black soil
26.2,42.8,44.0,28.34,60.07,7.31,894.4,groundnut,alluvial soil
76.4,76.4,92.4,10.07,23.95,9.3,538.3,maize,laterite soil
94.4,41.6,46.2,23.5,74.97,6.48,989.0,maize,black soil
114.9,52.3,90.8,25.52,50.49,6.54,728.0,grapes,black soil
41.8,24.9,27.9,33.14,46.67,7.3,596.9,bajra,alluvial soil
72.1,49.1,63.1,29.79,60.82,7.11,884.3,maize,alluvial soil
109.9,51.2,55.3,20.28,60.02,6.21,660.2,tomato,red soil
18.1,22.8,29.1,25.4,63.35,6.82,558.3,greengram,alluvial soil
18.5,30.6,22.8,23.19,52.57,7.07,511.4,lentil,black soil
122.1,17.5,33.9,19.31,52.6,7.51,2346.8,grapes,black soil
43.4,36.3,44.2,24.6,37.8,7.41,605.0,safflower,red soil
33.6,27.6,33.6,30.76,63.44,7.04,768.2,groundnut,red soil
77.8,37.6,41.0,27.26,52.14,7.88,646.6,cotton,black soil
116.3,36.9,60.6,14.44,25.77,9.1,2166.7,onion,red soil
26.2,42.1,42.1,25.0,61.16,6.17,849.8,groundnut,red soil
33.2,37.0,39.7,27.66,68.29,6.81,726.5,groundnut,alluvial soil
20.7,25.6,12.7,10.93,22.5,5.78,2270.4,safflower,red soil
28.6,38.1,28.0,25.32,51.31,7.04,569.1,chickpea,red soil
105.8,5.6,30.9,40.17,77.51,4.79,2101.1,sugarcane,alluvial soil
50.7,35.6,35.6,27.06,59.73,7.66,717.9,sunflower,red soil
13.9,21.3,44.3,13.02,81.8,8.03,1721.4,pigeonpeas,alluvial soil
99.1,46.0,63.9,22.24,71.24,6.69,849.7,onion,alluvial soil
20.3,37.9,20.1,29.17,53.8,6.61,551.5,chickpea,red soil
108.4,47.7,69.3,27.11,63.47,7.16,700.7,onion,black soil
60.3,34.3,75.5,41.66,73.85,7.85,1508.0,jowar,alluvial soil
102.5,61.2,71.7,23.2,71.94,6.7,773.6,tomato,alluvial soil
51.9,38.8,30.5,28.96,59.72,8.08,541.1,jowar,red soil
107.7,41.8,19.4,40.96,60.55,5.16,357.8,groundnut,red soil
32.9,57.9,24.2,36.22,41.38,8.94,2122.9,blackgram,red soil
93.4,51.8,53.2,28.63,71.45,7.19,729.7,chilli,red soil
89.4,48.4,52.3,22.9,57.29,6.52,901.5,maize,red soil
5.1,71.5,95.4,20.28,49.26,6.68,928.4,jowar,laterite soil
102.1,57.5,77.3,34.26,83.4,7.32,1203.0,sugarcane,black soil
68.7,47.4,47.7,17.96,53.75,6.33,494.6,wheat,black soil
22.4,34.4,23.9,23.81,62.88,6.87,411.3,lentil,alluvial soil
113.5,54.7,97.0,27.18,63.18,7.44,888.6,grapes,black soil
76.8,41.1,47.5,26.85,65.63,6.82,525.8,cotton,red soil
51.4,33.4,43.8,25.9,63.39,5.61,807.8,ragi,laterite soil
16.2,27.4,26.2,25.02,55.27,7.12,405.9,lentil,black soil
83.1,70.4,45.1,34.03,75.96,8.24,1514.7,cotton,black soil
73.1,48.4,47.6,19.29,59.83,6.06,452.1,wheat,alluvial soil
75.9,55.6,60.6,22.66,69.95,6.56,744.7,maize,black soil
52.0,21.6,69.9,15.41,28.18,9.42,1441.5,blackgram,laterite soil
69.6,50.7,97.2,24.02,36.54,9.5,561.8,pigeonpeas,black soil
29.6,28.8,25.6,27.93,43.97,6.01,601.8,chickpea,black soil
56.0,36.1,36.4,16.09,47.97,6.73,546.1,safflower,black soil
79.6,52.6,43.8,26.94,63.39,7.71,930.2,cotton,red soil
45.9,25.9,32.7,27.94,63.08,8.0,704.8,jowar,red soil
46.1,49.0,39.7,26.88,72.39,6.78,662.4,soybean,alluvial soil
51.1,25.9,43.7,29.38,51.47,8.22,568.2,jowar,red soil
30.0,32.6,21.8,21.42,41.76,6.97,589.8,chickpea,red soil
137.2,2.1,39.3,26.91,36.09,9.46,1628.8,lentil,alluvial soil
40.7,31.2,32.4,26.02,62.15,6.68,941.8,soybean,black soil
28.3,27.9,25.8,29.08,63.54,6.56,713.9,greengram,black soil
18.4,32.7,25.7,25.64,56.24,6.84,649.0,blackgram,red soil
43.4,37.1,39.6,24.58,53.1,5.96,987.6,ragi,laterite soil
105.4,44.4,58.9,22.39,64.21,6.9,714.1,onion,black soil
28.4,59.1,53.6,37.41,38.52,5.96,1802.5,groundnut,black soil
46.0,22.7,34.9,34.77,50.96,6.29,638.6,bajra,alluvial soil
119.9,62.2,62.0,27.59,65.37,6.86,892.2,tomato,alluvial soil
79.4,36.9,50.4,16.68,50.61,6.38,555.3,wheat,black soil
69.0,44.5,40.9,15.4,53.35,7.36,487.9,wheat,alluvial soil
44.7,41.7,27.5,25.59,73.34,7.31,773.8,soybean,black soil
104.4,68.2,71.3,25.79,45.15,6.66,596.5,pomegranate,black soil
38.5,32.6,25.3,24.27,52.68,7.05,866.1,pigeonpeas,red soil
64.8,36.4,49.9,23.72,54.8,6.4,467.8,wheat,black soil
19.4,26.1,20.9,18.19,62.03,7.3,512.1,lentil,black soil
56.9,39.6,39.4,28.6,55.09,6.61,729.6,jowar,black soil
24.5,38.6,39.7,30.31,55.0,7.16,602.4,groundnut,red soil
41.2,64.0,37.6,24.91,43.36,6.79,853.8,tomato,laterite soil
102.1,79.4,3.7,35.66,28.47,9.0,1464.4,blackgram,red soil
42.2,37.0,40.8,27.24,60.92,6.72,725.7,soybean,alluvial soil
51.1,31.0,34.4,31.14,59.19,7.97,557.2,jowar,black soil
87.5,36.9,57.0,28.8,65.96,6.96,670.8,chilli,red soil
79.9,78.7,27.5,33.87,21.73,4.91,2053.7,ragi,black soil
64.9,37.6,46.6,15.34,63.87,6.89,632.7,wheat,black soil
72.5,45.9,47.3,24.52,55.08,6.28,615.6,chilli,red soil
51.9,25.5,33.3,17.1,44.53,7.61,508.6,safflower,black soil
17.3,34.3,16.4,26.93,61.46,6.73,637.7,blackgram,red soil
95.3,53.0,75.8,21.4,51.63,6.78,806.0,grapes,red soil
28.0,21.2,23.9,30.27,63.04,7.3,521.6,greengram,black soil
85.1,41.8,49.9,24.25,52.83,6.38,537.7,cotton,black soil
21.5,25.5,30.8,25.51,42.98,6.37,429.4,chickpea,red soil
46.3,40.5,47.0,23.29,50.48,6.79,736.0,ragi,laterite soil
66.3,40.2,51.7,18.61,64.85,7.08,450.0,wheat,black soil
90.1,53.3,72.6,26.85,60.19,6.86,611.4,tomato,alluvial soil
101.8,55.3,56.5,24.34,68.7,7.06,724.8,onion,black soil
6.8,21.6,11.1,22.37,61.74,7.02,2183.8,blackgram,black soil
24.7,37.0,35.7,26.5,59.13,6.05,550.5,groundnut,red soil
48.0,75.3,37.8,30.01,28.81,6.46,230.0,greengram,black soil
94.0,54.7,86.6,27.81,43.29,7.37,666.7,pomegranate,black soil
133.7,67.9,98.6,31.36,23.81,4.56,1996.6,safflower,black soil
43.4,77.8,8.4,19.37,58.31,6.94,496.6,wheat,alluvial soil
115.9,39.7,47.6,42.18,61.93,8.91,871.3,sunflower,alluvial soil
85.6,50.4,46.4,30.1,54.49,6.86,696.2,cotton,red soil
57.2,27.0,33.2,28.14,56.91,6.65,685.0,jowar,black soil
87.1,42.7,55.1,25.41,61.01,6.4,721.3,chilli,black soil
127.5,68.4,86.9,28.39,79.2,6.74,1442.3,sugarcane,alluvial soil
80.5,54.9,53.4,27.21,58.3,6.69,663.3,chilli,black soil
24.5,32.8,20.9,28.85,68.6,6.95,576.6,greengram,alluvial soil
43.2,42.2,42.7,24.38,75.79,6.87,961.2,soybean,alluvial soil
58.2,34.1,36.6,24.98,63.3,6.61,848.5,ragi,red soil
72.3,45.6,48.4,18.55,52.27,6.24,630.6,wheat,alluvial soil
26.8,73.6,98.4,42.94,88.97,5.57,1489.0,groundnut,black soil
115.7,53.0,78.0,20.39,61.89,7.23,747.1,grapes,black soil
84.6,27.3,13.8,42.06,69.34,6.03,278.1,greengram,black soil
16.9,29.1,29.6,25.33,68.7,6.79,535.9,blackgram,red soil
49.1,34.7,31.3,25.23,50.11,8.45,452.1,jowar,black soil
54.8,33.2,33.3,16.78,47.19,7.6,464.0,safflower,red soil
73.2,58.7,51.2,22.32,72.06,6.63,986.2,maize,black soil
55.9,30.5,31.9,26.39,54.64,6.64,462.9,jowar,black soil
20.4,29.9,21.5,18.69,63.88,7.29,403.7,lentil,alluvial soil
82.1,49.4,11.7,19.54,90.48,6.25,719.0,greengram,red soil
17.7,21.9,18.1,34.47,52.62,6.66,513.7,blackgram,red soil
84.1,51.5,48.9,22.54,56.05,7.16,989.8,chilli,red soil
103.0,68.1,77.1,29.59,78.78,6.75,1931.5,sugarcane,alluvial soil
40.8,39.5,40.6,25.55,48.52,7.31,620.1,jowar,black soil
23.0,25.6,27.0,26.97,55.39,6.92,582.8,lentil,alluvial soil
46.9,29.8,42.4,31.55,50.52,7.25,614.4,jowar,black soil
35.2,26.5,25.2,27.26,43.02,6.33,586.4,bajra,alluvial soil
98.4,47.2,55.1,21.96,62.93,6.63,819.1,tomato,alluvial soil
72.6,48.5,55.9,23.37,55.37,6.44,869.3,maize,red soil
34.0,54.5,86.6,23.99,83.28,8.64,1211.9,greengram,alluvial soil
70.8,40.6,49.1,23.02,57.71,7.36,566.4,wheat,black soil
22.3,27.5,25.9,21.15,48.51,7.57,508.9,chickpea,black soil
21.6,31.8,33.1,29.3,54.7,6.69,594.7,chickpea,black soil
48.9,49.9,35.0,27.9,72.69,6.16,986.2,soybean,alluvial soil
35.9,33.8,39.7,29.38,61.05,6.02,761.3,soybean,black soil
37.6,38.9,29.4,33.94,63.73,7.06,804.6,pigeonpeas,red soil
20.8,23.7,24.2,30.63,61.5,6.68,525.0,greengram,black soil
29.6,34.0,37.5,29.81,50.75,6.63,801.4,pigeonpeas,black soil
107.6,37.7,85.6,13.36,64.93,5.65,242.3,cotton,black soil
71.8,54.4,40.0,22.64,35.74,8.06,461.0,groundnut,red soil
39.9,35.3,37.4,31.34,66.36,7.26,647.9,groundnut,alluvial soil
47.9,27.2,28.8,28.41,53.11,6.18,625.9,bajra,alluvial soil
103.2,62.3,64.6,25.06,71.82,6.27,847.2,tomato,alluvial soil
126.0,59.3,25.9,31.51,70.3,7.68,1771.2,jowar,laterite soil
112.5,61.7,76.1,20.55,66.69,6.67,843.1,grapes,red soil
39.7,31.9,45.2,27.93,58.62,6.18,336.9,cotton,laterite soil
104.3,60.6,80.1,30.79,57.91,6.55,745.2,pomegranate,black soil
54.5,25.8,42.9,15.14,39.67,7.41,556.6,safflower,black soil
91.6,47.3,55.0,27.35,74.78,6.91,623.7,tomato,red soil
22.4,36.4,34.4,21.33,50.78,6.7,547.0,chickpea,black soil
51.5,38.7,37.0,29.91,62.77,6.74,663.9,jowar,red soil
16.7,29.4,15.9,34.68,52.02,6.98,636.2,blackgram,black soil
35.0,38.2,39.3,25.52,46.58,7.68,752.4,pigeonpeas,black soil
76.8,47.9,55.7,26.28,56.98,7.38,785.4,chilli,red soil
104.7,4.8,7.7,43.55,88.94,8.46,1130.7,sunflower,red soil
72.2,39.1,92.3,31.93,57.0,5.89,613.9,greengram,laterite soil
36.2,40.4,45.9,29.33,65.48,6.19,624.8,groundnut,alluvial soil
48.4,35.8,44.1,26.45,75.6,6.65,647.5,soybean,alluvial soil
87.6,37.1,48.2,28.94,71.35,6.97,880.4,chilli,red soil
83.3,47.4,41.6,27.08,54.9,6.03,934.1,cotton,red soil
97.8,54.7,46.9,28.72,67.19,7.22,615.5,maize,red soil
58.8,31.5,34.8,20.68,51.97,6.55,496.4,safflower,red soil
125.4,38.5,56.9,31.36,43.3,5.15,1548.9,blackgram,laterite soil
71.5,13.9,89.8,28.41,78.24,5.75,704.5,chilli,black soil
24.3,27.2,31.9,21.7,58.21,6.22,415.6,chickpea,black soil
12.2,43.4,75.2,44.08,67.31,5.62,731.9,pomegranate,black soil
55.9,31.7,39.1,26.67,58.46,5.67,731.5,ragi,laterite soil
49.0,39.6,41.0,28.55,65.02,7.34,787.2,soybean,black soil
81.9,74.9,94.5,42.75,33.95,5.44,461.5,lentil,alluvial soil
78.7,51.9,45.2,27.02,66.31,6.99,573.2,cotton,black soil
34.1,42.4,28.4,25.22,79.7,6.79,640.1,soybean,black soil
47.5,27.7,30.3,23.56,37.68,7.98,624.6,safflower,black soil
93.7,62.6,64.0,20.31,72.9,6.22,788.9,tomato,alluvial soil
24.1,3.0,45.9,42.29,89.87,4.67,1501.1,chilli,red soil
101.9,61.2,90.5,23.41,61.62,7.0,802.7,grapes,black soil
67.1,1.7,4.1,13.39,68.84,8.84,1296.8,wheat,black soil
72.9,41.7,56.3,28.29,68.05,6.42,791.6,chilli,red soil
112.0,54.2,72.3,21.63,67.2,6.47,833.3,tomato,red soil
85.4,57.5,60.7,30.42,52.49,6.55,778.0,pomegranate,black soil
28.9,40.0,31.3,25.77,43.76,7.74,644.3,chickpea,black soil
96.7,63.9,93.6,23.03,55.17,7.48,845.5,grapes,red soil
94.5,44.0,61.5,26.34,68.91,7.49,968.5,maize,alluvial soil
70.8,49.8,49.6,22.86,56.45,6.41,590.9,wheat,black soil
95.1,53.4,87.6,24.86,62.45,7.33,622.5,grapes,black soil
46.4,33.1,29.7,30.4,44.63,7.58,590.7,bajra,red soil
22.2,32.9,22.2,28.14,55.78,7.02,750.0,blackgram,black soil
21.9,31.9,21.8,25.74,57.92,6.73,574.9,lentil,alluvial soil
21.6,48.3,57.0,44.37,71.25,6.74,2032.7,ragi,alluvial soil
92.6,54.2,70.0,26.82,66.59,6.55,825.4,tomato,alluvial soil
139.6,55.5,88.4,30.12,84.6,6.72,1769.7,sugarcane,alluvial soil
104.1,54.0,79.2,22.64,68.07,6.86,813.1,grapes,red soil
91.2,37.3,46.5,23.22,63.15,6.04,873.2,chilli,red soil
34.1,52.9,36.7,24.87,36.45,4.57,2134.2,grapes,laterite soil
49.2,23.2,35.8,32.57,58.71,6.71,623.4,bajra,alluvial soil
119.5,46.4,62.9,24.74,64.29,6.88,892.7,tomato,alluvial soil
36.4,25.9,35.1,29.09,58.89,7.51,492.4,bajra,red soil
25.4,26.7,15.1,28.01,61.32,6.15,641.1,blackgram,red soil
28.3,36.6,36.9,27.98,52.44,6.64,600.6,pigeonpeas,black soil
54.3,37.2,40.6,26.33,49.0,6.7,548.0,jowar,red soil
27.5,64.5,86.4,43.82,42.46,4.67,1378.2,pomegranate,alluvial soil
44.1,41.0,34.1,28.04,74.97,7.44,631.9,soybean,alluvial soil
94.3,57.3,83.1,25.5,59.72,6.53,659.7,grapes,black soil
139.8,52.4,64.9,31.33,82.16,6.87,1235.1,sugarcane,black soil
119.0,60.7,71.5,29.6,56.9,7.09,656.1,grapes,black soil
47.0,56.3,15.9,17.42,38.65,6.42,740.2,maize,alluvial soil
51.2,27.6,31.8,24.09,40.25,7.76,503.0,safflower,black soil
47.6,64.6,84.8,35.9,50.42,5.51,1309.3,soybean,laterite soil
94.0,56.7,94.7,27.1,63.51,6.74,790.5,grapes,black soil
41.8,39.0,39.4,27.49,54.65,7.27,808.5,ragi,red soil
104.5,62.4,87.3,34.34,75.63,7.47,1759.1,sugarcane,alluvial soil
23.8,26.1,17.4,28.15,57.65,6.73,619.6,blackgram,red soil
47.1,25.1,38.9,27.25,58.4,6.5,640.9,bajra,red soil
109.7,55.3,78.6,30.51,45.64,7.17,719.4,pomegranate,red soil
64.0,52.4,21.8,36.34,77.65,6.62,2412.8,safflower,red soil
68.8,49.8,47.9,19.21,64.83,6.33,529.1,wheat,alluvial soil
98.8,57.9,52.1,26.9,66.95,6.32,963.0,maize,black soil
3.9,41.6,84.8,31.86,77.09,8.9,1477.1,bajra,alluvial soil
110.6,62.4,70.7,23.98,70.33,6.68,925.1,tomato,alluvial soil
42.9,26.3,30.8,27.17,50.04,7.42,639.2,jowar,black soil
88.2,40.5,61.5,26.63,62.41,5.62,844.7,maize,black soil
138.4,56.1,67.7,28.89,76.17,7.13,1947.0,sugarcane,alluvial soil
59.9,63.2,1.9,21.46,32.15,4.76,1837.7,pigeonpeas,black soil
27.7,30.7,32.3,33.34,52.13,7.49,827.2,pigeonpeas,red soil
130.8,34.7,17.9,11.09,83.25,6.83,1372.5,jowar,laterite soil
67.3,47.1,48.6,24.86,57.45,7.36,607.1,wheat,black soil
57.1,26.3,35.0,25.2,57.81,6.79,515.8,jowar,red soil
93.3,52.6,75.0,24.71,64.49,7.18,883.5,grapes,black soil
74.5,41.5,52.6,23.32,55.97,7.38,931.9,chilli,red soil
27.1,37.4,31.5,30.98,56.43,7.29,789.6,groundnut,red soil
42.0,46.1,95.2,44.46,91.38,4.66,1322.6,sugarcane,alluvial soil
47.1,28.5,37.0,26.89,50.92,8.2,592.5,jowar,red soil
86.8,49.1,58.4,34.15,52.84,7.2,611.9,cotton,red soil
78.7,47.3,40.1,19.95,53.78,6.69,547.2,wheat,alluvial soil
24.9,25.3,30.4,34.45,71.73,8.39,1695.3,tomato,red soil
103.1,51.3,93.4,29.94,60.95,6.77,890.8,grapes,black soil
91.8,58.3,59.4,23.34,57.98,7.35,787.2,maize,black soil
39.1,33.9,25.5,28.21,51.23,7.64,767.3,pigeonpeas,black soil
110.5,55.5,56.3,25.84,76.25,6.15,854.5,tomato,red soil
57.3,48.5,36.8,24.76,43.56,6.79,677.3,sunflower,black soil
137.6,10.5,14.8,20.6,49.69,8.59,1095.5,pomegranate,alluvial soil
29.3,21.0,20.6,25.32,66.48,6.9,794.8,greengram,alluvial soil
80.6,43.6,68.2,23.24,56.26,7.2,641.7,onion,alluvial soil
37.3,21.6,29.2,31.77,42.63,6.8,554.7,bajra,red soil
14.2,19.6,30.3,42.62,39.11,8.88,547.7,wheat,laterite soil
123.1,38.3,71.0,18.62,24.08,6.94,1249.5,jowar,black soil
43.2,29.6,40.8,19.66,43.28,7.85,540.8,safflower,red soil
63.7,8.8,76.7,21.65,57.31,6.02,2218.6,greengram,red soil
25.0,36.7,25.7,29.6,43.12,7.35,596.1,chickpea,red soil
103.0,38.0,76.0,37.1,50.23,4.73,1760.5,groundnut,alluvial soil
102.9,15.6,40.8,30.4,42.83,4.78,363.7,chickpea,laterite soil
102.4,65.4,82.3,20.75,65.49,7.24,815.8,grapes,black soil
50.6,37.6,36.9,18.89,48.0,7.77,550.0,safflower,red soil
97.6,39.4,49.8,25.31,74.19,6.9,966.6,chilli,red soil
87.9,22.5,3.5,14.05,88.8,6.85,781.9,chilli,black soil
58.0,43.0,37.6,25.34,59.15,7.0,780.0,ragi,laterite soil
45.0,39.7,34.7,21.54,53.78,7.85,552.5,safflower,red soil
51.9,33.6,43.3,24.65,49.67,6.96,505.1,sunflower,black soil
25.7,45.3,88.7,21.77,79.67,8.89,1226.1,greengram,red soil
65.8,49.3,45.2,21.15,59.88,6.24,515.7,wheat,alluvial soil
65.0,32.3,35.7,25.99,42.37,6.95,664.7,sunflower,red soil
65.4,38.5,36.7,22.75,57.57,7.41,644.1,sunflower,alluvial soil
80.7,46.6,53.0,21.32,60.05,6.86,927.8,maize,red soil
29.9,25.6,23.2,26.79,65.2,6.9,518.3,greengram,alluvial soil
25.4,31.7,28.0,26.06,69.13,7.41,702.6,blackgram,black soil
47.2,35.6,36.0,30.85,45.67,7.68,473.3,jowar,black soil
88.1,39.5,46.1,22.19,70.88,6.47,886.5,chilli,black soil
75.6,65.3,89.7,39.79,49.56,4.62,2017.3,pomegranate,laterite soil
105.0,57.4,60.8,25.03,77.45,6.19,695.7,tomato,alluvial soil
33.9,35.2,28.2,34.85,49.98,7.19,874.8,pigeonpeas,red soil
106.2,62.8,68.9,24.79,68.37,6.49,723.6,tomato,red soil
101.1,60.6,63.3,22.2,73.05,6.95,863.2,tomato,alluvial soil
95.6,63.0,51.8,21.67,88.08,8.67,1210.6,cotton,alluvial soil
108.8,54.1,73.4,28.78,82.83,6.83,1867.2,sugarcane,alluvial soil
117.4,60.5,88.3,25.09,62.36,6.77,887.1,grapes,red soil
35.7,29.5,26.0,30.57,53.06,7.06,643.1,bajra,red soil
79.2,46.3,64.5,26.5,67.67,7.25,614.7,maize,alluvial soil
72.3,46.0,49.0,31.73,69.5,7.41,597.9,cotton,black soil
99.0,41.9,64.7,22.03,70.85,5.71,636.2,maize,red soil
58.8,33.1,38.7,29.28,60.95,7.9,613.7,jowar,black soil
50.6,44.3,16.8,32.66,91.15,5.89,1374.1,pomegranate,alluvial soil
71.2,4.3,56.0,17.84,29.42,5.64,1415.6,wheat,red soil
28.2,50.6,77.7,27.62,74.55,7.39,757.8,onion,black soil
99.9,68.2,70.7,27.24,58.74,6.6,630.9,grapes,black soil
117.6,67.0,75.7,28.4,60.78,7.06,791.4,grapes,black soil
21.3,26.4,23.5,23.29,54.34,7.01,467.3,lentil,black soil
78.8,42.3,50.6,19.32,68.98,6.54,459.8,wheat,alluvial soil
80.5,47.6,59.1,30.33,72.81,6.7,733.4,chilli,red soil
21.4,30.6,32.7,28.45,54.39,6.89,628.2,chickpea,black soil
30.0,29.9,15.5,25.36,56.16,7.34,742.8,blackgram,red soil
60.3,48.2,49.5,23.6,53.43,7.2,469.5,wheat,alluvial soil
92.7,53.6,50.4,25.01,72.02,6.3,739.7,maize,black soil
37.3,42.1,27.5,32.1,63.75,6.65,630.2,pigeonpeas,red soil
19.3,30.7,27.2,25.2,49.73,7.48,527.0,lentil,alluvial soil
89.9,56.4,54.7,29.79,62.26,5.91,720.6,maize,black soil
33.1,29.3,40.4,28.7,63.42,6.6,723.7,groundnut,alluvial soil
61.7,32.8,49.3,27.01,66.69,7.3,872.1,ragi,red soil
37.9,31.2,37.5,26.87,69.0,7.19,691.6,pigeonpeas,red soil
42.4,34.2,40.8,18.0,37.26,6.78,513.4,safflower,red soil
79.3,31.5,58.3,37.78,38.77,5.45,848.4,pomegranate,laterite soil
116.1,69.5,81.3,26.11,58.44,6.95,899.4,grapes,black soil
78.1,42.9,45.0,17.78,60.72,6.92,496.7,wheat,black soil
84.9,61.2,75.6,25.08,58.96,7.06,738.7,pomegranate,black soil
108.5,43.3,60.7,18.18,65.85,7.46,669.2,onion,alluvial soil
132.5,64.5,85.9,27.26,83.34,6.87,1228.1,sugarcane,black soil
92.2,46.9,53.2,18.09,62.87,7.14,830.8,onion,black soil
53.5,34.6,48.5,20.39,53.44,6.37,780.6,ragi,laterite soil
70.1,37.7,43.5,30.25,58.3,7.17,923.7,cotton,black soil
24.7,24.3,28.2,32.48,68.77,6.97,584.8,blackgram,black soil
28.7,42.6,25.4,32.06,69.12,7.51,818.2,pigeonpeas,red soil
2.3,43.6,73.2,28.15,21.81,5.22,935.3,jowar,red soil
95.8,36.0,52.2,25.05,59.44,6.98,935.6,chilli,red soil
98.6,44.1,83.6,12.68,82.54,8.93,309.3,wheat,alluvial soil
32.8,34.6,34.4,21.17,42.24,6.46,492.4,chickpea,red soil
18.1,32.9,21.5,19.38,60.61,7.11,482.9,lentil,black soil
32.1,40.8,49.1,32.45,61.24,6.33,554.6,groundnut,red soil
72.3,45.8,59.3,29.65,59.1,6.35,626.8,chilli,red soil
133.1,57.7,1.2,15.82,64.4,5.24,1154.8,chickpea,laterite soil
28.5,35.0,30.4,33.21,61.54,7.78,741.9,pigeonpeas,black soil
44.5,32.0,36.4,30.27,58.32,7.3,495.6,bajra,red soil
21.9,22.5,28.4,28.81,65.09,6.39,612.0,blackgram,red soil
118.1,54.7,73.4,28.75,69.06,7.02,1382.5,sugarcane,black soil
21.2,44.3,47.7,27.22,66.46,6.37,808.4,groundnut,alluvial soil
90.1,55.9,91.5,20.93,52.46,7.44,733.1,grapes,black soil
98.8,41.1,59.3,18.55,56.17,6.66,879.0,onion,black soil
37.3,43.5,39.3,33.84,69.49,6.51,644.6,pigeonpeas,red soil
92.8,54.8,70.6,20.53,68.27,7.02,787.8,grapes,black soil
15.0,22.7,22.7,25.28,61.11,6.82,591.1,blackgram,red soil
45.5,26.9,33.8,20.0,37.21,7.62,500.2,safflower,red soil
82.2,68.1,68.4,34.27,40.16,6.56,535.3,pomegranate,red soil
36.3,29.7,32.7,27.55,56.87,6.82,474.4,bajra,alluvial soil
126.6,60.4,84.0,28.46,61.79,6.58,1363.2,sugarcane,black soil
52.8,25.3,27.9,26.96,42.83,7.94,452.4,bajra,red soil
87.4,52.3,59.3,22.26,60.35,6.43,842.0,maize,red soil
56.1,35.4,43.4,29.74,56.68,8.02,651.5,jowar,red soil
109.7,43.9,58.3,26.22,57.38,6.97,621.1,onion,red soil
85.8,55.1,60.9,25.68,64.92,6.34,943.7,maize,alluvial soil
58.9,28.1,42.7,31.76,52.01,7.86,464.3,jowar,red soil
139.3,31.6,20.1,11.68,43.06,5.35,2134.0,bajra,red soil
27.1,21.5,26.5,25.18,59.38,7.38,581.4,greengram,black soil
28.2,24.3,21.7,25.62,50.46,6.5,583.5,blackgram,black soil
77.4,56.6,45.2,24.74,62.89,6.52,794.0,maize,alluvial soil
31.5,31.3,23.6,40.65,66.26,8.36,471.3,safflower,red soil
97.4,63.7,58.5,27.79,64.98,6.1,777.5,tomato,alluvial soil
50.2,41.9,46.0,24.98,51.99,5.61,697.6,ragi,red soil
114.2,63.1,75.6,20.22,63.79,7.25,785.1,grapes,black soil
23.0,32.6,26.4,30.45,57.12,6.04,584.8,blackgram,black soil
53.9,44.7,54.2,24.74,42.73,6.58,799.6,sunflower,red soil
45.7,39.1,35.6,22.1,45.52,6.56,496.6,safflower,red soil
98.9,50.3,64.9,39.24,73.19,6.66,2133.1,greengram,black soil
111.3,58.0,71.4,27.69,64.01,6.23,751.9,tomato,red soil
30.0,41.3,31.4,32.46,52.2,7.29,669.9,groundnut,alluvial soil
95.1,41.2,69.1,25.92,73.26,7.04,607.0,onion,alluvial soil
46.8,28.2,34.7,23.12,51.76,7.71,415.0,safflower,black soil
70.3,59.3,37.7,22.03,49.01,8.39,1380.7,jowar,red soil
110.6,56.3,64.2,20.2,62.26,6.38,735.0,tomato,alluvial soil
39.1,40.5,25.6,25.57,60.24,6.67,813.9,pigeonpeas,red soil
24.1,33.1,29.6,26.86,56.71,7.11,581.8,chickpea,black soil
42.9,30.0,43.8,26.25,61.74,7.17,658.8,ragi,red soil
108.8,31.6,40.6,32.26,45.7,8.41,1380.5,lentil,laterite soil
57.2,45.9,38.8,22.87,56.55,6.52,624.8,sunflower,red soil
86.0,47.9,56.0,18.94,70.98,6.87,948.4,onion,alluvial soil
25.8,21.0,21.0,28.04,69.49,7.24,728.4,blackgram,red soil
127.8,4.1,95.4,27.31,85.36,7.9,2417.0,ragi,alluvial soil
57.5,37.1,16.4,25.75,45.54,6.04,411.2,chickpea,alluvial soil
56.8,35.3,47.0,29.64,56.92,7.53,639.6,sunflower,red soil
54.9,37.9,40.0,29.0,48.51,7.72,527.9,sunflower,red soil
71.3,37.3,41.3,24.97,66.66,6.92,544.9,wheat,alluvial soil
73.2,58.0,56.0,21.06,90.04,6.03,1586.7,blackgram,black soil
17.0,25.6,27.3,22.72,46.76,6.86,403.3,lentil,black soil
31.3,40.2,25.1,22.29,47.32,6.71,607.2,pigeonpeas,black soil
65.7,66.9,17.3,36.43,74.17,6.52,1066.0,chickpea,alluvial soil
20.5,29.0,20.8,25.63,58.67,7.14,537.6,lentil,alluvial soil
8.1,49.7,99.8,21.92,84.16,4.97,2402.2,sunflower,laterite soil
78.9,37.6,42.3,23.62,56.14,6.99,519.4,wheat,black soil
93.5,39.3,60.8,31.52,60.81,6.08,822.8,chilli,red soil
37.3,22.5,28.4,27.73,52.4,6.89,479.5,bajra,alluvial soil
98.3,50.3,66.5,21.91,74.88,7.18,910.1,onion,alluvial soil
82.1,65.0,83.2,34.68,42.55,6.65,640.1,pomegranate,red soil
60.9,45.6,53.2,26.38,40.75,7.85,510.0,sunflower,red soil
87.0,67.6,60.4,33.11,44.94,6.64,764.5,pomegranate,red soil
34.7,35.4,34.8,20.12,51.94,7.46,453.6,chickpea,red soil
22.0,34.8,47.8,27.48,69.9,6.06,670.2,groundnut,red soil
47.3,31.4,43.4,28.32,56.47,6.16,923.7,ragi,laterite soil
84.1,57.4,34.6,23.94,72.74,8.95,2327.5,maize,laterite soil
23.4,21.4,23.5,29.77,69.0,6.15,720.7,blackgram,red soil
27.5,43.1,26.6,22.13,62.93,7.17,801.2,pigeonpeas,red soil
44.8,32.5,25.7,34.68,45.25,7.43,543.5,bajra,red soil
56.5,2.4,33.6,27.58,56.23,8.06,243.2,greengram,red soil
94.8,46.8,62.6,23.89,56.3,6.3,744.0,onion,black soil
15.3,20.5,17.3,31.99,69.22,7.09,673.4,blackgram,red soil
30.1,48.3,27.7,25.26,77.54,6.74,671.5,soybean,black soil
80.4,59.8,62.4,23.11,74.39,6.33,722.0,onion,alluvial soil
41.2,29.2,44.6,30.6,50.97,7.55,733.7,jowar,black soil
99.5,56.2,85.0,24.79,59.85,7.5,836.9,grapes,black soil
26.0,30.9,42.2,30.12,61.32,7.19,816.0,groundnut,alluvial soil
78.3,53.7,76.3,39.71,43.32,7.71,631.1,wheat,alluvial soil
55.1,26.4,42.5,28.49,54.29,6.75,562.8,jowar,black soil
77.8,54.8,50.6,25.57,74.12,5.82,648.0,maize,black soil
106.3,57.0,68.3,28.83,40.93,7.44,714.2,pomegranate,black soil
113.7,60.7,67.9,28.97,75.58,6.93,779.9,tomato,alluvial soil
94.5,57.0,64.6,28.41,64.24,6.1,805.7,tomato,alluvial soil
96.0,40.5,60.1,29.82,55.62,7.39,657.8,chilli,black soil
89.8,40.0,51.3,24.59,57.69,7.17,910.3,cotton,red soil
53.1,28.5,39.3,22.33,37.12,7.52,516.7,safflower,red soil
71.5,42.9,45.0,24.53,50.65,6.16,507.0,cotton,red soil
89.0,41.6,62.9,27.77,73.84,6.58,843.6,onion,red soil
39.8,41.0,35.0,28.53,50.94,7.86,895.7,pigeonpeas,red soil
108.2,50.5,55.2,28.74,65.15,6.1,863.5,tomato,alluvial soil
93.8,70.0,92.6,42.5,46.31,6.42,2264.4,tomato,alluvial soil
105.7,52.8,73.1,20.17,50.29,7.37,894.4,grapes,red soil
95.5,48.1,67.9,24.76,68.82,6.34,715.6,tomato,alluvial soil
32.4,31.6,23.4,29.71,48.79,6.25,580.7,chickpea,red soil
120.6,59.6,93.4,33.27,50.74,5.17,1983.7,grapes,black soil
30.4,28.4,34.9,31.41,58.35,6.54,789.1,groundnut,alluvial soil
108.1,53.1,51.9,24.29,71.94,7.12,854.0,onion,alluvial soil
74.6,50.9,49.5,33.65,55.95,6.87,600.3,cotton,black soil
100.2,54.4,55.3,25.99,66.2,6.48,737.6,onion,black soil
45.0,35.9,42.3,24.07,39.75,7.89,550.3,safflower,black soil
25.5,44.9,27.6,22.71,48.4,7.8,696.7,pigeonpeas,red soil
94.2,64.9,96.5,28.26,63.38,6.72,774.8,grapes,black soil
108.4,59.9,65.4,26.02,73.14,7.2,1371.9,sugarcane,alluvial soil
35.3,40.0,41.2,23.61,61.85,6.49,864.3,soybean,black soil
47.7,27.0,36.1,27.68,54.03,8.04,618.9,jowar,red soil
18.5,34.2,26.8,20.48,46.6,6.29,451.6,lentil,alluvial soil
53.8,41.8,41.6,25.01,63.64,6.95,912.6,ragi,laterite soil
39.6,27.7,25.4,29.49,57.4,6.08,403.8,bajra,alluvial soil
23.2,35.0,49.2,26.86,54.72,6.53,693.7,groundnut,red soil
94.9,45.9,70.6,28.93,74.79,6.71,763.5,tomato,alluvial soil
57.7,28.7,36.0,16.55,39.25,7.0,552.8,safflower,black soil
131.0,75.9,98.9,34.02,31.08,8.62,2030.8,chickpea,red soil
46.5,36.5,39.9,19.09,41.94,7.94,492.2,safflower,black soil
56.2,30.7,52.3,23.28,58.26,7.74,652.8,sunflower,red soil
28.4,25.6,23.2,26.17,49.86,6.57,598.4,chickpea,red soil
107.2,64.1,67.8,29.41,71.89,6.96,1279.6,sugarcane,black soil
43.9,27.6,33.6,30.14,53.01,7.55,489.9,jowar,red soil
24.4,22.1,26.0,33.09,57.3,7.41,651.1,greengram,alluvial soil
103.4,57.2,75.8,20.5,69.46,6.91,894.5,grapes,red soil
109.8,52.2,79.7,34.92,46.57,6.62,680.4,pomegranate,red soil
82.0,59.5,51.5,24.85,69.15,6.42,860.5,maize,red soil
74.5,35.7,47.4,21.09,64.94,7.09,554.9,wheat,black soil
76.2,44.9,51.3,21.08,68.09,6.17,457.4,wheat,alluvial soil
76.3,43.1,51.4,22.09,71.72,6.48,692.7,maize,black soil
125.5,55.8,85.7,25.51,72.71,7.44,1616.2,sugarcane,alluvial soil
19.7,33.6,23.2,32.88,59.96,6.77,598.0,greengram,black soil
66.1,40.7,44.0,17.78,55.94,7.42,549.9,wheat,alluvial soil
73.2,44.1,45.5,24.43,67.08,7.32,811.2,chilli,black soil
41.5,37.2,40.8,18.82,39.24,6.7,567.3,safflower,red soil
60.1,32.7,36.5,25.39,64.37,6.18,786.2,ragi,laterite soil
44.0,29.7,40.2,27.04,53.36,6.91,654.9,jowar,black soil
117.2,66.9,73.0,26.65,63.65,7.14,1529.6,sugarcane,alluvial soil
24.8,26.9,20.7,28.79,58.72,7.11,601.2,greengram,black soil
25.2,25.6,33.3,25.97,59.3,6.57,853.6,groundnut,alluvial soil
25.6,29.6,29.2,26.5,54.83,6.87,685.6,greengram,black soil
80.9,58.5,47.9,22.71,69.06,6.93,834.3,maize,alluvial soil
71.1,35.3,54.2,30.4,70.1,6.62,799.3,chilli,red soil
5.8,56.2,36.2,15.55,85.05,9.1,2089.9,sugarcane,alluvial soil
48.4,27.5,32.2,26.41,53.59,8.44,463.9,jowar,red soil
55.2,37.9,38.3,22.14,65.87,5.57,953.7,ragi,red soil
36.4,25.5,32.7,29.93,62.75,7.01,693.0,groundnut,alluvial soil
23.9,34.4,21.1,32.71,67.74,7.35,640.1,greengram,black soil
89.2,37.4,49.5,30.69,55.3,7.0,789.8,chilli,red soil
97.7,54.0,46.5,26.0,70.1,6.15,989.2,chilli,black soil
94.5,43.8,60.6,31.71,57.5,6.14,773.0,chilli,black soil
58.5,39.3,44.8,23.12,58.83,7.23,625.8,ragi,red soil
81.4,55.7,80.9,31.96,43.36,7.04,692.0,pomegranate,black soil
22.8,29.4,28.5,22.86,56.88,6.03,428.3,lentil,black soil
91.9,40.8,67.1,22.22,69.28,6.09,885.1,onion,alluvial soil
79.2,44.3,42.6,19.68,63.22,6.19,496.2,wheat,black soil
109.5,59.5,56.8,28.58,60.88,6.27,738.6,tomato,alluvial soil
134.8,61.5,77.8,22.57,48.82,6.4,2019.7,greengram,alluvial soil
96.6,54.2,98.9,22.06,62.98,7.28,604.8,grapes,black soil
97.8,44.1,52.5,20.2,70.03,7.05,820.8,onion,alluvial soil
78.8,52.8,57.7,23.29,71.69,6.23,995.3,chilli,red soil
110.2,54.7,85.2,25.41,78.8,7.27,1361.5,sugarcane,black soil
90.5,50.2,68.6,34.3,40.03,7.25,768.7,pomegranate,black soil
94.7,75.9,78.2,30.09,42.53,4.59,464.4,pigeonpeas,red soil
38.6,33.3,35.1,29.53,59.99,6.03,598.7,bajra,alluvial soil
54.2,36.5,43.2,21.13,64.75,6.06,814.1,ragi,laterite soil
128.9,67.1,70.8,25.22,78.97,7.07,1763.8,sugarcane,alluvial soil
72.6,42.4,48.6,20.21,64.19,6.15,613.2,wheat,black soil
39.0,43.7,26.4,23.8,73.79,7.51,1194.9,pomegranate,alluvial soil
45.5,26.3,38.1,29.78,45.46,7.12,602.8,jowar,black soil
41.7,25.7,32.4,29.36,43.43,6.93,578.2,bajra,red soil
70.1,52.5,49.3,23.31,72.62,7.42,826.1,maize,black soil
42.4,44.7,28.9,29.17,66.08,6.84,925.6,soybean,alluvial soil
139.9,48.0,54.6,35.06,23.12,6.29,242.4,jowar,black soil
110.4,7.3,8.9,43.39,31.92,7.91,621.9,maize,black soil
60.1,45.6,49.2,21.81,53.87,7.13,488.4,wheat,black soil
83.1,42.1,47.1,28.03,70.48,6.5,643.6,maize,alluvial soil
43.8,39.5,33.4,24.68,74.39,6.46,869.2,soybean,alluvial soil
63.4,60.0,59.7,24.29,77.35,7.41,1734.7,greengram,alluvial soil
35.6,36.4,36.4,22.34,55.37,6.85,772.6,pigeonpeas,black soil
15.2,62.2,41.0,11.36,44.13,6.62,1201.6,soybean,laterite soil
24.0,37.4,73.7,17.78,80.78,4.87,260.9,wheat,laterite soil
30.6,33.6,26.8,27.46,58.17,7.56,450.6,chickpea,red soil
101.9,48.7,87.6,10.62,65.44,8.03,200.1,maize,red soil
34.6,32.7,32.7,28.82,53.53,6.25,618.8,chickpea,black soil
47.3,40.1,30.9,27.35,73.67,7.24,898.3,soybean,black soil
99.7,43.9,54.9,25.71,71.74,6.47,615.6,maize,alluvial soil
60.5,33.9,48.7,26.71,51.8,6.57,666.5,ragi,red soil
89.3,66.7,68.8,31.79,55.34,6.98,725.0,pomegranate,black soil
34.6,41.5,96.1,19.05,45.82,8.98,1326.8,wheat,alluvial soil
20.3,45.1,50.2,14.37,34.71,9.44,2403.5,soybean,alluvial soil
59.4,63.5,39.4,40.84,85.49,6.69,229.5,sugarcane,alluvial soil
36.1,46.6,39.9,23.9,63.24,6.27,815.5,soybean,alluvial soil
23.9,39.9,41.0,29.3,68.1,6.64,893.6,groundnut,alluvial soil
118.7,50.2,73.8,25.27,83.22,7.49,1363.4,sugarcane,alluvial soil
98.3,52.0,67.2,23.45,76.41,6.24,864.3,tomato,alluvial soil
97.2,62.2,99.5,28.67,81.35,5.38,516.5,bajra,laterite soil
44.7,27.6,31.8,33.78,50.84,6.49,434.9,bajra,red soil
55.0,21.5,33.8,28.23,43.25,6.75,448.0,bajra,red soil
68.6,40.2,50.5,16.24,57.84,7.26,630.5,wheat,alluvial soil
48.6,35.8,43.7,20.69,54.33,5.84,934.5,ragi,laterite soil
81.5,45.3,52.8,28.79,63.65,6.19,933.9,chilli,red soil
31.8,26.1,74.1,22.33,94.67,7.61,1747.9,soybean,laterite soil
58.5,27.1,34.4,23.91,35.46,7.56,555.6,safflower,black soil
50.9,32.3,51.0,22.94,48.56,7.56,590.0,sunflower,alluvial soil
135.9,72.8,61.0,26.22,40.84,4.73,392.8,onion,red soil
65.8,44.0,49.4,19.77,51.75,7.33,520.2,wheat,alluvial soil
82.4,47.0,67.7,26.3,62.51,6.51,656.3,onion,black soil
15.1,26.0,25.9,24.91,55.4,6.22,576.2,lentil,alluvial soil
1.5,48.6,46.8,21.7,23.54,5.1,972.5,tomato,laterite soil
20.2,23.7,20.8,34.45,67.12,6.12,771.8,blackgram,black soil
119.5,15.7,26.7,16.38,81.64,7.02,694.8,chilli,laterite soil
56.2,35.9,39.8,22.61,54.89,5.82,625.5,ragi,red soil
56.0,31.5,39.5,19.39,45.56,6.98,648.5,safflower,red soil
55.0,33.2,49.0,22.72,54.26,7.11,651.8,sunflower,black soil
106.3,68.9,70.9,23.05,66.52,6.83,782.3,grapes,red soil
58.8,35.9,53.1,23.32,40.89,6.51,527.4,sunflower,red soil
51.8,38.4,47.4,20.56,55.07,7.47,757.3,sunflower,alluvial soil
70.6,77.2,17.4,18.95,41.02,9.15,335.9,blackgram,alluvial soil
110.4,66.4,89.7,20.71,60.01,6.99,704.1,grapes,red soil
98.8,41.5,52.9,25.03,67.85,6.26,900.9,chilli,red soil
76.3,39.2,50.6,21.84,50.17,7.09,628.8,wheat,black soil
43.2,23.2,29.7,33.83,58.2,7.29,474.4,bajra,red soil
30.0,44.2,38.3,29.23,64.14,6.03,873.0,groundnut,red soil
19.0,3.5,67.8,34.7,20.38,7.3,2230.1,ragi,black soil
59.1,25.1,36.2,22.28,39.05,7.51,430.9,safflower,red soil
60.5,43.6,45.1,28.28,68.91,7.22,818.8,ragi,laterite soil
119.2,54.1,36.0,10.49,64.2,9.36,1349.3,soybean,alluvial soil
98.7,49.4,34.7,43.93,90.49,8.49,1839.7,onion,black soil
30.1,25.3,20.1,21.21,50.62,7.23,476.8,chickpea,red soil
75.0,39.3,40.7,24.13,61.68,6.04,647.6,wheat,alluvial soil
18.3,34.4,21.4,31.22,65.51,7.01,597.1,greengram,alluvial soil
99.7,55.0,70.9,22.9,61.89,7.35,659.9,grapes,red soil
113.0,62.7,74.4,25.4,54.77,7.48,811.0,grapes,red soil
117.1,50.7,69.9,24.9,73.7,6.2,634.4,tomato,red soil
54.2,34.1,43.2,28.46,58.09,7.72,585.2,jowar,red soil
109.9,54.2,78.2,30.14,61.18,6.88,1609.4,sugarcane,alluvial soil
82.0,5.3,69.3,28.57,51.69,5.91,806.0,wheat,laterite soil
76.0,55.1,51.7,29.31,69.5,7.24,903.7,maize,red soil
102.5,50.4,74.9,26.9,56.55,7.38,869.5,grapes,red soil
28.9,36.4,47.4,32.5,55.1,6.67,833.5,groundnut,alluvial soil
22.7,34.4,25.7,21.38,48.47,7.42,421.5,lentil,alluvial soil
49.8,36.7,44.7,27.12,58.93,8.11,536.8,jowar,black soil
26.1,79.8,75.8,38.93,85.46,8.12,452.7,soybean,alluvial soil
63.3,36.5,35.9,29.6,44.93,6.94,580.3,sunflower,black soil
100.6,57.9,87.5,25.71,61.11,7.45,791.2,grapes,black soil
56.4,24.2,21.5,41.92,25.69,6.24,2331.0,sugarcane,black soil
54.9,39.7,72.0,41.51,58.54,6.59,1004.4,soybean,black soil
49.6,30.8,31.4,21.59,53.31,7.48,502.9,safflower,red soil
99.8,52.1,77.2,28.75,44.67,7.18,618.5,pomegranate,red soil
70.8,44.7,54.9,21.54,59.87,7.04,535.6,wheat,alluvial soil
78.9,48.7,61.9,25.05,70.8,5.82,644.6,maize,alluvial soil
69.5,40.3,45.7,26.38,57.97,6.51,685.4,sunflower,black soil
23.7,35.3,28.1,22.15,44.23,6.35,401.9,chickpea,black soil
18.2,77.1,78.4,33.89,91.93,4.74,2478.8,grapes,laterite soil
63.1,15.5,23.3,22.94,24.88,5.0,2487.9,chilli,laterite soil
50.1,30.3,38.9,30.44,57.64,6.67,622.5,jowar,black soil
73.3,41.1,55.6,24.57,67.89,7.82,955.4,cotton,red soil
105.7,56.0,82.6,25.88,56.94,6.68,868.9,grapes,black soil
109.4,59.0,94.0,27.11,56.72,7.01,774.1,grapes,black soil
60.0,31.1,39.1,29.55,51.29,7.75,594.1,sunflower,alluvial soil
131.9,42.4,86.3,14.54,41.45,6.82,1346.7,onion,black soil
50.9,1.8,90.6,14.1,22.0,5.08,348.3,cotton,alluvial soil
81.5,45.7,57.7,27.73,63.69,6.47,878.0,maize,alluvial soil
97.4,7.5,75.9,36.59,46.61,4.74,957.7,onion,alluvial soil
117.3,45.9,68.8,24.68,74.86,6.43,658.8,tomato,alluvial soil
60.2,41.3,53.6,25.85,54.09,6.76,770.0,sunflower,red soil
67.8,42.1,41.3,33.15,61.17,7.53,717.9,cotton,red soil
51.8,32.7,52.0,28.18,58.39,7.12,685.4,sunflower,alluvial soil
21.8,37.2,24.0,38.46,47.28,7.02,2439.0,jowar,black soil
30.6,30.9,26.0,23.16,67.34,7.45,799.4,soybean,alluvial soil
12.1,28.4,89.5,34.39,59.53,5.72,374.5,grapes,red soil
19.3,21.7,15.6,31.49,58.52,7.21,518.7,blackgram,red soil
62.2,46.7,49.5,30.39,65.72,6.04,672.5,cotton,black soil
119.8,62.0,63.9,20.67,68.03,6.87,875.7,tomato,red soil
88.3,49.7,55.1,27.54,56.48,6.62,649.3,chilli,red soil
28.7,33.9,22.0,28.21,69.14,6.98,700.7,greengram,black soil
88.1,58.7,52.4,21.38,59.03,6.58,856.0,onion,red soil
19.0,31.1,25.4,31.51,56.46,7.03,785.9,greengram,alluvial soil
63.6,32.8,36.9,21.55,62.44,5.8,900.4,ragi,laterite soil
22.1,29.0,21.9,31.25,57.16,7.3,658.8,greengram,black soil
58.8,1.1,41.5,40.31,88.36,8.33,2425.5,sugarcane,alluvial soil
36.5,23.7,27.9,27.17,57.78,6.23,599.5,bajra,alluvial soil
29.5,40.4,44.3,27.34,59.75,6.21,700.9,groundnut,alluvial soil
21.1,23.4,19.2,32.89,60.31,6.82,755.5,blackgram,red soil
27.2,38.3,4.0,15.41,91.21,8.2,1574.0,jowar,laterite soil
33.1,33.8,31.6,27.17,69.56,7.16,629.1,pigeonpeas,black soil
94.9,0.8,42.5,15.71,64.81,8.55,410.2,lentil,alluvial soil
7.5,23.6,59.1,33.72,61.35,8.17,1366.6,ragi,black soil
29.5,39.2,28.3,26.84,51.9,7.6,485.3,chickpea,black soil
99.2,45.6,56.1,25.6,69.91,6.4,753.5,onion,red soil
51.5,27.9,30.7,15.73,43.22,6.97,501.3,safflower,black soil
130.8,52.7,86.9,28.43,67.65,7.43,1917.0,sugarcane,black soil
3.5,21.4,67.2,43.46,63.83,8.68,901.5,cotton,laterite soil
36.8,31.2,33.1,29.44,54.37,7.84,425.6,bajra,alluvial soil
53.8,31.6,43.4,25.68,67.04,6.47,663.8,ragi,laterite soil
42.0,42.6,40.0,28.31,73.19,6.14,705.6,soybean,black soil
84.5,66.7,2.0,17.46,41.77,8.33,1180.1,onion,alluvial soil
93.3,66.8,28.4,33.93,54.87,7.91,2052.0,greengram,red soil
94.5,51.2,68.8,19.7,67.88,6.59,890.0,onion,black soil
80.7,57.7,53.4,29.15,61.39,6.89,955.3,maize,alluvial soil
115.6,63.2,70.5,26.59,84.3,6.7,1638.9,sugarcane,black soil
33.3,46.0,28.4,29.42,62.16,6.52,722.8,soybean,alluvial soil
27.8,43.6,47.8,31.75,67.42,6.97,794.8,groundnut,alluvial soil
109.2,69.4,74.7,28.32,81.97,7.44,1658.8,sugarcane,alluvial soil
52.2,28.8,31.4,26.82,61.66,7.96,467.3,jowar,black soil
80.5,37.0,31.4,22.71,32.87,8.04,969.5,tomato,red soil
24.2,32.9,27.8,27.99,59.79,7.3,459.6,lentil,black soil
44.4,32.1,36.1,29.2,53.93,7.73,570.7,bajra,red soil
29.0,36.1,47.1,26.77,59.15,7.33,707.5,groundnut,alluvial soil
40.1,28.2,35.4,20.71,37.33,7.17,428.9,safflower,red soil
32.4,43.8,35.9,27.71,54.46,7.0,687.5,pigeonpeas,black soil
76.8,51.7,63.4,25.2,68.03,7.23,855.6,maize,black soil
96.8,44.2,53.9,25.63,72.95,7.12,773.4,onion,red soil
57.4,33.4,38.0,30.24,60.38,6.64,526.1,jowar,black soil
54.8,35.6,37.5,23.98,65.88,6.41,945.5,ragi,laterite soil
44.3,37.2,32.6,21.13,37.91,7.52,473.5,safflower,black soil
19.6,20.6,24.2,29.7,68.88,6.96,663.4,greengram,black soil
39.9,33.6,33.8,32.81,59.07,6.53,475.7,bajra,red soil
55.3,36.5,54.7,23.12,52.65,7.66,781.5,sunflower,alluvial soil
99.4,42.5,62.5,18.31,66.69,6.95,718.5,onion,black soil
87.0,68.1,1.2,24.43,50.43,8.1,2100.4,safflower,red soil
35.1,37.9,33.5,28.29,66.84,6.09,726.3,soybean,alluvial soil
137.3,53.0,61.7,27.65,77.01,7.31,1637.9,sugarcane,alluvial soil
22.0,41.0,30.4,31.95,69.53,7.38,868.0,groundnut,red soil
109.3,60.4,97.5,29.91,66.37,6.79,873.3,grapes,red soil
80.7,54.3,44.0,32.24,68.28,7.94,900.4,cotton,black soil
41.7,49.0,25.5,24.79,61.73,7.13,825.9,soybean,alluvial soil
87.1,45.2,50.0,30.58,58.3,7.18,637.3,chilli,black soil
47.3,35.7,47.5,21.02,56.93,7.38,687.6,ragi,laterite soil
80.0,52.7,60.3,26.59,67.58,7.2,787.7,maize,alluvial soil
17.6,65.2,67.0,40.19,52.49,4.77,449.9,sunflower,laterite soil
117.7,52.6,88.9,30.49,84.64,6.85,1675.3,sugarcane,alluvial soil
110.7,64.8,74.5,23.69,67.29,6.66,747.2,grapes,black soil
53.0,38.0,54.4,21.35,58.78,7.09,777.7,sunflower,red soil
98.2,49.8,67.3,21.54,73.62,6.17,978.0,onion,black soil
28.2,24.6,28.4,32.65,57.47,6.92,584.1,blackgram,red soil
25.1,40.5,26.7,24.32,62.63,6.57,637.6,pigeonpeas,red soil
19.1,0.3,2.7,37.85,81.65,6.12,1435.3,sugarcane,alluvial soil
97.4,44.3,50.9,25.38,72.22,6.66,930.0,chilli,black soil
25.3,32.7,26.3,23.08,50.48,7.67,609.2,pigeonpeas,red soil
21.7,24.4,23.2,39.97,35.16,7.18,812.4,lentil,alluvial soil
57.8,30.7,39.5,28.86,57.64,7.33,678.4,sunflower,red soil
115.5,58.5,82.6,32.1,65.04,7.18,1759.7,sugarcane,alluvial soil
97.0,25.5,74.8,25.01,59.4,6.7,1261.6,wheat,laterite soil
105.7,31.5,24.9,28.24,94.49,7.96,1555.9,sunflower,laterite soil
41.8,23.1,28.9,32.33,45.42,7.17,402.6,bajra,red soil
107.7,63.2,69.2,25.99,59.36,6.8,525.7,pomegranate,red soil
36.0,43.1,31.2,34.56,67.44,7.52,877.1,pigeonpeas,red soil
35.2,21.3,32.2,30.65,52.28,7.27,575.0,bajra,red soil
103.9,54.0,54.3,24.55,55.57,6.83,747.1,onion,black soil
46.4,61.3,78.7,19.34,77.44,5.86,1854.9,sugarcane,laterite soil
27.8,26.5,27.6,25.66,54.65,6.02,577.9,chickpea,black soil
19.8,32.1,24.1,31.45,53.9,6.79,796.7,greengram,alluvial soil
84.4,50.9,63.1,24.51,68.85,6.18,767.4,maize,black soil
99.9,46.8,46.1,23.52,66.15,6.02,973.2,chilli,red soil
93.2,40.0,62.3,28.81,57.23,7.04,646.9,chilli,red soil
111.9,22.7,49.6,40.74,69.63,7.09,1828.1,tomato,red soil
106.5,77.6,55.5,28.19,43.12,5.88,1030.4,sunflower,black soil
47.7,21.7,37.5,28.5,51.64,7.03,603.6,bajra,red soil
37.3,58.7,10.1,29.7,34.31,8.65,647.7,blackgram,red soil
60.3,42.1,48.5,20.45,51.87,6.61,772.4,ragi,laterite soil
87.3,44.1,42.5,32.87,52.9,7.21,849.8,cotton,black soil
22.6,34.8,21.2,24.87,53.23,7.15,420.7,lentil,alluvial soil
102.9,51.2,74.2,21.72,67.18,6.58,606.4,tomato,red soil
30.1,27.6,25.4,25.0,47.42,7.7,407.6,chickpea,red soil
49.5,43.8,48.3,24.2,55.3,5.6,919.0,ragi,red soil
74.0,46.6,50.9,28.73,52.89,7.71,812.0,cotton,red soil
3.0,71.6,92.9,25.82,78.71,9.21,1437.5,bajra,black soil
75.7,45.1,47.7,22.09,69.38,6.24,483.6,wheat,alluvial soil
85.3,51.7,46.2,28.66,50.2,7.2,827.1,cotton,black soil
61.7,42.8,58.8,25.37,55.57,6.55,886.1,cotton,black soil
35.8,33.8,41.5,28.09,53.6,7.06,676.8,groundnut,red soil
15.6,33.0,28.5,19.32,51.8,6.36,589.1,lentil,black soil
27.5,32.8,25.5,27.64,41.51,7.41,605.3,chickpea,red soil
45.4,40.7,49.9,24.15,66.88,7.44,948.4,ragi,laterite soil
23.9,34.4,27.7,33.49,53.81,6.35,509.3,blackgram,red soil
119.0,27.0,34.7,28.39,21.72,5.92,218.1,onion,laterite soil
93.3,46.4,51.0,26.05,63.72,6.5,945.3,chilli,black soil
64.5,45.9,54.5,23.17,63.83,7.46,587.8,wheat,alluvial soil
68.3,34.2,46.7,25.98,56.99,7.65,750.6,sunflower,red soil
68.0,36.9,58.7,26.49,64.76,6.3,711.8,cotton,red soil
30.5,42.0,28.9,28.64,66.44,7.68,719.0,pigeonpeas,black soil
16.9,28.4,22.6,27.82,51.99,6.55,705.1,greengram,black soil
22.6,35.4,44.9,28.44,54.58,6.19,504.4,groundnut,red soil
41.9,34.7,31.9,26.97,49.72,6.73,584.1,jowar,red soil
86.9,39.5,47.2,29.13,70.6,6.89,912.5,chilli,black soil
23.2,30.6,20.4,26.9,52.94,6.57,407.2,lentil,black soil
97.0,62.7,67.9,25.15,66.2,6.09,763.9,tomato,alluvial soil
7.6,30.1,58.4,34.75,32.6,5.32,1050.9,safflower,laterite soil
32.1,39.4,47.8,26.51,69.27,7.17,574.7,groundnut,red soil
22.1,31.8,27.6,29.76,64.56,7.45,768.3,greengram,black soil
25.8,33.2,18.7,33.99,59.27,6.37,785.9,blackgram,black soil
48.0,33.5,35.3,20.97,52.66,6.86,491.0,safflower,black soil
30.5,33.1,31.1,22.9,58.27,6.8,633.5,chickpea,red soil
85.2,50.8,55.7,33.71,51.37,6.25,735.4,cotton,red soil
70.1,41.7,59.2,22.89,60.69,6.63,996.1,chilli,black soil
122.9,74.1,6.1,27.46,89.96,6.93,2214.5,groundnut,red soil
41.5,20.9,30.1,31.12,45.53,6.21,433.1,bajra,red soil
55.7,40.3,44.2,23.52,62.78,5.6,849.9,ragi,laterite soil
29.4,28.1,29.2,30.74,69.0,7.49,593.6,greengram,black soil
55.5,32.1,38.7,16.67,51.42,7.0,544.2,safflower,black soil
102.5,65.1,97.2,21.93,59.82,7.35,806.2,grapes,black soil
119.4,69.9,68.7,25.76,64.24,7.19,1827.9,sugarcane,black soil
97.8,51.1,58.3,28.31,64.46,6.58,756.6,tomato,red soil
36.8,43.4,26.9,24.01,55.38,7.93,860.7,pigeonpeas,red soil
27.1,30.8,25.8,34.53,58.41,7.09,839.7,pigeonpeas,black soil
66.1,35.9,52.3,15.19,61.36,6.63,527.1,wheat,black soil
30.3,40.5,33.4,22.76,46.81,6.94,672.9,pigeonpeas,red soil
105.7,60.4,86.2,30.47,45.55,7.17,735.3,pomegranate,red soil
126.3,58.1,85.0,31.49,71.11,7.02,1541.4,sugarcane,alluvial soil
62.1,43.7,52.9,15.77,53.35,6.02,608.9,wheat,alluvial soil
22.0,22.5,21.6,34.74,52.57,6.8,639.1,greengram,black soil
99.2,56.0,51.1,27.45,73.35,7.17,761.4,onion,red soil
101.1,63.2,69.0,25.69,57.24,6.73,764.0,pomegranate,red soil
9.5,45.1,32.6,34.11,37.32,5.68,1961.9,soybean,black soil
98.5,57.8,65.6,23.97,75.92,6.63,673.4,tomato,red soil
97.4,59.7,60.2,28.05,61.38,6.39,980.1,tomato,alluvial soil
92.9,56.0,65.3,23.73,64.57,6.44,952.1,tomato,alluvial soil
37.6,33.4,33.0,30.99,64.19,6.62,611.5,pigeonpeas,black soil
39.8,31.1,37.7,22.25,54.92,6.87,889.5,pigeonpeas,red soil
20.8,33.6,27.5,24.14,47.66,6.19,467.1,lentil,alluvial soil
22.8,20.3,21.8,25.5,58.03,7.04,666.2,blackgram,red soil
51.8,28.0,37.7,29.5,58.41,7.58,576.8,jowar,red soil
99.1,51.9,53.2,18.76,69.86,6.46,951.2,onion,black soil
43.8,22.0,26.4,32.42,54.35,6.97,597.7,bajra,red soil
22.7,34.3,47.0,25.57,64.48,6.24,653.9,groundnut,red soil
139.0,35.2,41.9,23.67,55.97,5.48,2201.7,pomegranate,laterite soil
82.5,27.5,93.2,24.22,82.81,6.41,2485.2,pomegranate,laterite soil
64.4,7.4,13.5,31.6,28.61,8.22,849.8,wheat,red soil
65.0,63.3,16.6,28.38,79.78,5.37,1766.5,maize,red soil
71.9,49.5,47.7,16.7,60.14,6.89,560.8,wheat,black soil
51.9,32.4,39.4,15.51,46.08,6.62,503.9,safflower,black soil
81.6,57.3,55.6,29.4,57.69,6.31,917.9,maize,red soil
119.4,20.2,4.1,22.7,75.87,5.83,1119.0,greengram,alluvial soil
90.3,59.8,22.9,33.41,76.51,7.27,1564.0,sugarcane,laterite soil
32.9,35.9,29.3,22.79,67.47,7.99,645.8,pigeonpeas,red soil
126.4,52.6,62.6,32.49,70.05,7.38,1469.9,sugarcane,black soil
73.4,45.3,54.7,16.44,61.46,7.49,545.2,wheat,alluvial soil
112.8,45.5,61.5,20.54,72.26,6.23,893.7,tomato,red soil
35.7,75.2,65.2,11.8,27.38,7.47,676.4,pigeonpeas,black soil
56.3,25.0,31.4,25.76,82.06,7.73,1765.4,chilli,red soil
76.9,42.9,59.8,21.37,71.46,6.76,610.3,maize,red soil
23.8,26.3,48.7,31.34,51.66,6.87,652.5,groundnut,red soil
107.9,66.8,95.8,25.38,59.69,7.02,897.2,grapes,red soil
36.4,31.3,35.8,29.34,43.49,7.89,439.5,bajra,red soil
58.9,39.7,39.1,23.72,68.48,7.06,714.2,ragi,red soil
21.7,27.2,20.8,24.04,54.89,6.09,560.8,lentil,black soil
100.9,54.5,87.7,24.87,57.36,6.96,700.1,grapes,black soil
114.1,66.0,73.9,20.25,51.25,6.83,786.1,grapes,red soil
30.4,31.0,48.8,39.29,76.39,8.54,721.5,greengram,alluvial soil
96.9,51.9,68.5,26.7,72.18,6.98,876.7,tomato,alluvial soil
20.6,34.7,31.3,26.94,51.62,6.92,508.2,chickpea,red soil
28.3,38.8,30.7,31.33,67.78,6.99,805.6,groundnut,red soil
21.4,33.7,25.3,19.08,64.73,7.42,534.7,lentil,black soil
106.2,50.5,74.5,28.42,47.47,6.58,676.3,pomegranate,black soil
41.5,29.1,36.9,27.47,50.91,7.79,491.3,bajra,red soil
76.8,41.2,53.6,21.95,68.14,6.89,589.9,wheat,black soil
78.5,36.3,51.6,19.5,69.72,6.78,540.2,wheat,alluvial soil
84.6,55.5,61.7,26.11,67.56,5.57,929.9,maize,alluvial soil
139.0,79.4,3.2,29.03,55.97,8.02,921.9,wheat,black soil
116.2,68.2,3.4,19.27,72.72,5.82,1675.6,groundnut,black soil
56.0,35.1,42.1,25.48,51.6,7.36,952.8,ragi,red soil
18.8,32.9,21.6,27.89,59.91,6.19,554.6,lentil,black soil
20.1,29.7,30.2,28.19,45.0,6.68,490.7,chickpea,black soil
81.9,47.2,43.8,33.48,57.1,6.86,907.3,cotton,black soil
104.6,58.1,62.3,32.61,79.86,6.68,1616.4,sugarcane,alluvial soil
112.0,57.4,61.4,24.13,69.99,6.23,957.2,tomato,alluvial soil
92.8,61.6,73.5,28.6,76.4,6.75,988.7,tomato,red soil
88.7,35.7,42.8,25.58,67.66,6.59,787.2,cotton,red soil
92.2,64.1,56.4,24.88,61.51,6.12,833.8,tomato,red soil
73.6,34.4,69.2,24.75,58.91,6.32,2147.8,groundnut,laterite soil
85.4,29.4,83.5,37.63,49.86,5.7,2204.8,maize,black soil
104.2,51.0,70.3,21.75,69.22,6.75,619.4,tomato,alluvial soil
113.7,56.7,88.0,32.74,62.76,6.65,1734.0,sugarcane,black soil
111.5,73.9,13.3,16.13,30.96,5.35,401.5,chilli,black soil
27.5,25.1,23.0,26.13,58.43,7.02,579.2,chickpea,black soil
51.8,57.8,25.3,30.29,21.92,4.56,758.9,soybean,black soil
99.3,68.0,82.8,28.26,54.83,6.87,805.2,grapes,red soil
86.9,53.5,59.0,24.07,67.98,7.25,947.4,cotton,red soil
20.7,36.9,46.9,31.5,66.77,6.15,572.0,groundnut,red soil
103.8,44.6,68.1,21.99,74.27,6.44,834.1,onion,black soil
50.9,48.0,44.8,28.54,56.69,7.69,799.6,sunflower,alluvial soil
81.9,50.8,68.6,23.0,56.25,6.4,708.4,onion,red soil
79.7,43.4,46.3,22.89,68.48,7.0,777.8,chilli,red soil
93.8,40.6,25.1,16.64,91.24,4.83,928.6,blackgram,laterite soil
122.3,50.1,68.6,29.77,76.8,7.3,1742.2,sugarcane,alluvial soil
72.6,50.3,54.6,23.19,69.67,6.2,764.2,maize,black soil
2.3,60.6,29.5,12.56,31.14,6.96,882.2,bajra,alluvial soil
87.7,46.1,66.5,26.47,69.31,6.16,815.9,onion,black soil
49.1,26.4,35.0,34.26,41.91,6.24,500.8,bajra,alluvial soil
44.3,30.3,38.7,22.11,70.07,6.04,729.5,soybean,alluvial soil
50.2,26.8,30.9,25.46,46.0,6.71,621.1,jowar,red soil
88.6,54.0,81.5,30.18,54.95,6.56,773.4,pomegranate,red soil
45.9,35.0,43.4,28.62,62.44,6.4,641.0,soybean,black soil
46.4,31.7,40.6,30.05,62.92,8.3,635.4,jowar,black soil
57.1,30.5,30.5,29.13,61.13,7.19,562.8,jowar,red soil
22.2,33.6,25.4,25.73,61.97,6.04,402.0,lentil,black soil
95.0,47.5,55.8,28.62,72.04,7.13,724.1,maize,red soil
44.3,41.3,41.9,21.03,66.52,5.84,762.9,ragi,red soil
94.7,39.6,49.8,22.22,63.41,7.45,688.5,chilli,red soil
18.2,24.0,20.6,28.39,63.58,6.39,569.2,blackgram,black soil
42.4,37.9,43.6,17.0,41.15,7.43,517.6,safflower,black soil
42.8,29.8,40.8,30.45,50.35,7.11,477.0,jowar,red soil
139.3,68.0,85.8,28.41,70.98,7.17,1753.4,sugarcane,black soil
40.8,32.2,33.3,28.51,53.85,7.63,472.7,bajra,alluvial soil
63.9,31.4,44.7,20.81,68.56,5.77,670.3,ragi,laterite soil
44.1,20.0,28.1,32.05,48.68,7.33,598.2,bajra,red soil
118.6,65.0,57.0,21.37,60.68,6.5,833.4,tomato,red soil
132.3,53.7,60.5,32.85,75.01,7.23,1379.3,sugarcane,black soil
43.3,38.0,31.1,29.79,60.68,6.97,875.9,soybean,black soil
18.0,25.9,20.4,27.9,55.68,7.21,593.6,lentil,alluvial soil
68.6,31.9,41.6,24.85,45.12,7.37,766.9,sunflower,alluvial soil
77.8,40.8,40.4,17.48,53.36,7.04,641.1,wheat,black soil
37.3,35.3,37.1,33.8,52.33,7.39,775.3,pigeonpeas,red soil
44.8,23.3,31.5,28.06,43.3,7.12,554.8,bajra,alluvial soil
125.2,35.9,56.2,20.85,41.03,5.57,327.6,chickpea,black soil
88.7,57.1,61.8,21.62,70.59,6.7,799.4,onion,alluvial soil
31.0,28.5,36.1,26.21,68.63,6.64,692.5,groundnut,red soil
94.7,59.9,89.0,24.13,60.08,7.03,895.3,grapes,red soil
29.8,42.2,30.9,33.01,67.28,7.67,865.8,pigeonpeas,red soil
39.2,25.9,31.1,28.8,58.71,7.5,527.5,bajra,red soil
60.0,46.7,46.2,20.9,59.41,7.22,576.5,wheat,alluvial soil
137.6,64.3,76.8,23.52,89.28,5.3,1693.9,blackgram,alluvial soil
117.9,66.2,68.6,25.51,60.13,7.37,1531.4,sugarcane,black soil
30.0,34.9,31.2,26.01,79.66,6.56,732.1,soybean,alluvial soil
15.9,0.3,47.9,31.19,42.12,5.01,800.9,sunflower,alluvial soil
40.7,34.1,38.6,23.33,68.77,7.23,859.1,ragi,red soil
55.9,39.2,45.8,28.11,54.59,6.52,710.5,sunflower,alluvial soil
81.5,53.1,51.4,27.06,61.06,7.44,620.7,maize,black soil
89.6,40.8,59.9,24.11,69.72,6.28,676.7,maize,black soil
26.6,43.6,36.5,32.48,66.76,6.23,564.7,groundnut,red soil
126.8,66.4,88.2,25.69,81.9,7.06,1429.8,sugarcane,alluvial soil
19.1,26.3,28.0,19.5,49.87,6.52,573.1,lentil,alluvial soil
33.9,6.8,82.6,18.57,90.69,8.82,2083.7,sunflower,alluvial soil
35.6,36.2,28.6,25.12,55.69,6.88,740.0,pigeonpeas,red soil
47.3,6.0,58.8,35.16,70.78,4.75,997.4,cotton,black soil
81.4,32.7,61.5,10.25,38.65,6.47,1055.8,ragi,laterite soil
68.1,62.5,63.5,19.68,94.54,9.06,1673.6,ragi,red soil
25.0,38.9,25.7,32.83,64.84,7.29,656.3,pigeonpeas,black soil
119.8,64.5,60.0,26.69,61.04,6.5,648.1,tomato,alluvial soil
25.4,64.2,32.7,18.78,32.68,8.64,573.4,pomegranate,red soil
24.0,42.8,42.7,43.48,60.5,4.86,800.8,bajra,alluvial soil
45.4,44.4,31.9,27.82,78.39,6.56,888.2,soybean,black soil
26.1,29.3,25.8,26.08,42.45,6.79,542.5,chickpea,red soil
119.7,64.1,58.7,24.96,79.17,6.19,939.8,tomato,red soil
14.3,49.2,26.1,11.94,79.98,7.98,1290.9,chilli,red soil
21.0,22.6,8.7,12.16,91.47,7.83,1164.7,pomegranate,laterite soil
22.8,32.7,26.0,27.43,53.38,7.44,576.7,lentil,alluvial soil
85.9,36.5,51.7,31.91,55.44,6.3,643.4,chilli,black soil
35.4,37.3,37.3,26.86,56.54,7.74,702.8,pigeonpeas,black soil
21.1,34.4,25.8,26.91,45.13,6.42,562.7,lentil,black soil
30.2,44.4,29.9,23.58,72.69,6.06,877.8,soybean,black soil
71.1,55.8,63.4,23.04,57.06,6.37,973.5,maize,alluvial soil
59.4,42.0,39.9,20.34,65.08,6.65,777.1,ragi,laterite soil
48.8,26.7,44.0,25.07,60.8,7.31,650.3,jowar,black soil
18.8,31.6,22.1,21.7,62.26,6.41,516.3,lentil,alluvial soil
33.1,32.6,28.9,32.19,58.42,6.72,605.7,pigeonpeas,red soil
70.4,44.2,47.5,28.9,64.05,6.5,595.5,cotton,red soil
92.1,40.9,54.2,30.67,69.44,7.42,817.9,chilli,red soil
37.6,41.1,31.4,29.86,67.59,6.02,707.9,soybean,alluvial soil
108.7,58.2,60.7,29.19,83.4,6.77,1309.9,sugarcane,alluvial soil
25.4,36.6,32.3,25.18,56.82,7.53,578.3,chickpea,black soil
98.9,60.0,79.9,26.98,60.74,6.71,789.9,grapes,black soil
32.3,28.7,33.0,31.03,57.53,6.51,695.1,groundnut,red soil
119.1,53.0,64.4,31.29,76.47,6.96,1948.7,sugarcane,black soil
23.0,33.6,20.5,32.1,52.38,7.09,510.2,greengram,black soil
90.5,54.7,45.4,26.05,56.87,7.36,912.4,chilli,black soil
97.6,35.7,54.8,26.69,59.03,6.72,810.8,chilli,red soil
41.3,37.8,32.9,21.07,54.08,6.83,559.1,safflower,black soil
27.3,34.9,47.7,28.37,52.55,6.01,500.8,groundnut,red soil
93.6,48.0,56.5,22.81,74.86,6.64,706.7,onion,alluvial soil
56.2,27.8,41.3,24.54,42.11,6.71,563.3,safflower,red soil
92.2,9.1,87.8,23.88,43.58,6.17,1922.2,safflower,red soil
40.2,27.1,37.0,19.83,52.82,6.61,590.1,safflower,red soil
54.3,48.0,41.2,23.39,41.72,7.68,621.6,sunflower,red soil
22.3,28.8,31.4,29.5,52.78,6.32,881.3,groundnut,red soil
41.8,31.6,49.0,20.34,62.26,7.07,711.5,ragi,laterite soil
91.7,42.6,58.8,29.2,69.88,6.32,872.1,maize,alluvial soil
44.6,26.1,32.4,27.92,43.87,6.38,444.5,bajra,alluvial soil
54.6,31.0,40.8,16.43,53.96,7.16,413.7,safflower,black soil
100.8,58.8,62.2,27.43,76.86,6.97,865.1,tomato,alluvial soil
69.3,44.6,49.4,26.9,51.09,6.85,772.4,cotton,red soil
24.4,29.5,27.8,23.5,53.87,7.21,632.0,chickpea,red soil
94.4,40.4,36.7,17.5,76.43,8.18,1574.8,soybean,alluvial soil
39.0,36.2,42.8,32.43,61.2,6.35,646.6,groundnut,alluvial soil
30.3,40.8,32.7,27.12,61.0,6.52,622.1,groundnut,alluvial soil
45.7,33.1,41.3,29.74,65.04,6.3,906.9,soybean,alluvial soil
66.4,44.0,49.5,22.78,55.38,6.99,552.1,wheat,black soil
48.7,39.6,43.8,25.01,69.84,7.13,964.0,soybean,alluvial soil
99.7,47.7,72.7,22.38,62.84,6.2,621.4,tomato,alluvial soil
107.4,60.2,82.2,26.86,56.89,7.1,737.4,pomegranate,red soil
82.7,45.7,48.6,27.32,65.95,7.18,819.4,cotton,black soil
135.4,68.7,78.5,26.09,88.17,7.89,496.9,maize,alluvial soil
20.6,24.8,29.5,26.54,64.57,6.93,592.2,greengram,black soil
68.7,51.6,55.1,33.27,53.16,7.36,501.1,cotton,red soil
71.4,53.8,44.4,31.75,54.51,7.86,918.1,cotton,black soil
22.7,76.5,91.7,25.11,62.52,8.38,1201.5,tomato,black soil
33.7,43.8,34.6,28.03,68.8,6.75,678.5,soybean,black soil
100.8,25.9,72.8,11.28,20.25,9.03,1166.4,maize,red soil
51.4,27.0,35.2,25.07,57.49,7.18,467.4,jowar,black soil
59.3,49.5,44.3,26.42,45.67,7.38,538.0,sunflower,alluvial soil
113.0,52.6,98.6,28.48,68.27,6.56,646.2,grapes,red soil
22.9,29.3,22.8,26.67,55.93,6.75,671.1,blackgram,red soil
99.2,58.3,67.9,23.39,68.32,6.41,863.2,onion,alluvial soil
66.9,36.0,45.0,24.35,46.84,7.63,535.1,sunflower,alluvial soil
94.3,58.5,57.5,21.46,78.75,6.66,972.8,tomato,alluvial soil
77.9,47.6,46.5,24.1,66.14,6.05,598.2,wheat,alluvial soil
32.0,78.4,38.0,15.5,46.45,9.07,1838.5,groundnut,alluvial soil
79.8,50.0,55.2,33.25,65.72,6.18,908.3,cotton,black soil
81.5,40.0,48.4,25.3,60.26,7.15,994.5,cotton,black soil
29.0,27.9,24.3,30.65,58.41,6.91,602.0,blackgram,black soil
108.9,55.8,71.7,26.79,62.22,6.29,700.3,tomato,alluvial soil
108.6,64.5,81.2,29.38,69.39,7.2,1898.6,sugarcane,black soil
94.6,47.0,57.1,26.83,66.68,7.33,864.6,onion,alluvial soil
115.6,15.3,86.3,24.66,28.34,7.46,1480.1,ragi,black soil
64.3,35.4,40.3,26.39,64.03,5.87,965.6,ragi,laterite soil
33.1,26.1,29.9,29.91,57.81,7.3,458.3,chickpea,red soil
57.4,31.7,49.7,23.81,63.67,5.87,788.4,ragi,laterite soil
45.8,33.3,41.0,23.31,64.5,7.17,680.3,soybean,black soil
29.2,32.5,23.8,26.91,56.97,6.92,775.6,greengram,alluvial soil
62.6,36.0,48.1,22.18,64.83,5.54,832.7,ragi,red soil
46.8,42.5,41.1,20.46,56.78,6.09,975.9,ragi,red soil
61.7,45.2,47.3,27.94,41.72,6.53,707.1,sunflower,alluvial soil
68.0,39.2,47.8,21.22,54.3,6.72,700.5,sunflower,alluvial soil
37.1,36.2,28.7,27.78,60.46,7.64,677.8,pigeonpeas,red soil
21.1,32.1,28.5,24.36,43.52,7.9,619.9,chickpea,red soil
90.2,47.0,46.2,27.85,72.0,7.03,779.8,chilli,black soil
81.2,36.6,49.8,30.08,62.7,7.47,793.3,cotton,black soil
120.0,73.9,75.9,42.53,88.11,8.38,2237.3,lentil,alluvial soil
53.4,33.5,37.6,26.64,53.44,6.81,589.8,jowar,red soil
116.2,68.3,92.5,23.52,62.52,7.22,838.7,grapes,red soil
38.6,45.2,30.2,23.66,66.32,6.72,996.7,soybean,alluvial soil
39.7,25.9,48.9,28.68,67.5,7.16,708.5,groundnut,alluvial soil
100.3,51.7,94.9,29.57,59.63,7.45,852.2,grapes,black soil
25.9,26.0,40.5,30.6,63.14,6.87,744.7,groundnut,alluvial soil
51.5,30.5,26.9,31.66,52.73,7.83,452.5,bajra,alluvial soil
24.8,21.8,22.0,28.9,57.4,7.2,547.4,blackgram,black soil
21.7,26.5,25.3,27.59,54.69,6.05,541.3,lentil,black soil
90.2,45.8,69.5,24.39,56.16,6.95,942.2,onion,alluvial soil
47.1,34.1,39.6,16.16,53.98,6.52,467.8,safflower,red soil
97.4,44.9,47.3,29.33,65.63,6.42,685.4,chilli,black soil
60.8,32.1,41.4,27.74,52.88,5.57,606.5,ragi,red soil
32.8,39.9,32.1,27.67,51.96,7.62,601.3,pigeonpeas,black soil
24.0,34.0,29.1,21.53,46.8,6.21,442.5,lentil,alluvial soil
101.1,51.7,73.5,28.19,52.02,7.16,777.7,grapes,black soil
22.2,39.7,26.2,24.92,47.45,7.27,620.5,chickpea,red soil
130.1,11.7,78.2,29.99,60.73,4.71,2462.5,cotton,alluvial soil
15.8,20.7,28.6,30.03,60.49,6.67,721.5,greengram,alluvial soil
28.2,28.5,19.2,33.58,54.91,6.27,681.7,blackgram,black soil
92.6,53.2,52.0,29.84,63.12,5.85,601.9,maize,alluvial soil
99.8,69.4,72.9,30.58,40.66,6.83,643.0,pomegranate,black soil
17.3,29.2,21.9,30.2,61.29,6.86,645.6,blackgram,red soil
46.2,32.2,35.1,29.87,46.39,8.03,616.0,jowar,black soil
52.5,33.2,41.0,26.5,51.25,7.27,522.0,jowar,red soil
71.0,58.0,12.1,40.2,51.36,7.5,944.8,maize,laterite soil
98.7,64.2,72.0,26.62,58.71,7.47,673.4,grapes,red soil
97.1,54.5,55.8,26.27,63.02,6.45,912.5,tomato,red soil
63.9,45.6,39.5,26.18,48.46,7.19,547.7,sunflower,red soil
41.6,34.4,36.3,28.75,69.61,7.43,708.7,ragi,laterite soil
104.0,59.5,61.3,26.07,74.98,6.26,980.1,onion,black soil
88.5,48.1,69.4,21.35,73.87,6.59,719.1,onion,red soil
79.7,45.9,60.4,28.43,66.78,7.05,736.5,chilli,red soil
24.7,20.9,18.8,34.66,50.64,6.03,597.0,blackgram,black soil
102.6,18.6,9.4,28.76,81.82,8.33,1684.2,onion,black soil
17.8,20.4,26.9,27.73,68.69,7.21,605.7,greengram,alluvial soil
33.8,36.9,44.1,27.07,63.93,7.1,939.7,soybean,alluvial soil
58.0,40.0,43.1,22.56,51.12,6.81,688.6,sunflower,alluvial soil
47.8,25.9,31.2,25.9,51.54,6.99,720.1,jowar,red soil
25.8,21.3,93.1,12.05,89.58,7.51,1782.1,chickpea,black soil
26.6,29.7,21.4,25.58,64.89,6.79,707.1,blackgram,red soil
25.9,28.8,18.8,26.9,69.08,7.5,718.7,blackgram,red soil
91.9,45.3,58.8,25.41,73.96,7.37,975.8,maize,red soil
28.6,31.2,20.3,23.61,47.04,7.2,532.7,chickpea,black soil
107.1,64.1,82.4,25.84,63.16,7.49,803.4,grapes,red soil
71.3,50.8,53.7,24.76,65.25,7.67,885.3,cotton,red soil
17.2,33.3,20.9,19.28,62.04,7.28,439.9,lentil,black soil
49.2,34.5,39.7,29.96,51.64,6.85,521.7,bajra,red soil
15.8,32.3,24.3,33.51,65.33,6.6,662.2,greengram,black soil
48.0,42.1,36.2,24.58,69.25,6.5,707.8,ragi,laterite soil
33.3,31.5,37.1,23.51,60.01,7.55,861.2,pigeonpeas,red soil
15.2,7.5,40.9,30.79,82.05,8.46,478.8,onion,black soil
89.1,42.5,49.5,22.45,55.67,5.97,698.7,maize,alluvial soil
90.8,39.7,70.5,12.9,77.0,8.49,1848.9,blackgram,black soil
64.9,34.0,52.8,20.12,40.78,7.39,678.4,sunflower,alluvial soil
78.1,9.9,8.7,12.88,66.59,7.31,382.7,chickpea,laterite soil
103.9,56.5,85.8,27.22,56.91,6.58,617.4,grapes,red soil
17.2,3.0,38.8,38.35,79.23,4.6,2119.9,chilli,black soil
82.5,60.6,62.5,28.83,58.95,6.71,674.0,pomegranate,black soil
23.8,26.8,26.8,27.03,62.53,7.26,654.0,greengram,black soil
137.1,41.6,77.1,22.49,43.54,9.26,589.7,chilli,red soil
41.5,24.6,31.1,26.29,49.26,7.71,567.5,bajra,alluvial soil
108.4,54.8,65.7,20.71,70.81,7.04,733.0,onion,black soil
77.5,26.2,5.8,23.56,66.81,6.81,210.7,cotton,alluvial soil
89.2,44.5,21.5,18.38,27.73,6.91,1991.6,pigeonpeas,black soil
53.6,33.6,32.4,15.77,43.94,7.2,565.8,safflower,red soil
110.9,0.9,9.8,28.4,58.13,7.66,521.2,groundnut,red soil
89.8,45.5,15.4,19.82,91.02,8.09,605.6,ragi,red soil
110.7,75.4,89.3,27.41,35.02,7.82,2288.0,chickpea,laterite soil
102.6,66.7,65.7,27.1,79.42,7.19,1939.6,sugarcane,black soil
74.5,49.4,52.5,25.8,60.21,6.52,574.2,cotton,red soil
82.7,53.4,53.3,23.27,66.09,6.78,907.9,maize,alluvial soil
61.8,33.8,44.4,22.83,54.91,7.23,813.5,ragi,laterite soil
57.7,31.9,39.7,16.32,50.2,7.48,538.2,safflower,red soil
36.7,32.7,31.9,29.94,65.3,6.84,875.2,groundnut,red soil
28.9,28.1,22.2,31.3,58.3,6.62,546.5,greengram,black soil
38.5,31.7,39.7,32.69,52.12,7.32,435.6,bajra,alluvial soil
115.0,57.6,60.5,31.94,82.71,7.15,1556.3,sugarcane,alluvial soil
35.4,34.1,31.0,28.38,49.46,7.95,410.3,bajra,red soil
17.0,32.6,25.4,25.13,55.13,6.04,410.7,lentil,black soil
33.6,45.0,35.9,30.21,52.03,7.51,735.4,pigeonpeas,black soil
121.5,65.6,81.3,30.41,80.68,7.14,1360.3,sugarcane,black soil
87.1,4.1,3.5,37.18,34.03,8.61,634.7,onion,alluvial soil
27.0,31.1,26.1,27.81,57.92,6.84,774.6,blackgram,red soil
71.4,43.5,50.1,21.35,60.79,6.79,496.2,wheat,alluvial soil
56.3,36.3,32.6,18.9,41.5,7.25,621.4,safflower,black soil
25.9,31.4,45.2,27.48,54.68,7.08,876.1,groundnut,alluvial soil
26.0,32.8,29.7,30.81,63.5,6.27,738.0,blackgram,red soil
58.7,25.4,42.5,30.9,58.86,7.57,650.3,jowar,black soil
102.9,69.1,70.4,27.67,48.95,6.99,512.6,pomegranate,black soil
62.5,40.3,45.8,15.59,52.37,7.39,484.8,wheat,alluvial soil
38.2,37.5,37.3,32.44,54.88,7.22,628.3,pigeonpeas,red soil
49.4,33.5,32.7,17.24,41.88,6.74,511.5,safflower,black soil
83.4,50.2,58.2,18.05,60.02,6.66,725.3,onion,alluvial soil
12.0,16.3,84.9,12.74,22.82,5.87,2406.6,tomato,red soil
93.9,57.3,95.7,20.24,81.02,6.59,1343.1,onion,black soil
139.1,53.4,64.0,25.08,82.34,7.23,1948.5,sugarcane,black soil
55.9,37.8,53.3,29.27,47.72,6.72,621.2,sunflower,red soil
49.4,46.4,30.2,23.4,61.12,7.05,702.1,soybean,alluvial soil
59.2,30.0,39.5,29.48,59.76,6.85,599.1,jowar,black soil
11.5,53.4,64.5,34.51,28.75,5.29,412.4,onion,black soil
15.4,34.3,20.9,30.85,51.96,7.28,540.9,greengram,black soil
27.2,31.0,38.7,28.19,60.21,6.56,590.3,groundnut,alluvial soil
49.8,37.5,31.5,26.82,62.27,6.33,932.2,soybean,black soil
63.8,40.0,45.9,26.37,45.25,7.71,719.3,sunflower,alluvial soil
6.7,11.1,2.7,27.41,38.27,7.45,2164.6,pigeonpeas,red soil
139.0,72.8,17.2,33.05,73.6,6.7,1901.1,bajra,red soil
54.9,29.3,32.7,28.72,59.59,7.11,646.2,jowar,red soil
20.0,30.5,28.5,25.29,47.95,6.27,452.9,lentil,black soil
28.7,36.1,35.3,28.73,53.12,6.82,659.0,pigeonpeas,red soil
119.8,63.5,69.9,29.07,84.53,7.29,1533.1,sugarcane,alluvial soil
23.0,27.7,18.4,31.63,52.65,6.53,521.9,blackgram,red soil
41.1,25.9,41.7,25.38,60.9,6.93,655.8,jowar,red soil
116.5,69.9,72.3,26.07,60.56,7.35,633.4,grapes,red soil
102.7,53.6,68.2,23.71,69.46,6.42,706.5,onion,alluvial soil
82.7,54.2,58.5,27.81,67.28,7.1,643.9,onion,alluvial soil
137.4,62.2,83.7,26.55,69.17,6.64,1904.6,sugarcane,alluvial soil
41.1,38.1,85.1,25.81,50.8,7.76,1239.7,onion,alluvial soil
65.7,37.6,49.7,34.66,53.56,6.13,881.3,cotton,black soil
73.0,21.4,48.4,10.89,22.0,6.97,2060.3,sunflower,alluvial soil
77.0,37.1,46.1,21.12,58.21,6.42,631.0,wheat,alluvial soil
22.2,34.1,20.2,32.31,62.33,7.01,513.1,greengram,alluvial soil
36.6,47.7,25.3,29.63,71.31,6.12,913.2,soybean,black soil
137.1,54.4,72.5,28.99,70.27,6.92,1428.8,sugarcane,black soil
21.5,9.4,51.2,12.51,20.77,9.05,979.0,sunflower,alluvial soil
109.3,42.9,63.3,19.18,61.83,6.09,681.8,onion,black soil
93.7,58.7,56.8,24.16,70.85,7.25,958.4,onion,red soil
124.7,49.5,83.3,15.21,85.94,9.37,1962.3,bajra,black soil
87.9,38.9,62.7,30.44,61.54,6.23,692.0,chilli,black soil
111.9,58.1,89.8,28.57,82.57,6.97,1936.5,sugarcane,black soil
51.5,43.3,45.5,25.38,61.46,5.96,866.3,ragi,laterite soil
101.2,56.1,67.0,23.62,65.08,6.11,665.5,tomato,alluvial soil
17.4,26.4,20.3,18.32,56.85,6.55,505.7,lentil,alluvial soil
92.2,51.9,60.3,28.8,77.56,6.96,906.9,tomato,alluvial soil
27.8,27.1,21.4,30.48,53.81,6.69,755.1,greengram,black soil
134.3,76.3,2.6,21.04,31.79,5.55,1447.5,pigeonpeas,black soil
110.7,67.0,81.1,21.3,66.04,7.39,884.8,grapes,black soil
50.9,24.9,38.6,26.88,51.78,7.03,631.7,bajra,red soil
45.4,47.5,43.0,26.21,40.04,8.44,1593.3,wheat,black soil
80.3,35.8,59.5,23.87,55.71,6.7,621.7,chilli,black soil
89.3,64.5,67.3,29.97,41.59,7.49,724.6,pomegranate,black soil
136.5,51.9,73.8,30.46,71.55,7.02,1843.2,sugarcane,alluvial soil
25.6,35.2,38.1,26.46,62.24,7.17,714.4,groundnut,alluvial soil
16.2,29.6,27.7,29.23,68.03,7.44,658.1,greengram,black soil
126.1,61.6,73.6,29.22,63.5,7.35,1483.0,sugarcane,alluvial soil
60.2,42.9,55.7,24.83,61.47,7.79,573.9,cotton,black soil
121.7,65.8,87.6,32.04,62.05,7.43,1834.4,sugarcane,black soil
26.7,26.2,25.0,31.92,66.37,7.0,553.1,greengram,black soil
28.2,30.3,21.1,28.18,52.93,7.73,419.1,chickpea,black soil
85.6,53.5,40.5,30.07,67.19,6.15,936.0,cotton,black soil
25.9,20.5,28.5,30.7,63.78,6.56,714.8,greengram,alluvial soil
72.3,9.8,22.5,24.09,76.57,8.94,1687.3,cotton,black soil
92.7,55.1,85.6,29.34,52.7,6.95,694.6,grapes,black soil
85.0,41.7,45.4,28.47,63.33,7.36,797.9,maize,red soil
50.3,27.4,30.1,24.12,48.89,7.46,587.2,safflower,red soil
44.7,32.2,32.7,17.68,52.89,6.76,545.1,safflower,red soil
28.5,30.4,20.8,31.44,67.38,6.5,663.5,greengram,black soil
91.0,68.7,79.8,30.59,56.99,7.43,570.5,pomegranate,red soil
65.8,37.8,54.8,18.71,55.59,7.3,501.7,wheat,alluvial soil
34.0,38.2,25.7,25.53,40.05,6.29,489.7,chickpea,black soil
49.6,34.2,41.3,20.12,35.92,7.58,519.6,safflower,red soil
48.1,30.2,32.2,18.0,43.41,7.01,585.9,safflower,red soil
94.6,46.9,47.5,31.9,71.55,6.3,888.8,chilli,red soil
98.0,64.3,74.6,20.13,65.74,6.66,634.8,grapes,red soil
31.9,34.6,22.1,24.72,45.32,7.6,435.6,chickpea,black soil
74.3,46.8,54.9,25.03,61.17,7.42,757.1,maize,black soil
26.6,21.6,19.6,33.18,62.47,6.19,676.5,blackgram,red soil
90.9,61.5,76.3,29.19,48.28,7.16,593.3,pomegranate,red soil
65.7,31.6,46.8,21.81,40.1,7.14,798.3,sunflower,red soil
68.6,48.4,41.4,24.82,58.97,7.19,555.3,wheat,black soil
99.9,61.6,62.4,25.97,65.52,6.92,940.7,tomato,alluvial soil
46.9,25.1,34.8,26.16,51.09,6.53,723.3,jowar,red soil
104.8,53.1,75.5,22.98,53.48,6.55,795.5,grapes,black soil
56.1,28.1,30.2,16.37,41.18,7.78,470.0,safflower,black soil
46.8,25.4,26.9,34.37,52.58,7.98,433.3,bajra,alluvial soil
97.0,45.1,61.8,25.1,56.57,6.24,987.7,chilli,black soil
132.2,67.8,67.1,25.87,78.12,6.75,1207.4,sugarcane,black soil
23.8,32.9,43.5,26.21,57.62,6.59,671.5,groundnut,alluvial soil
17.4,25.2,27.9,31.12,61.37,7.46,754.4,greengram,black soil
82.5,51.2,46.0,35.63,30.76,8.98,1576.7,lentil,red soil
25.5,36.8,20.3,26.2,44.7,7.54,613.6,chickpea,red soil
33.6,49.6,31.6,22.75,66.95,7.01,934.5,soybean,black soil
38.9,34.2,31.1,25.05,68.91,6.88,552.9,groundnut,alluvial soil
15.4,31.0,23.9,31.56,54.76,7.46,665.8,greengram,black soil
112.3,54.2,83.9,20.68,52.54,7.32,767.2,grapes,black soil
26.3,28.5,20.8,33.74,53.05,7.43,758.3,greengram,alluvial soil
99.4,42.7,60.7,27.07,69.9,6.83,868.6,chilli,black soil
23.0,34.8,29.0,31.73,57.9,6.6,505.9,greengram,black soil
39.8,33.3,34.8,29.04,52.05,6.92,841.4,groundnut,red soil
41.0,35.0,37.1,18.1,37.1,7.33,435.9,safflower,red soil
112.6,67.6,95.1,20.15,64.5,7.28,633.0,grapes,black soil
140.0,56.0,61.8,31.23,61.89,6.78,1252.1,sugarcane,alluvial soil
25.0,34.3,30.2,27.37,61.97,6.44,597.0,groundnut,red soil
24.1,30.5,46.5,27.18,65.43,7.02,892.4,groundnut,red soil
127.5,55.2,82.3,28.8,63.3,6.6,1593.9,sugarcane,black soil
86.4,39.6,50.2,31.46,62.33,6.99,623.7,chilli,black soil
73.2,45.1,50.0,23.34,55.01,6.17,517.5,wheat,alluvial soil
75.0,40.2,45.5,17.02,52.2,7.17,471.9,wheat,alluvial soil
132.6,62.8,60.8,29.18,75.65,7.16,1625.3,sugarcane,alluvial soil
56.9,32.1,41.0,23.99,65.49,7.09,734.1,ragi,laterite soil
128.3,51.8,78.5,34.69,67.3,7.34,1902.8,sugarcane,black soil
82.6,40.4,56.0,26.31,70.0,6.18,908.2,onion,black soil
24.7,44.1,47.6,28.23,54.63,6.06,748.6,groundnut,red soil
4.5,26.5,78.4,43.81,67.93,6.47,397.4,greengram,laterite soil
67.3,45.1,37.6,20.09,50.47,7.59,696.7,sunflower,alluvial soil
50.7,46.3,49.7,24.74,43.25,6.6,579.6,sunflower,red soil
21.5,25.4,23.8,19.36,49.42,6.22,483.7,lentil,black soil
39.0,16.1,90.6,36.39,55.38,5.48,2260.8,pigeonpeas,red soil
129.7,2.5,85.6,23.79,62.34,5.09,2430.3,tomato,black soil
48.9,34.3,33.2,31.26,53.03,7.01,529.8,jowar,red soil
41.4,28.4,41.4,30.43,57.68,7.46,736.3,jowar,black soil
88.5,36.7,62.5,29.47,69.04,6.88,770.0,chilli,black soil
132.2,69.6,83.7,14.99,79.33,8.28,2244.8,cotton,alluvial soil
91.2,40.0,50.3,30.87,65.44,7.34,630.5,chilli,black soil
39.2,23.9,36.8,30.92,42.38,6.62,460.1,bajra,alluvial soil
92.7,64.8,92.5,28.57,51.48,7.2,814.1,grapes,black soil
30.7,33.9,30.1,21.0,46.68,6.43,461.9,chickpea,red soil
19.6,25.7,23.3,34.8,68.67,6.62,763.0,greengram,alluvial soil
22.0,25.8,20.5,24.44,48.88,6.54,436.5,chickpea,red soil
66.8,31.5,50.2,21.26,57.91,6.73,633.5,sunflower,alluvial soil
23.7,30.5,24.1,18.01,54.07,6.8,530.1,lentil,black soil
80.8,41.7,63.2,23.17,59.2,6.84,691.4,onion,alluvial soil
128.7,50.4,47.4,36.72,62.47,5.59,295.5,wheat,alluvial soil
73.0,35.6,46.3,27.97,69.05,6.37,591.0,cotton,red soil
94.7,51.1,65.3,27.01,74.47,6.45,947.4,onion,red soil
23.4,22.0,26.6,26.64,50.64,7.3,509.9,greengram,alluvial soil
119.5,58.0,75.2,24.62,42.46,8.73,867.9,pomegranate,black soil
25.1,27.9,36.7,29.37,61.66,7.24,653.3,groundnut,red soil
65.0,44.7,40.2,20.41,58.27,6.3,548.4,wheat,alluvial soil
37.2,32.8,29.7,33.12,69.32,6.59,644.7,pigeonpeas,red soil
42.0,33.8,27.2,24.9,67.83,6.21,999.5,soybean,black soil
33.6,38.4,31.4,23.26,44.32,6.27,561.7,chickpea,black soil
34.3,31.2,31.2,31.66,56.9,7.0,507.5,groundnut,alluvial soil
28.0,33.6,15.6,32.6,59.89,7.49,650.6,blackgram,red soil
92.9,56.7,57.9,25.38,62.82,7.0,896.5,tomato,alluvial soil
97.1,48.7,59.7,24.41,72.68,6.05,976.9,maize,red soil
49.3,31.8,44.4,17.88,35.96,7.6,416.2,safflower,black soil
20.5,26.1,21.7,21.87,57.74,6.62,538.4,chickpea,red soil
62.0,28.0,15.2,13.22,90.34,6.28,640.0,sugarcane,black soil
37.5,34.7,48.9,32.08,54.1,6.34,824.8,groundnut,alluvial soil
85.6,45.4,45.9,28.44,61.03,5.8,894.7,maize,black soil
87.0,57.3,20.2,39.42,32.77,6.49,1880.0,onion,black soil
10.6,57.4,90.1,44.55,66.15,5.89,2487.8,cotton,alluvial soil
16.8,31.1,24.0,19.18,49.68,6.09,460.5,lentil,alluvial soil
51.3,39.9,39.8,23.17,58.56,6.7,707.1,sunflower,alluvial soil
62.3,35.9,27.6,24.53,49.03,6.3,2035.2,blackgram,black soil
32.4,42.6,39.2,34.36,49.19,7.31,640.5,pigeonpeas,red soil
25.0,42.4,25.1,31.09,64.65,7.07,813.4,pigeonpeas,red soil
38.1,40.0,28.0,34.95,48.54,6.68,643.3,pigeonpeas,red soil
97.9,50.6,82.2,31.12,40.69,6.98,680.8,pomegranate,red soil
87.7,56.0,68.8,18.09,61.0,6.84,961.3,onion,red soil
135.8,57.0,42.3,28.74,80.15,8.34,1296.0,onion,red soil
62.5,75.3,21.5,19.61,49.71,5.56,626.5,sugarcane,black soil
21.1,27.8,25.3,21.14,48.2,7.3,611.8,chickpea,red soil
64.6,39.8,47.5,25.02,46.39,7.25,668.1,sunflower,alluvial soil
25.7,34.9,15.5,31.34,55.55,7.35,579.2,blackgram,red soil
97.9,47.6,56.6,25.64,71.67,6.47,809.2,chilli,red soil
3.2,61.7,14.3,36.53,26.78,8.63,2454.5,cotton,black soil
80.7,44.0,48.5,30.81,68.61,7.52,945.5,cotton,black soil
52.3,34.1,45.8,20.37,65.37,6.95,650.4,ragi,red soil
27.4,31.5,26.6,20.23,40.57,7.92,490.6,chickpea,black soil
93.1,68.3,89.0,28.05,47.76,6.74,572.8,pomegranate,black soil
100.8,54.9,73.6,29.42,52.99,7.48,824.9,grapes,black soil
94.9,63.0,87.1,24.94,60.33,7.04,638.7,grapes,red soil
27.6,23.7,20.8,34.6,64.93,6.88,630.5,greengram,alluvial soil
31.7,39.2,34.6,22.74,56.02,7.06,824.6,pigeonpeas,black soil
47.4,26.5,30.8,29.17,57.98,7.27,621.9,jowar,black soil
57.4,38.3,47.4,29.9,61.29,6.15,966.1,ragi,laterite soil
56.4,28.7,35.2,21.16,52.44,6.88,630.5,safflower,red soil
56.3,42.4,60.0,17.57,41.77,7.73,2434.6,lentil,alluvial soil
126.9,23.5,4.7,38.67,62.61,7.04,2221.2,blackgram,alluvial soil
52.7,32.2,45.7,24.74,68.95,5.91,909.5,ragi,laterite soil
114.0,27.2,7.7,15.15,86.3,6.96,871.0,ragi,alluvial soil
76.0,46.5,61.6,25.12,63.98,5.73,881.7,maize,red soil
72.5,52.4,23.4,29.01,65.29,4.59,1717.3,wheat,alluvial soil
116.7,64.3,78.9,22.28,59.56,6.8,622.6,grapes,red soil
93.3,64.6,88.7,33.42,50.72,6.63,547.1,pomegranate,red soil
21.8,40.6,31.3,27.57,61.5,6.69,621.3,groundnut,red soil
87.5,65.2,67.9,33.4,55.2,6.79,516.6,pomegranate,red soil
48.6,37.1,44.4,27.49,61.86,6.89,560.3,jowar,black soil
20.2,36.4,45.1,32.65,58.51,7.48,747.8,groundnut,alluvial soil
60.2,35.2,49.5,20.41,61.9,6.65,743.8,ragi,red soil
19.7,27.7,28.4,30.71,64.81,6.98,749.8,greengram,alluvial soil
57.4,28.5,34.1,18.0,47.59,6.64,550.6,safflower,red soil
48.4,39.0,30.8,28.98,47.83,6.52,659.6,jowar,red soil
45.0,29.7,38.6,32.72,41.18,7.79,553.2,bajra,red soil
15.2,27.8,24.4,23.77,57.66,7.43,543.6,lentil,black soil
50.4,54.4,94.7,33.99,38.88,8.79,1308.5,blackgram,red soil
77.6,4.0,73.6,19.07,21.65,7.06,408.2,jowar,alluvial soil
98.3,39.1,63.7,29.53,72.24,6.45,775.9,chilli,black soil
94.6,56.7,74.2,26.97,67.42,7.17,624.7,grapes,black soil
81.6,53.5,61.7,27.75,64.81,6.07,747.3,chilli,black soil
56.4,35.3,35.2,17.28,51.16,7.61,482.8,safflower,red soil
87.0,43.2,54.2,32.26,68.32,7.49,590.1,cotton,red soil
138.7,26.0,54.8,35.86,52.24,4.9,1422.1,sugarcane,red soil
35.0,28.0,38.0,26.78,41.75,7.93,447.2,bajra,red soil
54.9,28.3,34.7,16.61,42.07,7.11,567.3,safflower,red soil
35.0,40.1,30.3,25.8,53.15,7.24,703.3,pigeonpeas,red soil
42.5,23.4,31.9,30.32,50.7,7.11,469.8,bajra,alluvial soil
52.0,35.6,43.2,29.26,51.34,8.13,552.3,jowar,black soil
36.7,34.2,37.2,34.61,55.05,6.18,628.8,bajra,alluvial soil
82.4,45.2,54.0,33.86,66.02,7.22,784.2,cotton,black soil
22.7,20.2,16.9,31.19,54.11,6.21,700.5,blackgram,black soil
22.8,74.1,72.6,41.55,77.14,7.53,451.0,chickpea,alluvial soil
130.8,61.3,75.9,25.57,63.91,6.75,1482.5,sugarcane,black soil
55.9,34.7,49.7,29.18,63.09,7.22,638.2,ragi,red soil
44.8,21.9,32.0,30.64,49.27,7.43,542.0,bajra,red soil
53.0,41.6,42.0,20.87,59.13,6.69,839.0,ragi,laterite soil
44.1,40.5,27.6,23.23,73.15,6.28,642.9,soybean,alluvial soil
51.8,36.3,55.9,26.2,51.72,8.75,2265.3,grapes,alluvial soil
22.4,30.7,18.7,26.57,61.09,6.29,657.8,blackgram,black soil
57.8,30.4,36.6,25.49,57.99,6.18,980.6,ragi,red soil
59.4,31.7,31.4,29.9,45.73,8.46,514.5,jowar,red soil
43.3,26.0,41.8,15.79,52.7,7.79,471.3,safflower,red soil
60.4,53.3,51.7,25.43,64.47,7.21,779.5,cotton,red soil
27.9,33.6,28.1,34.45,63.36,7.45,538.6,greengram,alluvial soil
89.6,15.8,42.9,33.95,74.25,8.19,2001.7,bajra,black soil
34.2,32.0,89.2,30.23,56.01,8.16,2499.6,blackgram,laterite soil
21.4,32.1,27.2,27.52,47.7,7.33,481.8,lentil,black soil
52.7,34.6,41.6,16.32,41.98,7.14,409.8,safflower,red soil
46.2,31.7,32.7,30.13,50.24,8.48,639.3,jowar,red soil
30.7,48.5,30.8,23.55,78.21,6.01,775.2,soybean,alluvial soil
93.8,44.4,52.2,27.04,68.4,6.01,737.7,chilli,red soil
51.9,41.7,49.2,28.79,64.24,6.24,713.6,ragi,red soil
50.7,33.9,44.5,18.48,49.98,7.3,504.3,safflower,black soil
26.3,23.0,28.5,28.44,54.68,7.35,540.7,greengram,alluvial soil
93.7,44.3,58.1,28.95,56.03,6.19,825.2,maize,alluvial soil
101.4,61.3,73.6,21.67,64.71,6.3,898.2,tomato,alluvial soil
30.5,34.9,41.0,26.51,60.85,7.11,775.7,groundnut,alluvial soil
59.1,38.1,48.4,21.33,58.36,5.63,989.9,ragi,laterite soil
97.3,67.3,72.8,22.49,61.26,7.43,795.6,grapes,black soil
114.8,60.4,97.2,26.54,68.68,6.59,698.6,grapes,black soil
61.5,42.4,49.0,16.55,50.69,6.31,472.5,wheat,alluvial soil
50.6,28.4,42.4,20.62,41.33,7.12,524.4,safflower,red soil
109.3,61.6,83.0,27.04,80.51,7.29,1845.9,sugarcane,black soil
42.5,38.7,27.4,24.42,66.48,7.07,975.3,soybean,black soil
51.1,47.9,46.7,24.96,44.1,6.63,750.1,sunflower,red soil
119.1,66.8,82.0,28.94,56.82,6.85,619.6,grapes,black soil
62.6,38.2,40.0,24.46,52.58,5.85,807.1,ragi,laterite soil
66.5,42.4,48.4,30.14,67.55,7.43,907.6,cotton,black soil
88.3,43.0,53.2,26.81,64.16,7.4,709.3,chilli,black soil
47.0,27.1,42.7,27.62,60.98,7.07,478.8,jowar,black soil
114.0,67.8,89.0,27.2,60.06,7.17,808.9,grapes,red soil
28.2,31.0,25.9,23.83,49.19,7.88,430.2,chickpea,red soil
23.3,31.6,19.0,26.25,64.52,6.62,712.4,blackgram,black soil
73.4,45.9,40.7,21.77,56.23,7.3,547.8,wheat,black soil
51.5,41.9,37.2,26.02,52.43,7.45,791.0,ragi,laterite soil
23.6,26.5,22.5,19.42,63.67,6.04,561.3,lentil,black soil
76.5,49.6,58.6,33.32,60.63,7.03,910.1,cotton,red soil
77.1,43.3,46.4,26.91,72.89,5.7,921.9,maize,red soil
82.2,42.2,50.9,30.3,55.38,6.74,773.5,chilli,red soil
72.8,22.0,99.8,23.2,80.48,9.48,1034.2,onion,red soil
85.7,54.7,66.3,26.57,50.58,7.06,514.0,pomegranate,red soil
64.0,41.2,21.2,37.54,87.13,5.46,1906.7,pomegranate,laterite soil
58.0,29.6,38.5,21.56,46.66,7.22,576.2,safflower,red soil
66.1,75.7,42.5,30.61,81.51,7.51,1133.6,maize,alluvial soil
94.0,50.6,54.5,26.07,74.84,6.78,943.2,onion,black soil
27.5,29.9,23.7,34.4,63.37,6.17,602.6,blackgram,red soil
116.7,54.4,59.3,29.98,77.92,6.06,872.2,tomato,red soil
52.7,13.1,36.3,27.15,45.75,6.13,2345.9,wheat,alluvial soil
33.3,37.3,25.3,34.2,55.84,7.95,695.0,pigeonpeas,black soil
109.4,47.7,54.5,18.4,55.52,7.3,794.5,onion,black soil
36.2,42.6,27.8,24.74,71.8,7.31,616.8,soybean,black soil
103.4,52.0,87.1,27.21,64.55,7.2,606.2,grapes,black soil
64.4,31.7,47.0,28.24,58.92,7.43,784.4,sunflower,alluvial soil
18.6,34.8,26.7,22.36,55.55,7.32,544.3,lentil,black soil
98.3,49.1,66.0,26.38,63.25,6.09,613.5,onion,black soil
77.1,47.0,53.1,26.35,66.34,6.47,941.1,chilli,red soil
25.1,30.2,20.5,33.83,50.48,6.29,776.4,blackgram,black soil
89.0,43.6,47.5,29.33,68.61,7.55,526.0,cotton,black soil
48.2,35.3,35.1,22.13,73.31,7.41,719.3,soybean,black soil
82.7,36.6,61.6,23.04,57.56,6.12,919.0,chilli,red soil
105.3,61.8,98.4,29.94,52.23,6.58,649.9,grapes,red soil
61.3,21.9,9.6,21.08,52.7,8.29,2150.2,bajra,laterite soil
112.1,68.3,73.2,27.71,78.42,7.33,1202.0,sugarcane,alluvial soil
26.9,27.7,24.7,25.19,53.54,6.33,783.4,blackgram,black soil
20.6,57.0,69.1,29.4,89.94,9.4,2042.6,maize,laterite soil
75.9,49.2,62.6,26.35,58.51,6.26,996.1,maize,black soil
117.8,63.9,85.5,21.46,63.48,6.53,742.9,grapes,red soil
9.7,67.5,68.7,32.14,87.25,5.96,1875.9,wheat,red soil
49.8,37.0,38.2,29.92,73.34,6.18,880.7,soybean,black soil
111.9,10.5,35.0,43.97,93.59,6.46,1601.5,sugarcane,black soil
28.9,32.9,24.0,30.16,56.37,7.11,645.9,blackgram,red soil
44.0,21.8,31.1,30.01,53.08,7.76,575.5,bajra,alluvial soil
21.0,30.1,28.6,26.83,64.43,7.45,474.5,lentil,black soil
5.5,44.6,56.0,39.03,69.54,7.31,1841.6,grapes,alluvial soil
23.1,30.1,23.5,27.78,50.46,6.73,572.0,greengram,alluvial soil
76.3,58.4,62.2,42.53,70.38,4.79,1749.0,chickpea,laterite soil
91.5,50.3,75.1,24.39,46.56,8.98,2379.2,ragi,red soil
43.9,27.5,33.6,27.73,56.92,8.27,511.9,jowar,black soil
37.6,41.2,40.1,24.19,66.84,7.09,888.0,soybean,black soil
88.5,51.2,59.8,34.56,53.31,6.89,816.1,cotton,black soil
25.0,32.8,21.7,27.0,61.53,6.58,571.3,lentil,black soil
47.9,42.2,45.3,21.4,63.95,5.53,720.8,ragi,red soil
24.8,29.3,15.6,34.09,61.46,7.33,581.2,blackgram,red soil
63.8,47.4,51.3,16.28,56.5,6.62,582.6,wheat,alluvial soil
79.2,50.6,51.4,29.37,71.44,6.49,923.1,chilli,red soil
21.5,38.4,20.2,28.0,47.11,6.6,518.8,chickpea,red soil
121.6,64.4,80.4,25.14,74.02,7.15,1735.3,sugarcane,black soil
129.2,1.2,85.2,15.66,75.16,8.81,1593.6,cotton,laterite soil
119.1,47.0,74.0,28.83,79.7,6.58,891.9,tomato,alluvial soil
52.9,25.0,42.9,15.33,53.1,7.11,447.2,safflower,red soil
25.7,29.0,25.4,33.51,55.14,6.44,763.9,blackgram,black soil
139.0,10.7,48.5,20.34,47.86,5.53,2346.0,pomegranate,laterite soil
21.5,28.8,28.2,19.56,58.56,6.79,454.1,lentil,black soil
108.0,22.1,10.9,39.87,58.63,5.72,733.5,sunflower,black soil
47.5,31.6,34.5,18.29,50.11,6.6,612.5,safflower,black soil
18.1,20.8,26.7,28.68,69.59,6.17,550.2,blackgram,black soil
93.6,54.8,62.0,20.61,64.32,6.7,752.3,tomato,alluvial soil
105.6,53.8,53.5,21.13,59.73,6.81,921.6,onion,red soil
17.3,30.5,21.7,31.76,53.22,6.94,534.7,blackgram,red soil
94.3,24.5,33.5,30.22,68.25,9.42,231.3,soybean,laterite soil
28.4,27.7,34.2,28.53,68.78,6.73,875.8,groundnut,red soil
95.6,68.5,7.4,26.55,58.2,8.51,2269.1,pomegranate,alluvial soil
82.1,67.3,67.4,31.38,50.06,6.95,684.4,pomegranate,red soil
50.9,60.6,38.8,27.51,49.92,8.13,2281.6,ragi,alluvial soil
76.4,47.2,63.9,22.44,65.44,6.14,615.7,maize,red soil
53.6,41.2,45.4,22.04,58.15,7.09,604.4,sunflower,alluvial soil
37.3,34.9,33.2,27.73,48.38,7.21,412.8,bajra,alluvial soil
130.9,60.9,79.7,28.49,70.08,7.36,1819.1,sugarcane,alluvial soil
36.1,36.0,37.8,32.77,51.18,7.81,792.6,pigeonpeas,red soil
75.1,49.2,57.8,23.71,73.6,6.15,815.2,maize,alluvial soil
28.0,38.2,84.5,39.08,28.94,7.8,2397.0,sunflower,laterite soil
49.3,30.1,35.7,21.07,53.33,7.37,839.2,ragi,red soil
101.0,63.7,87.2,29.0,52.62,7.36,722.2,grapes,black soil
42.9,20.2,31.4,34.73,48.04,7.42,431.3,bajra,alluvial soil
26.8,31.1,30.6,20.52,56.91,7.29,536.3,chickpea,red soil
55.2,31.4,41.5,29.21,58.4,7.37,679.5,jowar,red soil
12.2,34.6,53.3,14.89,46.66,7.43,1933.5,tomato,laterite soil
90.7,56.3,64.3,28.36,67.32,6.27,837.2,tomato,red soil
57.7,47.8,38.8,25.62,51.89,6.51,790.4,sunflower,red soil
102.3,57.5,84.4,25.71,43.01,6.6,531.7,pomegranate,red soil
26.2,39.4,30.0,26.58,55.89,6.04,508.5,chickpea,red soil
123.1,63.6,98.5,40.89,65.05,9.46,1240.5,chickpea,red soil
15.7,30.8,29.6,26.56,49.36,7.48,442.5,lentil,alluvial soil
94.0,48.0,63.5,29.05,55.38,7.27,911.3,chilli,black soil
25.6,44.5,47.5,26.04,62.47,6.05,834.0,groundnut,alluvial soil
21.2,24.7,24.2,27.29,51.6,7.02,514.7,greengram,alluvial soil
33.7,26.5,86.8,32.48,84.81,4.55,435.5,jowar,red soil
74.5,42.0,40.2,24.13,58.64,7.17,632.3,wheat,black soil
45.1,36.4,42.2,25.01,71.48,7.3,993.4,soybean,alluvial soil
48.0,33.5,43.4,31.93,59.8,6.74,606.3,jowar,black soil
63.1,15.1,6.0,32.26,35.52,6.04,1207.5,greengram,alluvial soil
138.3,0.0,10.2,40.72,45.78,5.3,1748.8,soybean,laterite soil
54.0,34.1,25.6,28.29,57.71,7.87,516.0,bajra,red soil
112.0,65.8,91.8,20.85,54.45,6.99,826.5,grapes,red soil
85.6,46.4,45.5,28.87,53.42,7.62,803.9,cotton,red soil
50.6,22.2,37.1,31.96,46.44,6.37,526.7,bajra,alluvial soil
86.7,48.5,66.3,18.28,57.2,6.25,933.6,onion,red soil
95.0,50.2,63.6,26.28,70.86,6.58,612.4,tomato,red soil
66.5,41.4,52.5,24.84,52.2,6.97,495.4,wheat,black soil
18.9,74.5,70.3,25.95,49.21,5.68,2249.5,sugarcane,laterite soil
74.1,53.2,9.6,31.8,51.46,5.36,954.3,ragi,alluvial soil
60.4,10.7,43.3,27.08,64.47,7.66,1178.6,chilli,red soil
17.9,34.5,20.1,29.84,57.49,6.04,740.7,blackgram,red soil
108.0,46.8,65.4,20.88,64.58,6.98,646.3,onion,red soil
43.2,26.2,44.4,18.76,36.47,6.94,479.1,safflower,black soil
62.0,51.6,57.0,25.53,66.25,6.65,566.5,cotton,red soil
86.2,54.8,64.0,23.8,70.33,6.78,908.9,chilli,black soil
70.6,40.3,52.0,22.33,53.0,7.33,576.5,wheat,black soil
21.5,25.3,20.1,21.85,56.55,7.14,571.1,lentil,alluvial soil
48.1,23.2,25.6,29.62,45.16,7.12,579.4,bajra,alluvial soil
34.8,42.3,30.7,25.79,51.74,6.2,704.7,groundnut,alluvial soil
100.5,64.9,72.3,32.63,56.88,6.89,748.1,pomegranate,red soil
36.5,43.0,40.0,27.45,74.11,6.96,668.8,soybean,black soil
69.8,33.0,43.9,17.83,73.71,9.06,1801.8,pigeonpeas,alluvial soil
51.3,38.3,49.2,24.26,53.45,6.42,850.2,ragi,red soil
22.7,33.4,27.2,26.21,48.85,7.12,402.7,chickpea,black soil
27.1,28.0,17.9,31.39,58.07,6.47,699.5,blackgram,red soil
85.5,44.7,30.1,25.62,90.25,8.37,2069.2,maize,black soil
69.0,45.2,53.0,20.34,51.98,7.64,776.2,sunflower,black soil
52.0,59.1,38.4,16.58,33.93,6.66,642.4,ragi,red soil
28.8,27.6,20.2,26.78,51.53,7.14,546.8,greengram,black soil
95.2,45.8,60.9,24.12,65.11,6.75,773.8,maize,alluvial soil
18.7,32.1,24.8,26.62,52.57,7.26,565.9,lentil,black soil
52.2,31.0,33.0,17.71,37.46,7.0,545.2,safflower,red soil
47.8,42.1,45.8,28.02,52.63,6.33,873.2,ragi,red soil
115.5,41.3,60.2,27.4,41.76,5.21,1743.5,onion,red soil
18.4,33.5,22.9,18.24,53.06,6.77,509.7,lentil,black soil
33.2,33.7,32.6,21.36,55.46,6.56,536.5,chickpea,black soil
65.3,35.9,42.1,25.61,46.29,7.21,540.7,sunflower,black soil
93.7,45.7,89.3,19.53,60.74,6.03,1589.6,tomato,alluvial soil
92.1,69.4,77.4,26.97,47.39,7.02,535.5,pomegranate,black soil
16.7,43.1,25.1,14.62,58.04,8.94,1612.0,cotton,alluvial soil
101.7,54.8,70.0,25.83,47.4,6.5,588.1,pomegranate,black soil
117.9,22.0,11.5,34.87,25.15,5.89,289.8,safflower,laterite soil
138.1,10.3,11.8,44.79,88.13,4.92,415.7,lentil,laterite soil
15.9,13.8,9.8,24.05,56.48,6.27,1004.5,wheat,red soil
139.2,57.7,95.2,17.83,49.61,8.43,1510.8,safflower,laterite soil
51.7,26.2,32.5,30.36,46.13,7.56,569.4,jowar,red soil
45.5,24.5,97.6,21.48,93.29,5.37,1650.6,bajra,red soil
84.0,62.1,89.4,25.11,58.22,6.77,709.7,pomegranate,black soil
93.5,46.1,64.3,25.13,64.6,6.41,677.1,chilli,red soil
2.3,40.6,7.8,39.75,37.0,8.83,1209.0,grapes,alluvial soil
31.3,34.6,38.5,30.58,61.36,7.88,609.9,pigeonpeas,red soil
60.6,41.5,52.8,16.31,62.8,6.07,510.8,wheat,black soil
132.9,50.3,71.0,33.03,62.17,6.71,1360.7,sugarcane,alluvial soil
18.0,17.4,42.4,11.1,42.75,8.05,1547.9,tomato,laterite soil
115.1,34.6,29.0,34.14,48.12,7.08,1440.8,sugarcane,red soil
24.3,29.5,17.8,27.86,67.09,6.21,648.5,blackgram,black soil
36.4,32.2,44.0,29.37,64.99,6.84,762.5,groundnut,alluvial soil
86.4,43.0,64.3,20.96,55.84,7.34,698.5,onion,red soil
120.9,65.7,80.2,28.9,80.67,6.56,1241.8,sugarcane,black soil
50.7,28.6,32.9,19.78,47.31,7.44,474.8,safflower,black soil
107.1,52.9,95.8,41.46,36.43,4.81,1571.2,sugarcane,black soil
84.0,46.4,62.8,22.9,58.22,7.37,806.5,chilli,black soil
19.3,25.3,22.8,21.74,55.52,6.29,590.3,lentil,black soil
109.4,55.1,55.5,24.08,73.63,6.35,663.1,onion,black soil
82.7,49.6,52.4,32.58,55.86,6.3,800.7,cotton,black soil
36.1,32.1,31.7,26.37,61.84,6.86,962.8,soybean,black soil
93.7,54.6,63.8,21.24,75.36,6.38,790.4,tomato,red soil
85.3,55.9,52.2,22.9,69.5,6.83,796.6,onion,alluvial soil
55.9,3.8,0.3,30.63,34.19,7.99,2061.0,safflower,black soil
29.7,64.6,69.1,26.78,69.24,6.3,1568.6,pigeonpeas,laterite soil
75.7,37.6,51.0,20.54,62.58,6.11,497.8,wheat,alluvial soil
81.2,54.0,55.7,29.04,68.31,5.62,765.8,maize,black soil
16.8,31.4,20.7,31.68,59.68,7.18,700.4,greengram,black soil
37.6,45.6,41.6,29.93,64.09,7.23,950.5,soybean,alluvial soil
104.4,46.5,53.5,26.04,60.32,6.17,880.4,onion,black soil
1.5,28.1,74.7,37.82,63.81,8.32,1994.8,sunflower,alluvial soil
59.4,39.1,41.3,28.37,52.32,6.63,625.6,jowar,black soil
72.3,43.6,46.2,22.03,52.71,6.84,456.4,wheat,black soil
112.7,57.2,67.7,25.46,71.22,6.6,1975.7,sugarcane,black soil
111.5,69.0,91.1,23.55,51.87,7.48,620.8,grapes,black soil
25.8,35.1,30.1,28.79,56.57,7.18,500.0,chickpea,red soil
76.1,46.1,46.4,27.47,57.93,6.82,974.2,cotton,red soil
43.3,44.8,30.6,22.49,68.6,6.57,601.1,soybean,alluvial soil
50.0,67.0,82.7,12.43,31.94,5.26,1189.3,lentil,alluvial soil
18.5,25.7,26.6,19.51,47.87,6.9,581.7,lentil,black soil
86.0,12.4,66.2,14.47,41.49,9.21,1574.2,groundnut,laterite soil
31.1,76.2,26.7,17.82,42.83,6.29,424.5,sugarcane,laterite soil
135.6,62.3,67.9,27.52,78.4,7.05,1888.8,sugarcane,alluvial soil
104.6,58.7,81.3,21.61,55.28,6.56,777.9,grapes,red soil
28.7,31.2,23.8,29.76,60.31,6.96,733.6,greengram,alluvial soil
31.9,27.5,42.4,29.17,65.25,6.15,522.2,groundnut,red soil
53.5,31.8,44.1,29.38,54.61,7.52,620.7,jowar,black soil
52.0,37.1,35.9,30.51,63.37,8.02,466.5,jowar,red soil
62.9,34.4,37.1,25.95,63.86,7.23,650.2,ragi,red soil
87.6,69.4,87.8,29.42,47.3,7.26,798.9,pomegranate,black soil
47.2,29.2,34.5,17.72,44.42,7.43,632.2,safflower,black soil
100.0,53.2,93.1,25.42,52.23,7.43,890.8,grapes,black soil
33.8,39.6,38.8,25.98,46.44,6.77,617.3,pigeonpeas,red soil
104.8,56.1,61.8,21.77,64.76,6.24,621.6,onion,black soil
19.5,34.0,26.0,33.43,57.25,6.53,546.7,blackgram,red soil
51.9,27.8,32.1,17.97,46.55,6.78,613.1,safflower,black soil
43.9,21.2,33.6,32.69,58.07,7.29,433.6,bajra,alluvial soil
27.4,27.7,34.5,29.33,44.02,6.45,600.8,chickpea,red soil
22.8,37.4,31.9,25.94,59.06,7.09,481.4,chickpea,red soil
96.0,41.8,55.0,24.35,60.29,6.9,688.4,chilli,black soil
54.6,20.4,34.6,32.03,47.01,6.23,444.6,bajra,red soil
114.0,57.7,81.6,22.27,69.17,7.35,897.8,grapes,red soil
25.1,26.2,23.2,27.93,58.13,7.1,575.3,greengram,alluvial soil
90.1,63.6,67.9,27.44,65.52,6.02,763.0,tomato,alluvial soil
76.0,39.3,40.4,34.97,59.31,7.1,767.4,cotton,black soil
41.0,34.0,36.4,29.3,59.62,8.24,513.1,jowar,black soil
78.2,36.7,61.3,29.52,62.72,6.65,947.5,chilli,red soil
59.0,25.7,37.2,31.67,51.39,8.03,568.8,jowar,black soil
53.1,22.4,73.6,29.98,35.7,8.43,2094.8,maize,alluvial soil
126.2,54.3,61.5,33.45,78.41,6.99,1712.6,sugarcane,alluvial soil
27.8,39.3,25.5,29.83,49.57,6.79,736.5,pigeonpeas,red soil
42.0,36.4,40.5,27.94,79.34,7.34,824.3,soybean,black soil
88.7,13.5,67.4,26.42,89.14,7.18,367.3,jowar,black soil
88.5,47.2,50.7,23.42,56.39,6.47,604.7,maize,black soil
58.4,1.2,38.1,29.44,25.99,9.23,833.9,onion,red soil
37.3,30.3,40.6,27.09,68.23,7.45,800.0,groundnut,alluvial soil
73.6,77.8,89.4,25.99,73.23,5.3,1655.3,ragi,red soil
60.2,47.5,45.8,21.54,60.87,6.95,459.8,wheat,black soil
42.8,43.6,30.5,26.75,63.88,6.73,950.3,soybean,black soil
49.7,39.1,41.4,18.43,45.92,7.29,455.9,safflower,black soil
117.5,62.2,97.0,25.05,66.77,6.51,678.6,grapes,black soil
67.8,40.9,49.4,24.8,44.4,7.44,784.1,sunflower,alluvial soil
78.2,49.1,49.2,23.77,57.14,6.45,695.6,maize,red soil
25.7,35.9,25.6,34.08,56.53,7.65,889.1,pigeonpeas,red soil
61.7,42.6,48.2,27.19,61.1,7.02,605.9,ragi,laterite soil
20.2,35.5,30.7,28.97,61.76,7.07,770.2,groundnut,alluvial soil
51.6,34.9,32.0,28.79,57.18,6.11,634.9,bajra,red soil
118.9,68.2,93.7,29.75,55.83,6.85,602.8,grapes,black soil
90.1,54.7,97.3,43.0,40.19,8.52,904.7,grapes,red soil
58.2,38.8,30.8,20.69,54.96,7.17,555.3,safflower,black soil
58.3,15.8,60.4,35.76,32.55,5.61,338.7,jowar,black soil
55.8,27.6,34.7,23.2,39.04,6.63,648.3,safflower,black soil
124.6,15.1,13.2,34.81,28.15,4.91,906.2,grapes,laterite soil
102.3,51.7,61.5,25.58,69.63,6.09,926.1,tomato,red soil
118.4,60.3,91.4,25.73,62.24,6.8,634.6,grapes,black soil
76.5,49.1,40.5,23.81,55.46,6.25,467.3,wheat,black soil
55.4,30.6,37.5,20.13,53.62,7.13,539.3,sunflower,alluvial soil
139.8,42.7,58.8,31.97,25.85,7.19,2063.1,pomegranate,red soil
20.7,28.8,29.4,24.63,53.68,6.9,551.8,lentil,alluvial soil
28.9,33.3,23.5,34.47,54.15,6.89,578.7,greengram,black soil
41.9,65.5,53.3,17.29,72.69,8.9,1418.7,maize,laterite soil
101.3,62.1,60.1,28.86,54.5,6.87,646.9,pomegranate,black soil
42.3,33.6,30.7,28.15,63.31,8.41,551.0,jowar,black soil
33.8,39.2,25.9,20.25,49.16,6.97,628.1,chickpea,black soil
23.9,25.6,40.9,26.77,62.96,6.64,576.0,groundnut,alluvial soil
37.1,31.1,42.5,29.13,70.62,6.92,616.0,soybean,black soil
34.1,39.4,34.5,28.66,40.27,6.41,574.8,chickpea,red soil
30.7,31.5,32.3,30.67,67.63,6.62,655.2,pigeonpeas,red soil
117.0,48.4,58.8,24.51,76.8,6.56,915.1,tomato,alluvial soil
26.3,26.7,31.2,29.97,47.09,6.55,486.2,chickpea,black soil
46.2,43.3,42.3,21.54,53.18,6.0,792.4,ragi,laterite soil
25.0,29.3,23.4,25.37,59.7,6.17,581.4,lentil,black soil
95.1,34.8,94.5,11.79,87.46,6.57,1559.6,lentil,black soil
19.6,26.5,20.5,22.99,48.67,6.68,401.9,lentil,alluvial soil
75.1,58.1,63.8,29.12,67.83,7.21,751.5,maize,red soil
18.4,32.8,23.3,21.03,52.97,6.56,543.8,lentil,black soil
23.2,25.2,28.5,30.86,65.69,6.71,717.4,blackgram,red soil
32.6,40.0,35.8,23.75,68.94,6.93,712.7,pigeonpeas,black soil
15.7,28.9,21.2,19.79,49.57,7.22,425.8,lentil,alluvial soil
52.9,22.4,34.9,34.36,53.87,7.22,576.8,bajra,red soil
88.8,40.4,50.5,30.08,59.32,6.52,997.4,chilli,black soil
83.1,76.3,38.4,17.15,63.72,9.03,1544.5,onion,black soil
83.3,22.0,33.9,31.3,52.63,8.94,1821.9,tomato,alluvial soil
34.1,34.1,43.0,26.41,65.51,6.82,779.8,soybean,black soil
94.7,37.3,52.1,21.86,59.4,4.96,702.9,soybean,laterite soil
101.6,67.3,51.7,16.29,31.86,9.28,835.7,ragi,red soil
117.8,68.6,90.3,23.14,63.06,6.82,732.4,grapes,black soil
98.7,45.7,53.9,27.06,66.39,5.62,822.4,maize,red soil
20.7,30.1,20.7,25.23,61.15,6.45,543.6,blackgram,black soil
67.6,32.6,49.5,20.88,47.4,7.46,588.2,sunflower,red soil
41.7,19.2,31.7,29.83,84.97,4.84,1933.1,chilli,red soil
113.5,47.5,68.3,27.52,66.14,6.58,895.4,tomato,alluvial soil
52.5,33.3,39.8,18.97,47.93,6.56,642.2,safflower,black soil
13.9,30.2,66.2,19.11,45.45,8.2,689.3,ragi,alluvial soil
26.0,35.6,33.9,29.3,58.05,6.36,519.9,chickpea,red soil
67.4,44.9,58.5,25.27,60.46,6.18,639.5,cotton,red soil
46.6,28.7,32.0,27.1,52.73,7.57,456.8,bajra,alluvial soil
36.1,29.5,49.9,25.32,58.53,6.13,563.5,groundnut,red soil
61.4,39.7,57.5,27.42,68.42,6.94,673.9,cotton,black soil
101.8,78.2,9.6,11.98,72.69,5.55,1039.9,ragi,alluvial soil
114.5,56.8,77.1,28.0,61.32,7.04,871.1,grapes,black soil
61.7,11.6,27.4,42.56,20.17,7.78,820.9,jowar,red soil
94.2,54.6,70.5,23.35,64.67,6.18,961.9,tomato,alluvial soil
8.8,44.2,6.4,15.15,47.34,5.21,1042.0,tomato,alluvial soil
64.3,45.3,39.4,23.19,48.24,6.64,762.2,sunflower,black soil
98.3,59.4,84.1,22.72,64.11,7.05,694.6,grapes,red soil
90.1,63.3,71.7,30.52,44.15,6.57,685.6,pomegranate,red soil
32.8,33.6,31.0,27.7,58.49,7.97,564.3,chickpea,red soil
102.4,69.9,64.8,25.57,43.99,7.12,582.0,pomegranate,red soil
81.2,39.5,60.7,30.16,61.02,6.05,803.8,chilli,red soil
102.8,32.2,12.3,26.36,40.74,8.87,848.1,pigeonpeas,black soil
95.4,23.3,85.6,11.58,66.77,8.64,1616.7,sunflower,alluvial soil
39.9,31.7,25.4,24.39,61.3,6.7,735.1,soybean,alluvial soil
93.1,53.9,95.0,27.85,55.12,6.61,720.7,grapes,red soil
43.2,27.3,26.1,29.74,49.64,7.43,400.3,bajra,alluvial soil
59.8,48.1,40.6,29.38,47.06,6.78,598.6,sunflower,red soil
112.1,56.3,59.9,20.29,75.75,6.08,846.7,tomato,red soil
72.6,48.3,42.9,30.77,68.4,6.3,824.5,cotton,red soil
27.6,29.1,25.3,27.83,46.27,6.34,590.8,chickpea,red soil
23.1,40.7,41.9,31.2,56.77,7.01,620.7,groundnut,alluvial soil
107.7,45.1,50.8,27.18,56.19,6.6,845.2,onion,red soil
51.4,27.5,34.8,17.79,36.54,7.32,571.0,safflower,black soil
101.5,54.4,62.3,21.09,57.04,7.0,989.1,onion,red soil
27.2,20.6,24.7,33.69,53.12,6.76,535.0,greengram,alluvial soil
132.8,40.5,57.9,24.11,35.13,8.28,486.6,blackgram,laterite soil
41.4,26.6,33.5,32.35,42.26,6.25,466.9,bajra,alluvial soil
47.2,38.1,38.6,25.65,63.42,7.59,461.7,jowar,red soil
28.9,37.3,26.6,22.37,51.44,6.34,406.3,chickpea,red soil
81.0,45.9,60.2,27.94,73.05,7.1,767.8,chilli,red soil
33.8,31.4,20.8,27.58,45.31,6.4,537.6,chickpea,red soil
43.0,48.1,19.9,14.97,21.11,5.62,1311.5,ragi,red soil
82.8,7.1,65.8,20.1,75.81,4.66,931.8,onion,red soil
92.2,62.0,70.7,26.95,66.05,6.86,789.5,tomato,red soil
105.1,42.4,64.2,21.26,69.19,6.88,745.7,onion,red soil
37.4,22.2,28.8,26.85,44.26,6.34,630.7,bajra,alluvial soil
32.5,41.8,49.4,29.58,69.75,7.13,634.4,groundnut,alluvial soil
82.3,61.5,82.1,27.6,59.67,6.71,749.2,pomegranate,red soil
19.0,30.6,26.1,29.53,56.47,7.35,623.5,greengram,black soil
127.9,25.4,11.3,35.63,88.94,5.37,1364.5,lentil,red soil
25.0,40.0,39.0,31.56,63.81,7.68,812.6,pigeonpeas,black soil
108.1,56.2,86.3,29.56,51.96,7.24,788.8,grapes,red soil
70.2,37.1,48.1,16.73,64.77,6.82,646.9,wheat,black soil
74.7,44.9,55.6,29.84,55.77,6.64,934.8,chilli,red soil
28.1,31.8,21.5,26.5,57.59,7.36,580.1,chickpea,red soil
26.5,20.7,24.9,30.86,51.54,7.31,745.6,greengram,alluvial soil
39.1,32.8,37.7,34.21,66.0,7.21,816.8,pigeonpeas,black soil
116.8,61.6,81.4,22.17,63.68,7.27,769.6,grapes,black soil
55.7,28.7,33.7,26.84,55.31,6.76,507.6,jowar,black soil
59.9,38.6,38.8,26.88,60.9,6.52,647.3,jowar,red soil
34.9,36.6,25.1,22.15,72.17,6.68,675.7,soybean,black soil
76.0,46.0,53.2,16.68,55.42,6.72,546.4,wheat,alluvial soil
43.0,33.1,30.7,18.02,54.6,6.63,575.4,safflower,black soil
122.6,1.8,70.4,41.48,42.6,6.69,1130.2,onion,red soil
105.9,51.4,63.2,28.3,75.9,7.22,1430.2,sugarcane,black soil
58.1,35.5,44.8,27.01,53.3,8.49,524.7,jowar,black soil
83.1,57.7,7.3,40.15,75.29,6.78,1226.1,groundnut,red soil
52.5,36.6,31.2,28.3,63.34,8.22,696.6,jowar,black soil
100.1,56.8,85.1,30.59,47.69,7.5,541.3,pomegranate,red soil
16.7,22.6,20.5,29.82,62.33,6.17,627.6,blackgram,red soil
23.3,29.3,21.7,26.75,58.95,6.32,511.4,lentil,black soil
116.9,61.6,84.1,28.16,78.23,7.02,1494.1,sugarcane,alluvial soil
41.9,37.6,40.6,22.2,54.57,6.87,450.1,safflower,black soil
109.4,69.0,30.7,25.16,80.78,6.28,1001.0,groundnut,red soil
18.9,4.7,39.1,27.13,86.67,9.16,966.3,pigeonpeas,black soil
30.9,32.6,37.7,34.61,62.38,7.83,843.4,pigeonpeas,black soil
20.6,76.8,67.8,11.29,79.38,7.54,660.5,blackgram,alluvial soil
85.3,69.7,76.4,32.29,48.04,7.35,617.0,pomegranate,black soil
113.3,65.6,69.2,30.75,79.31,6.51,1804.4,sugarcane,alluvial soil
16.3,33.2,29.5,26.77,46.4,6.96,563.1,lentil,alluvial soil
64.4,43.4,47.9,27.97,69.43,5.94,971.8,ragi,laterite soil
102.9,69.3,90.3,29.11,66.42,6.72,802.8,grapes,red soil
86.6,75.0,97.8,23.36,41.51,5.01,1220.5,groundnut,red soil
95.6,55.5,60.6,24.38,61.72,6.29,815.3,tomato,alluvial soil
43.1,25.7,44.1,29.43,60.66,6.76,721.1,jowar,red soil
102.1,52.1,81.9,28.0,69.95,6.92,1623.3,sugarcane,alluvial soil
25.8,30.4,38.6,24.81,57.88,6.74,836.9,pigeonpeas,black soil
80.5,11.7,51.3,22.61,69.49,8.9,2406.6,grapes,alluvial soil
98.4,54.1,66.2,23.27,76.87,6.26,825.3,tomato,red soil
89.2,41.9,57.7,27.38,57.46,5.67,622.6,maize,alluvial soil
133.2,64.3,62.5,36.17,68.86,8.21,968.1,tomato,red soil
87.2,55.5,79.9,32.12,56.06,7.19,605.5,pomegranate,red soil
35.4,33.8,37.4,26.83,54.26,6.65,466.6,bajra,red soil
113.1,63.4,70.1,25.74,62.76,6.97,719.1,tomato,alluvial soil
131.0,54.6,2.5,29.33,48.73,9.19,1946.0,blackgram,red soil
100.2,61.1,97.2,29.29,64.81,6.97,743.7,grapes,black soil
88.1,66.0,61.8,26.77,59.14,6.83,766.5,pomegranate,red soil
61.1,62.5,7.6,12.69,47.91,9.35,1035.4,pigeonpeas,alluvial soil
21.5,34.4,25.4,22.34,55.66,6.37,538.8,lentil,black soil
69.2,51.7,41.2,25.62,58.59,6.29,924.1,cotton,black soil
87.5,53.9,48.3,28.48,51.05,7.26,550.0,cotton,red soil
54.0,31.7,38.6,25.27,45.44,6.73,561.4,sunflower,alluvial soil
36.7,34.5,28.3,26.64,54.4,6.83,780.1,pigeonpeas,red soil
46.0,36.3,44.4,16.91,47.47,7.0,487.7,safflower,red soil
113.1,55.4,95.8,24.35,56.95,7.2,789.1,grapes,black soil
34.7,37.9,39.5,23.28,65.36,7.06,844.4,soybean,alluvial soil
77.9,54.0,56.8,29.16,56.77,8.0,709.3,cotton,red soil
56.7,39.9,40.8,22.83,37.11,7.24,456.0,safflower,red soil
19.2,22.7,15.3,31.7,62.15,6.31,646.5,blackgram,red soil
53.7,32.3,35.4,18.3,45.82,6.91,429.6,safflower,black soil
132.5,52.0,75.7,29.97,63.71,6.93,1351.2,sugarcane,alluvial soil
66.6,41.5,41.8,29.86,49.22,7.49,560.4,sunflower,alluvial soil
20.5,25.5,25.2,33.51,57.7,7.34,607.1,blackgram,black soil
96.2,66.2,63.0,28.28,55.56,6.56,644.8,pomegranate,black soil
83.6,55.1,99.3,12.3,65.57,5.16,555.4,ragi,alluvial soil
24.3,31.6,25.7,27.21,56.19,6.53,728.8,greengram,black soil
59.3,41.3,41.1,28.27,54.71,6.79,638.0,sunflower,black soil
21.9,33.3,48.6,27.56,69.32,6.14,506.9,groundnut,red soil
57.5,38.4,42.2,27.22,45.34,6.88,772.8,sunflower,black soil
112.9,55.1,65.5,25.74,66.9,7.04,1897.8,sugarcane,alluvial soil
120.9,64.7,69.9,31.36,72.01,7.24,1931.8,sugarcane,black soil
23.3,34.2,28.6,26.96,60.71,7.19,598.9,lentil,black soil
32.5,29.2,23.2,10.7,67.79,8.68,1620.4,bajra,alluvial soil
129.6,55.5,80.7,29.51,70.07,6.99,1459.1,sugarcane,black soil
65.6,44.3,42.1,21.34,45.17,7.45,500.2,sunflower,black soil
126.5,5.5,11.8,11.69,53.74,4.56,1979.3,chilli,black soil
107.0,69.4,96.3,24.35,67.4,7.38,804.5,grapes,black soil
16.5,32.2,20.1,32.27,65.51,6.25,692.0,blackgram,black soil
81.3,63.2,80.0,25.95,57.84,7.12,552.3,pomegranate,red soil
89.7,8.4,27.4,32.18,66.46,5.84,1436.3,ragi,alluvial soil
69.0,25.4,9.3,36.21,29.39,8.59,1092.5,blackgram,laterite soil
22.4,21.4,28.4,32.51,52.46,6.8,554.3,greengram,alluvial soil
96.1,68.9,84.4,28.33,48.53,7.27,799.9,pomegranate,black soil
39.0,26.4,82.3,19.52,42.32,7.35,1368.8,blackgram,laterite soil
69.5,45.3,37.3,27.61,42.19,7.91,633.1,sunflower,red soil
23.7,33.7,21.4,23.87,57.88,7.55,574.2,chickpea,red soil
23.5,33.9,16.1,30.21,62.57,6.3,572.6,blackgram,red soil
134.1,68.0,71.6,29.76,81.36,6.57,1225.1,sugarcane,alluvial soil
87.9,53.9,47.0,32.42,50.91,6.24,874.2,cotton,black soil
22.1,32.4,39.4,26.42,55.7,7.01,757.6,groundnut,alluvial soil
45.5,20.6,29.1,33.15,41.98,6.32,516.2,bajra,alluvial soil
57.7,29.5,39.3,19.9,52.27,7.04,512.6,safflower,red soil
85.0,23.4,90.5,41.21,79.36,7.07,1607.5,chickpea,alluvial soil
97.2,59.4,59.1,26.69,72.71,7.27,970.2,onion,red soil
126.9,58.7,70.5,33.1,81.72,7.49,1213.2,sugarcane,alluvial soil
38.4,30.7,28.0,22.24,46.36,7.76,644.8,pigeonpeas,black soil
95.1,60.6,73.4,31.59,42.95,6.52,671.5,pomegranate,black soil
97.1,66.4,78.1,31.12,58.9,7.14,642.3,pomegranate,black soil
133.7,63.2,76.0,29.29,78.79,6.91,1871.3,sugarcane,black soil
75.2,48.4,52.2,27.02,56.6,5.77,737.3,maize,red soil
62.0,41.1,39.8,23.72,56.5,6.27,859.0,ragi,red soil
99.9,18.3,70.2,17.86,57.08,6.85,1872.2,sunflower,alluvial soil
75.1,45.7,64.4,29.35,58.28,6.92,650.3,chilli,black soil
68.9,53.5,53.5,33.44,57.27,6.75,512.1,cotton,red soil
100.6,64.9,62.4,28.91,47.1,6.67,752.1,pomegranate,red soil
106.5,55.2,65.7,28.55,46.87,7.01,607.2,pomegranate,black soil
136.9,55.7,79.6,25.2,69.28,7.42,1703.9,sugarcane,black soil
80.2,22.8,73.0,20.91,86.93,7.37,1026.3,groundnut,black soil
50.3,25.3,37.5,30.04,62.25,8.27,458.1,jowar,red soil
35.6,43.6,37.1,27.83,54.33,6.76,849.0,groundnut,red soil
29.1,33.2,30.1,33.3,49.28,7.87,877.7,pigeonpeas,black soil
100.1,20.4,38.2,21.61,31.08,7.84,1269.0,bajra,alluvial soil
116.2,53.3,95.1,28.21,60.98,7.0,883.6,grapes,red soil
129.6,61.8,40.7,27.98,40.83,7.83,2373.4,ragi,black soil
24.7,30.3,24.8,22.16,51.28,7.14,565.5,chickpea,black soil
55.6,32.0,36.0,27.72,60.68,7.01,693.5,ragi,laterite soil
26.5,31.5,16.7,28.42,66.21,6.86,502.2,blackgram,black soil
63.7,42.6,46.9,33.09,68.62,7.01,741.3,cotton,red soil
36.0,72.7,53.5,10.36,65.85,9.13,2326.3,maize,laterite soil
22.4,27.0,22.8,18.12,56.22,6.21,417.2,lentil,alluvial soil
108.7,56.2,71.6,28.03,55.9,6.95,801.3,grapes,black soil
100.7,58.8,61.7,26.93,63.49,6.86,957.8,onion,alluvial soil
34.9,33.4,25.3,27.91,47.93,7.56,523.7,chickpea,black soil
27.7,25.4,82.8,24.92,80.78,8.34,1719.6,pigeonpeas,black soil
13.0,26.7,89.8,16.7,34.68,5.56,2409.6,onion,black soil
92.4,60.0,68.1,29.76,53.01,6.77,648.6,pomegranate,red soil
30.2,33.1,31.6,32.77,69.65,7.91,799.0,pigeonpeas,red soil
53.6,39.8,30.2,28.24,46.68,7.85,564.5,jowar,black soil
24.2,33.0,29.8,34.08,62.24,7.42,699.8,greengram,alluvial soil
105.3,55.0,89.9,29.91,60.72,6.96,869.8,grapes,black soil
29.3,40.3,40.6,30.54,55.73,7.05,501.7,groundnut,alluvial soil
129.5,70.4,5.6,33.06,94.41,6.07,648.0,greengram,laterite soil
31.0,53.9,99.1,35.73,25.51,8.32,218.5,pomegranate,red soil
35.2,37.7,46.0,33.65,67.47,9.29,583.6,soybean,laterite soil
81.4,51.9,63.1,26.34,68.92,7.26,702.4,chilli,red soil
14.2,31.9,97.2,28.8,51.06,7.75,592.0,soybean,black soil
86.0,40.9,45.8,32.3,59.58,7.23,992.3,cotton,black soil
39.1,47.8,25.9,23.63,70.02,6.15,875.7,soybean,alluvial soil
94.9,46.5,41.9,31.46,41.92,7.13,1909.4,maize,alluvial soil
22.3,37.1,48.8,31.05,63.81,7.12,536.8,groundnut,red soil
35.7,24.1,36.9,34.55,56.34,6.2,485.5,bajra,alluvial soil
21.8,27.1,24.5,26.61,43.9,6.89,422.1,chickpea,red soil
58.4,39.1,44.5,24.2,35.45,7.13,531.9,safflower,black soil
18.0,25.4,21.7,32.44,63.9,6.7,700.0,greengram,black soil
92.7,62.3,62.6,20.7,75.63,6.52,934.6,tomato,red soil
97.1,57.7,78.8,29.59,53.46,6.65,647.3,grapes,black soil
91.0,59.5,49.5,28.72,66.86,5.83,981.3,maize,red soil
58.7,27.3,38.0,23.65,52.83,7.91,420.9,safflower,red soil
131.2,52.2,18.1,32.38,67.8,9.09,683.9,pigeonpeas,red soil
58.6,44.4,53.1,24.31,55.96,7.2,781.5,sunflower,red soil
65.6,39.5,52.7,32.08,57.59,6.73,882.2,cotton,black soil
57.0,30.5,34.1,20.65,49.34,7.95,424.4,safflower,red soil
86.4,56.1,63.0,24.02,67.08,5.98,736.6,maize,alluvial soil
120.0,55.9,63.0,25.47,70.18,6.32,846.8,tomato,alluvial soil
28.1,30.6,47.8,25.31,61.91,7.03,666.0,groundnut,alluvial soil
54.2,34.1,29.8,34.37,50.08,6.02,400.7,bajra,alluvial soil
20.6,8.1,48.7,41.02,35.79,6.55,934.2,maize,alluvial soil
75.0,49.1,48.8,28.61,74.88,6.36,605.6,maize,red soil
50.5,34.0,31.4,29.49,49.66,6.24,443.7,bajra,alluvial soil
73.4,38.6,40.2,20.02,68.57,6.68,482.0,wheat,alluvial soil
44.6,30.5,32.1,29.03,61.13,7.03,963.6,soybean,black soil
75.6,53.3,68.0,29.86,44.74,7.24,1252.8,onion,black soil
25.3,28.6,24.8,34.62,61.45,7.3,513.9,blackgram,black soil
95.4,64.4,92.4,22.99,64.14,6.64,872.1,grapes,black soil
115.9,66.9,44.4,21.53,40.53,5.15,660.9,ragi,black soil
24.0,29.3,24.4,30.03,51.61,6.4,620.2,blackgram,black soil
18.2,20.6,29.3,31.0,60.92,7.12,685.1,greengram,alluvial soil
77.4,76.0,41.3,26.12,72.25,4.8,2053.3,tomato,red soil
30.4,41.8,47.4,25.44,55.43,6.53,692.1,groundnut,red soil
58.4,36.2,33.4,23.69,37.43,7.67,478.8,safflower,black soil
24.2,41.1,59.6,31.11,28.0,8.29,1194.0,sunflower,red soil
118.2,61.0,80.5,36.24,86.89,7.07,2109.6,lentil,alluvial soil
22.5,28.7,22.4,30.2,55.29,7.07,699.4,greengram,black soil
76.9,67.1,25.3,17.02,78.19,7.83,2112.9,tomato,alluvial soil
109.3,63.3,68.7,27.17,26.83,9.16,1131.7,pomegranate,red soil
54.9,60.4,18.8,44.63,38.65,6.48,458.0,ragi,black soil
29.0,33.0,29.1,25.64,54.28,6.15,511.9,chickpea,black soil
112.9,47.6,68.3,30.74,65.14,6.4,2489.5,chickpea,laterite soil
48.5,34.7,35.6,33.22,45.15,7.53,539.0,bajra,alluvial soil
42.6,30.0,40.2,28.9,63.08,7.08,472.7,jowar,red soil
37.3,30.0,28.5,32.89,56.13,7.94,646.9,bajra,alluvial soil
21.5,40.8,50.0,29.55,64.82,6.92,594.1,groundnut,red soil
30.3,30.4,46.1,25.29,59.22,7.26,693.6,groundnut,red soil
108.6,57.8,90.9,21.16,51.79,7.49,892.5,grapes,black soil
86.0,65.0,66.6,34.64,44.28,7.4,718.8,pomegranate,black soil
31.1,35.7,38.0,27.18,60.22,7.24,571.3,groundnut,red soil
52.4,34.4,29.2,30.31,58.91,6.36,639.9,bajra,red soil
49.8,39.4,14.1,24.36,24.78,8.59,295.8,pomegranate,alluvial soil
123.6,60.7,84.7,28.87,66.37,6.98,1909.6,sugarcane,black soil
24.7,29.7,20.3,33.38,64.18,6.62,556.8,greengram,alluvial soil
46.8,33.0,44.9,26.4,60.83,7.53,608.1,jowar,red soil
41.4,36.5,29.4,28.82,76.63,7.34,647.7,soybean,alluvial soil
92.6,59.7,70.3,33.79,58.03,6.57,701.1,pomegranate,red soil
102.3,58.4,90.3,16.97,41.01,7.8,1814.4,greengram,laterite soil
107.2,48.4,55.5,26.81,73.27,6.5,985.8,onion,red soil
99.3,37.0,52.3,27.04,58.85,6.5,706.0,chilli,black soil
135.6,66.3,89.7,32.15,82.74,7.33,1867.8,sugarcane,black soil
56.2,39.9,37.5,23.46,55.94,6.64,650.3,sunflower,red soil
42.4,29.0,36.5,30.03,57.32,7.51,747.5,jowar,red soil
93.1,46.6,57.0,19.53,67.88,6.5,736.3,onion,alluvial soil
20.5,37.8,31.5,32.73,64.18,6.03,668.7,groundnut,red soil
87.6,3.2,71.3,44.08,21.04,8.54,1533.4,pigeonpeas,red soil
41.7,40.3,26.0,27.84,76.07,6.53,804.7,soybean,alluvial soil
135.1,62.2,68.0,29.19,80.31,7.26,1524.4,sugarcane,black soil
100.3,59.5,50.1,18.44,61.38,6.55,737.9,onion,black soil
63.1,43.7,44.8,29.9,56.13,5.81,933.2,ragi,red soil
135.0,53.3,77.5,32.85,76.65,6.75,1939.7,sugarcane,black soil
115.0,52.1,48.4,26.1,85.9,4.84,2125.8,cotton,laterite soil
98.8,33.7,29.1,41.57,92.03,6.62,2477.0,greengram,red soil
6.9,20.0,45.6,13.57,57.21,6.71,531.7,onion,laterite soil
73.5,40.4,45.8,19.77,62.45,7.37,597.3,wheat,black soil
102.0,49.7,61.5,21.36,75.04,6.38,908.9,tomato,alluvial soil
85.9,75.2,71.8,23.2,76.79,9.46,311.6,chilli,alluvial soil
47.0,41.9,33.2,26.27,79.88,6.56,788.5,soybean,black soil
21.4,21.5,20.0,26.67,56.45,7.1,502.6,greengram,black soil
20.4,52.4,62.5,19.53,64.67,5.02,1716.4,soybean,red soil
117.9,75.2,25.2,15.14,61.15,5.41,1704.8,grapes,red soil
32.5,32.9,40.2,27.51,61.78,6.05,656.4,soybean,black soil
67.7,41.7,37.7,20.24,50.74,7.75,612.7,sunflower,black soil
33.0,35.7,28.1,20.33,59.35,6.71,531.3,chickpea,red soil
84.4,37.9,61.6,27.92,73.17,6.97,698.5,chilli,black soil
46.9,26.6,40.3,27.29,49.31,7.09,666.3,jowar,black soil
16.2,33.6,23.6,27.77,59.98,6.95,677.5,blackgram,black soil
52.3,35.8,48.8,26.45,47.89,7.09,502.0,sunflower,alluvial soil
100.1,25.3,58.7,32.4,55.23,4.89,2143.0,tomato,black soil
78.8,54.8,64.3,26.74,72.36,7.07,664.4,chilli,black soil
101.8,43.2,41.1,18.82,46.35,8.75,520.4,sugarcane,laterite soil
24.9,32.1,26.1,20.04,47.7,7.44,566.3,lentil,alluvial soil
58.1,34.8,44.1,27.01,43.36,7.48,562.8,sunflower,red soil
49.9,36.4,33.5,21.91,51.23,6.92,569.2,safflower,black soil
45.4,28.4,39.0,30.88,62.12,7.58,465.0,jowar,black soil
20.9,29.3,20.8,34.15,61.93,7.38,675.3,greengram,alluvial soil
134.6,33.3,32.9,34.0,87.34,8.57,1684.3,greengram,red soil
107.7,64.4,70.3,33.04,41.35,6.57,578.3,pomegranate,red soil
26.9,23.7,23.2,27.92,69.04,6.65,669.4,blackgram,red soil
8.8,5.1,36.9,30.79,37.9,8.92,389.0,chickpea,laterite soil
25.6,37.5,23.7,22.34,40.85,6.42,450.7,chickpea,red soil
66.9,62.5,24.8,11.92,55.07,5.09,660.6,maize,black soil
0.5,35.6,74.6,12.0,24.59,7.14,1506.0,tomato,laterite soil
102.1,34.3,94.5,10.48,51.05,8.46,1301.6,chickpea,laterite soil
25.6,37.3,21.9,27.08,49.53,7.28,633.8,chickpea,black soil
18.2,30.5,24.5,23.53,61.01,6.35,496.9,lentil,black soil
16.8,27.0,28.5,23.58,63.99,7.2,586.3,lentil,black soil
37.5,32.0,31.1,22.49,50.99,7.05,801.4,pigeonpeas,black soil
0.5,75.7,89.0,29.67,61.73,5.83,955.7,pigeonpeas,laterite soil
128.8,31.2,33.7,23.59,94.99,8.31,1886.9,jowar,alluvial soil
44.4,43.8,40.6,25.87,69.24,7.33,978.3,ragi,laterite soil
63.2,48.7,52.8,22.05,52.04,6.37,559.0,wheat,black soil
53.2,34.5,32.3,33.81,41.07,6.11,516.4,bajra,alluvial soil
60.8,45.3,46.5,23.71,54.55,6.1,554.8,wheat,black soil
16.0,26.3,20.9,25.58,54.86,7.27,771.7,blackgram,red soil
57.9,38.3,34.9,30.64,64.25,7.56,730.5,jowar,red soil
41.4,35.4,37.4,25.15,47.87,6.86,691.3,jowar,black soil
45.1,39.6,32.0,31.26,63.83,7.2,623.4,jowar,black soil
90.5,7.2,5.7,44.16,33.34,6.5,588.2,greengram,black soil
29.0,29.5,27.5,25.07,65.51,7.45,731.0,greengram,alluvial soil
33.8,31.8,30.9,21.23,56.44,7.06,649.3,chickpea,red soil
135.5,55.7,88.7,29.99,76.88,7.25,1846.1,sugarcane,alluvial soil
30.0,31.9,16.0,25.52,63.73,6.4,598.2,blackgram,red soil
65.4,38.9,51.7,27.65,68.13,7.03,824.6,cotton,black soil
66.5,42.6,42.9,21.64,43.2,6.51,783.2,sunflower,red soil
101.7,60.0,73.4,21.9,70.48,6.6,943.5,tomato,red soil
69.0,44.9,57.9,25.26,55.18,6.24,842.8,cotton,black soil
68.7,73.0,3.8,22.81,74.55,5.37,810.1,blackgram,black soil
51.1,27.7,37.6,30.71,42.54,7.84,426.4,bajra,alluvial soil
44.7,26.1,36.3,25.92,64.1,6.75,504.2,jowar,black soil
74.8,38.2,49.9,17.14,63.54,6.63,578.8,wheat,alluvial soil
60.9,38.3,41.9,29.02,56.96,7.37,809.3,cotton,black soil
52.4,39.3,43.1,18.81,50.6,8.0,587.7,safflower,red soil
34.2,31.8,25.8,25.35,65.54,6.52,735.0,soybean,alluvial soil
11.3,25.0,89.1,29.5,80.58,9.13,919.9,maize,black soil
44.8,32.1,27.2,28.58,45.47,6.58,413.0,bajra,red soil
44.4,30.1,36.2,27.2,64.93,6.12,663.2,soybean,alluvial soil
95.1,52.9,55.8,25.53,55.63,6.29,828.5,chilli,red soil
120.4,52.7,88.3,29.7,79.95,6.83,1596.2,sugarcane,alluvial soil
29.6,43.3,5.6,37.69,21.21,5.13,1934.2,safflower,black soil
32.4,29.3,25.0,26.3,59.09,6.72,529.0,chickpea,black soil
72.6,56.9,66.6,41.22,27.6,7.06,2017.9,bajra,black soil
83.7,69.3,80.4,28.15,56.55,7.45,527.1,pomegranate,black soil
45.9,40.7,47.8,23.88,64.08,6.97,621.6,ragi,laterite soil
21.5,30.2,27.7,26.78,47.27,7.01,622.5,chickpea,red soil
38.3,27.7,34.9,26.21,48.76,6.26,572.8,bajra,red soil
73.5,44.7,62.9,24.54,63.97,6.35,700.0,maize,black soil
97.6,51.8,47.5,22.74,67.06,7.05,647.4,chilli,red soil
30.0,36.2,85.0,42.3,51.6,7.19,2257.7,soybean,red soil
3.1,23.8,39.7,33.45,88.72,5.7,1957.8,cotton,laterite soil
26.9,31.4,39.4,29.91,65.69,7.03,723.0,pigeonpeas,red soil
41.7,44.4,28.8,26.09,67.36,6.59,769.1,soybean,alluvial soil
43.3,32.9,42.4,23.4,51.82,6.2,807.3,ragi,laterite soil
35.5,40.0,49.3,31.61,66.19,6.61,512.5,groundnut,red soil
90.8,61.2,64.9,29.02,69.78,6.65,775.2,tomato,red soil
50.5,38.8,42.1,31.74,54.94,8.38,503.6,jowar,black soil
113.8,64.4,82.6,31.77,76.73,7.48,1696.4,sugarcane,black soil
59.3,35.7,34.5,23.39,36.1,6.81,527.1,safflower,red soil
30.1,32.9,40.2,29.11,66.94,6.24,792.0,groundnut,alluvial soil
93.3,58.9,60.8,25.48,69.3,6.68,842.2,maize,alluvial soil
17.9,61.6,34.2,39.29,94.65,6.86,2082.0,grapes,red soil
83.3,49.1,55.6,24.94,65.9,6.58,920.1,chilli,red soil
62.1,48.0,52.4,22.16,56.68,7.56,659.7,sunflower,black soil
110.4,58.5,65.4,34.97,71.47,7.17,1637.9,sugarcane,alluvial soil
38.0,36.2,32.2,26.36,53.24,7.47,610.2,pigeonpeas,red soil
86.1,51.2,48.2,22.05,70.52,5.79,950.2,maize,black soil
56.3,26.2,38.7,18.56,39.54,6.74,480.2,safflower,black soil
82.0,70.4,0.3,43.69,73.93,6.12,2404.1,chilli,laterite soil
49.8,29.2,30.4,29.04,59.92,7.66,401.7,bajra,red soil
98.9,51.8,63.9,28.97,60.8,7.32,864.0,chilli,red soil
76.8,43.2,55.5,31.49,61.44,6.46,738.6,chilli,black soil
100.7,54.7,90.5,25.47,60.87,6.93,835.3,grapes,black soil
20.8,24.7,29.7,27.95,68.66,7.09,780.0,greengram,alluvial soil
62.1,0.1,84.6,32.6,58.98,5.93,1149.5,chickpea,alluvial soil
74.4,26.3,92.3,15.51,86.24,7.34,1565.5,grapes,alluvial soil
27.2,40.2,43.6,30.92,61.93,6.22,868.9,groundnut,alluvial soil
76.0,71.3,90.2,24.75,42.76,5.44,243.7,cotton,black soil
130.9,60.5,83.4,27.64,76.46,7.31,1755.2,sugarcane,black soil
97.4,54.0,49.9,25.27,71.76,6.41,627.6,maize,red soil
59.7,49.4,53.6,24.29,59.03,6.78,524.5,sunflower,alluvial soil
42.4,40.3,41.7,28.69,68.6,5.53,922.2,ragi,laterite soil
79.2,41.9,34.9,40.96,44.57,9.23,2019.2,safflower,black soil
19.7,32.5,20.4,26.72,57.38,6.08,493.8,lentil,black soil
100.6,32.9,85.8,24.64,90.83,8.29,2465.5,groundnut,red soil
85.8,67.8,86.9,29.57,48.34,6.99,666.3,pomegranate,red soil
96.5,67.0,61.3,29.43,52.24,6.95,675.5,pomegranate,red soil
67.7,39.1,1.3,40.03,57.51,4.5,976.6,ragi,alluvial soil
51.0,31.9,34.5,32.76,58.17,7.53,565.8,bajra,red soil
65.1,45.0,39.7,21.51,45.54,6.55,776.1,sunflower,red soil
108.2,50.5,66.2,26.97,72.0,7.23,774.5,onion,red soil
22.7,30.9,21.8,32.44,62.59,6.95,579.4,greengram,alluvial soil
71.4,53.0,51.3,29.91,57.3,6.25,738.2,maize,red soil
45.4,31.1,37.5,25.64,61.73,6.69,859.9,ragi,laterite soil
57.4,39.3,44.3,25.2,51.74,7.52,675.5,jowar,black soil
26.8,25.1,23.0,31.72,67.18,6.88,630.9,greengram,black soil
114.4,69.9,75.8,33.91,63.33,6.75,1852.3,sugarcane,alluvial soil
59.5,28.2,38.2,31.55,49.14,7.01,469.4,jowar,red soil
25.0,33.9,20.5,33.48,68.58,7.26,759.4,greengram,black soil
113.8,57.1,60.7,31.39,63.87,7.03,1209.4,sugarcane,alluvial soil
82.5,49.2,64.2,18.5,71.67,6.01,873.0,onion,alluvial soil
59.4,48.6,49.1,29.86,57.47,7.45,790.0,sunflower,red soil
104.7,59.0,63.6,27.12,74.93,6.26,791.3,tomato,alluvial soil
57.5,42.4,54.3,19.95,83.23,9.38,1781.6,ragi,alluvial soil
130.7,10.4,12.9,39.67,78.95,4.75,1042.8,pigeonpeas,alluvial soil
21.0,21.1,19.3,33.05,69.2,7.18,610.4,blackgram,red soil
33.5,35.6,49.6,32.34,66.32,6.68,678.6,groundnut,red soil
92.8,46.5,56.5,25.05,69.16,6.68,747.5,maize,black soil
89.8,53.5,79.4,29.86,43.07,6.92,794.7,pomegranate,red soil
61.3,39.0,39.6,23.7,59.65,6.98,781.6,ragi,laterite soil
104.3,48.3,73.0,29.4,71.22,6.81,883.0,tomato,red soil
92.4,59.1,78.6,26.78,55.13,6.52,633.4,grapes,red soil
23.9,28.0,28.4,27.37,60.4,7.23,410.0,lentil,black soil
81.4,35.9,52.3,27.54,58.45,7.41,693.8,chilli,red soil
137.4,58.7,81.1,26.38,66.11,7.44,1228.0,sugarcane,black soil
99.5,63.2,64.8,32.65,47.69,6.54,657.9,pomegranate,red soil
40.5,27.1,33.8,31.95,56.02,8.11,668.0,jowar,red soil
55.4,66.9,52.3,19.83,83.76,8.56,2496.4,bajra,alluvial soil
18.9,25.7,24.5,24.54,52.36,6.74,519.7,lentil,alluvial soil
39.7,39.2,35.0,23.73,65.81,6.63,680.9,soybean,black soil
25.7,26.8,25.3,32.87,51.34,6.57,580.0,greengram,alluvial soil
98.0,65.3,88.3,19.9,51.92,6.06,1497.1,sunflower,black soil
30.8,41.3,0.1,10.46,37.1,5.92,1111.4,chilli,alluvial soil
94.3,33.5,84.7,14.43,34.35,9.27,1414.4,onion,laterite soil
68.3,37.8,48.1,23.28,67.44,6.92,589.0,wheat,black soil
93.3,50.9,73.6,33.3,49.96,6.87,733.3,pomegranate,red soil
91.6,37.5,52.5,29.08,60.95,6.24,718.3,chilli,red soil
18.2,27.6,20.0,30.59,56.04,6.4,752.3,blackgram,black soil
106.5,52.6,63.8,30.63,37.0,6.06,353.9,sunflower,alluvial soil
20.6,32.0,29.1,25.74,53.59,7.9,578.2,chickpea,red soil
16.1,21.8,22.5,25.32,69.01,6.53,526.1,greengram,black soil
44.9,33.5,18.3,39.81,80.39,9.02,790.6,grapes,black soil
20.9,29.2,22.8,34.21,55.63,6.67,714.3,blackgram,black soil
92.1,58.8,54.2,27.63,69.2,7.19,748.3,onion,black soil
67.4,47.4,51.3,27.72,59.07,7.62,982.8,cotton,red soil
51.3,26.7,38.5,28.64,47.57,7.92,474.4,bajra,red soil
85.4,42.6,57.5,31.8,64.99,6.61,632.9,cotton,black soil
112.3,63.2,82.9,15.86,76.33,5.78,476.0,safflower,black soil
28.7,33.8,25.7,28.84,51.0,6.61,719.1,greengram,black soil
81.5,54.7,56.0,27.0,64.2,7.03,938.1,onion,red soil
45.4,36.9,38.5,22.38,51.82,5.66,802.6,ragi,laterite soil
72.6,43.9,57.6,27.52,63.05,7.48,986.8,maize,alluvial soil
91.5,57.9,69.9,18.58,74.76,6.75,821.3,onion,red soil
84.4,42.0,60.8,18.67,59.96,7.01,608.4,onion,alluvial soil
71.2,45.3,47.5,24.61,53.29,6.24,537.6,wheat,black soil
67.0,54.4,51.2,32.92,66.37,7.46,899.3,cotton,red soil
71.5,44.4,61.0,29.54,74.13,6.31,626.5,maize,black soil
91.5,78.4,61.1,32.89,31.05,6.22,941.2,sugarcane,laterite soil
105.0,55.8,51.0,26.71,60.3,6.81,914.4,onion,red soil
102.0,61.7,67.6,31.93,79.93,7.02,1375.7,sugarcane,black soil
16.9,25.1,22.6,21.09,60.88,6.2,422.0,lentil,alluvial soil
33.3,31.9,23.5,22.49,59.84,6.68,426.6,chickpea,red soil
35.5,34.5,31.3,29.29,69.97,7.06,500.6,groundnut,alluvial soil
117.3,48.4,64.3,20.38,60.78,6.53,609.7,tomato,red soil
24.5,32.3,24.6,23.09,49.35,6.55,522.4,lentil,alluvial soil
100.9,59.2,56.8,27.92,68.74,6.51,860.2,tomato,alluvial soil
22.3,27.1,21.3,26.81,48.12,6.01,575.8,lentil,black soil
32.0,34.9,42.0,26.51,64.67,7.27,685.2,soybean,alluvial soil
28.6,30.0,21.4,20.35,57.56,7.7,452.1,chickpea,red soil
115.6,45.2,72.8,27.83,78.6,6.81,933.8,tomato,red soil
95.6,47.8,46.3,23.75,71.83,7.3,760.7,chilli,black soil
63.3,39.6,37.0,22.81,53.94,6.1,890.5,ragi,red soil
28.0,33.5,36.0,27.65,60.41,7.43,545.8,groundnut,alluvial soil
64.7,43.2,48.2,25.03,46.61,6.81,583.7,sunflower,alluvial soil
35.5,37.9,44.6,28.8,71.46,6.36,977.0,soybean,alluvial soil
70.7,25.4,61.7,15.69,50.48,9.38,1263.5,sunflower,red soil
74.3,37.2,59.5,28.65,58.96,7.38,805.9,chilli,red soil
63.1,40.2,55.3,33.06,56.95,7.14,615.4,cotton,red soil
48.8,9.0,76.1,21.2,38.3,7.52,1779.9,pigeonpeas,laterite soil
58.7,37.2,39.9,23.0,53.67,7.84,499.7,safflower,black soil
96.8,21.0,12.2,15.15,29.4,8.52,1689.0,lentil,black soil
73.7,47.6,54.1,28.01,58.67,6.17,642.2,chilli,black soil
93.6,46.5,62.9,20.09,76.8,6.76,880.3,tomato,red soil
16.3,23.8,18.2,25.48,62.31,6.62,760.2,blackgram,red soil
52.3,29.7,41.0,31.18,49.26,7.3,545.3,jowar,black soil
91.1,54.5,60.1,31.95,53.46,7.27,600.2,pomegranate,black soil
83.7,58.1,52.3,26.88,57.2,5.52,883.1,maize,alluvial soil
24.0,31.7,24.5,32.06,54.07,7.02,782.1,greengram,black soil
80.1,59.6,59.9,21.94,72.76,6.97,719.6,maize,red soil
110.9,45.2,21.8,27.24,62.47,8.28,1871.1,greengram,black soil
115.1,54.3,94.4,23.23,59.88,6.51,655.3,grapes,red soil
122.6,0.4,25.4,21.71,67.35,5.03,1014.5,jowar,laterite soil
68.1,46.3,47.7,23.06,62.68,6.42,624.4,wheat,black soil
133.9,64.7,89.2,29.82,59.24,7.28,332.0,sugarcane,red soil
20.8,24.9,24.6,26.06,62.76,6.82,657.2,greengram,alluvial soil
18.7,25.6,26.5,20.5,55.63,7.3,524.6,lentil,black soil
41.5,40.3,35.9,23.82,65.14,6.39,871.9,soybean,black soil
48.7,20.5,27.0,26.67,44.67,6.66,575.1,bajra,red soil
36.3,36.9,36.6,22.03,75.08,7.11,907.9,soybean,alluvial soil
137.5,65.1,67.6,25.96,79.94,7.01,1570.4,sugarcane,black soil
66.0,41.7,36.3,23.42,58.15,7.52,607.6,sunflower,red soil
47.0,42.8,25.0,23.41,77.61,6.76,762.7,soybean,black soil
77.2,42.2,49.6,31.17,50.54,6.77,823.6,cotton,red soil
120.9,63.7,31.9,16.64,44.99,8.27,268.9,lentil,black soil
117.1,53.3,74.1,28.16,60.82,6.67,1501.7,sugarcane,alluvial soil
24.6,39.7,25.3,21.02,53.62,7.92,571.0,chickpea,red soil
15.2,34.3,23.1,25.94,53.39,6.06,531.7,lentil,black soil
68.8,39.7,39.7,28.98,56.11,7.18,796.9,sunflower,red soil
62.0,49.8,58.1,32.61,67.93,7.6,556.3,cotton,red soil
58.7,33.2,43.5,16.29,48.43,7.5,557.5,safflower,black soil
80.9,52.0,57.3,24.67,61.21,6.13,805.9,chilli,red soil
94.3,56.0,88.0,33.43,51.64,7.45,543.9,pomegranate,red soil
35.5,27.1,49.9,26.83,63.2,6.4,743.3,groundnut,red soil
99.0,56.9,65.2,22.05,60.02,7.28,941.2,onion,alluvial soil
94.3,67.1,86.5,25.18,55.64,7.36,712.1,pomegranate,red soil
16.1,23.4,21.7,27.06,52.28,6.31,653.9,blackgram,red soil
92.0,59.6,59.0,22.49,57.87,6.26,754.8,maize,black soil
27.5,27.6,26.2,24.55,53.27,7.86,554.2,chickpea,red soil
103.7,57.5,57.3,20.46,63.55,6.11,941.3,onion,black soil
46.0,38.6,41.6,26.92,65.02,7.44,793.5,ragi,red soil
84.5,54.7,46.2,27.47,70.77,5.97,853.9,maize,black soil
134.6,69.7,61.3,30.82,74.77,7.25,1811.5,sugarcane,black soil
46.1,41.4,35.2,29.62,60.49,7.39,670.3,soybean,black soil
93.1,6.8,71.8,33.38,73.66,5.3,2457.3,greengram,alluvial soil
17.8,27.1,24.7,20.74,53.19,7.14,589.5,lentil,alluvial soil
69.9,36.0,41.0,24.5,62.0,6.62,546.7,wheat,alluvial soil
24.7,25.6,20.5,26.35,61.11,6.66,556.1,lentil,alluvial soil
37.8,24.8,31.2,29.15,49.19,6.15,439.5,bajra,alluvial soil
23.1,29.8,26.0,29.55,44.23,6.64,500.1,chickpea,black soil
65.9,47.2,43.4,29.03,46.26,6.91,569.0,sunflower,alluvial soil
52.5,24.6,36.2,33.42,51.16,7.77,586.3,bajra,red soil
83.3,41.2,58.5,33.97,68.5,7.05,936.3,cotton,black soil
77.8,42.4,46.0,16.44,59.89,7.28,505.4,wheat,alluvial soil
61.2,39.9,43.3,31.73,64.65,7.67,896.8,cotton,black soil
106.7,30.9,63.9,22.6,29.62,7.88,1559.3,grapes,black soil
44.9,34.9,42.0,27.04,60.22,6.62,684.8,soybean,alluvial soil
23.6,29.5,23.0,21.4,60.43,6.71,585.4,lentil,black soil
16.8,34.7,27.6,26.47,61.85,6.23,731.1,blackgram,red soil
49.7,27.1,49.0,32.65,25.65,8.21,1622.6,greengram,alluvial soil
33.9,40.6,34.7,25.79,61.05,6.76,762.4,soybean,black soil
43.0,36.1,43.5,22.54,50.91,6.56,632.3,safflower,black soil
89.5,55.3,57.4,22.43,56.62,6.02,920.5,onion,alluvial soil
19.7,69.4,79.4,32.68,29.36,6.34,2211.9,bajra,black soil
21.0,30.8,19.7,29.06,61.98,6.21,785.1,blackgram,black soil
41.7,26.8,38.5,29.05,59.49,8.04,622.5,jowar,black soil
49.4,29.0,33.2,30.99,40.67,6.75,411.3,bajra,alluvial soil
66.3,45.3,49.0,21.91,40.28,6.87,574.3,sunflower,red soil
66.8,51.6,56.1,27.5,55.17,7.84,976.9,cotton,red soil
44.3,39.8,31.9,29.85,75.82,6.96,953.7,soybean,alluvial soil
21.9,31.6,24.9,27.12,57.32,6.84,571.4,chickpea,red soil
128.0,65.5,70.6,31.2,75.86,6.51,1322.2,sugarcane,black soil
24.2,45.4,52.0,33.94,26.68,6.22,259.9,ragi,black soil
23.2,34.9,29.0,33.19,56.26,7.22,744.5,greengram,black soil
20.2,28.5,26.6,19.27,57.41,6.65,593.9,lentil,alluvial soil
34.8,30.4,40.3,27.1,58.38,6.78,827.7,groundnut,alluvial soil
61.4,46.4,54.1,30.98,61.48,6.29,808.2,cotton,black soil
82.5,56.4,46.3,22.58,72.71,7.32,838.9,maize,alluvial soil
87.6,42.0,44.2,33.81,68.38,6.37,735.0,cotton,red soil
51.8,11.1,9.3,27.1,45.08,9.11,460.7,pomegranate,alluvial soil
49.6,33.3,25.7,30.57,40.39,6.87,423.3,bajra,alluvial soil
30.4,26.5,28.4,21.54,56.86,7.0,604.1,chickpea,black soil
55.0,35.8,45.2,20.2,59.53,6.73,603.9,sunflower,red soil
29.4,28.0,20.7,27.46,52.0,7.24,748.0,blackgram,red soil
98.4,55.3,59.3,24.71,55.16,6.96,647.4,maize,black soil
4.1,76.3,3.0,43.35,48.11,8.29,2256.4,greengram,red soil
86.4,55.0,63.0,28.67,68.47,7.24,949.4,chilli,red soil
82.4,47.3,48.3,29.22,73.22,6.53,807.2,chilli,red soil
59.3,39.6,32.0,22.04,40.33,6.58,510.2,safflower,black soil
86.4,64.1,47.8,25.48,20.96,8.28,1919.9,ragi,alluvial soil
48.3,29.2,44.6,17.05,49.39,7.22,497.3,safflower,red soil
23.3,33.9,25.6,27.35,55.61,6.17,451.9,lentil,black soil
60.5,0.5,13.1,17.91,91.88,5.62,2404.3,tomato,red soil
90.0,25.2,70.6,27.65,89.34,8.08,1793.3,pigeonpeas,red soil
47.9,24.1,33.4,30.26,58.02,7.87,528.2,bajra,red soil
32.5,45.0,34.9,28.08,50.51,7.44,736.8,groundnut,alluvial soil
48.8,27.4,25.9,10.7,82.07,7.57,1941.3,safflower,laterite soil
38.4,26.0,37.6,25.9,52.84,7.26,772.6,groundnut,alluvial soil
37.7,33.7,28.6,31.44,49.0,7.93,618.8,pigeonpeas,red soil
80.7,60.9,85.6,27.55,53.06,7.39,770.8,pomegranate,red soil
54.2,43.8,37.0,25.6,54.08,6.5,697.5,ragi,laterite soil
0.7,24.5,92.0,18.64,49.98,6.53,1106.9,chickpea,black soil
76.3,37.7,40.0,19.16,66.91,6.14,471.3,wheat,alluvial soil
57.7,31.2,35.4,25.26,57.64,7.91,601.9,jowar,black soil
41.8,25.0,40.7,16.45,38.25,7.23,577.1,safflower,black soil
109.4,57.5,50.3,24.77,59.34,7.15,990.7,onion,black soil
108.6,54.5,69.9,26.68,59.72,7.29,715.4,pomegranate,black soil
35.1,9.7,98.1,40.26,66.43,9.18,1638.9,bajra,red soil
39.3,43.1,45.2,28.66,59.98,7.38,684.4,groundnut,alluvial soil
16.4,22.6,27.7,31.49,61.91,6.85,521.7,blackgram,black soil
19.0,27.8,77.8,21.95,91.93,4.66,2288.6,bajra,alluvial soil
62.7,60.7,76.0,32.71,87.58,7.84,1715.5,safflower,alluvial soil
61.7,42.1,26.7,21.62,92.09,9.43,2171.4,chilli,laterite soil
44.7,22.3,25.8,28.65,43.85,6.16,523.1,bajra,alluvial soil
48.2,6.1,68.6,11.77,43.97,5.32,1116.4,maize,red soil
16.4,27.2,15.4,29.88,65.99,7.31,733.3,blackgram,black soil
28.2,38.6,67.1,11.85,59.59,6.3,2403.4,tomato,black soil
90.4,57.5,68.6,32.32,59.84,7.02,540.2,pomegranate,black soil
95.6,46.1,54.2,27.24,70.89,7.13,855.0,maize,alluvial soil
23.7,37.3,30.7,28.13,40.69,7.87,546.1,chickpea,red soil
79.7,59.9,60.3,42.19,25.18,8.58,417.2,pigeonpeas,alluvial soil
53.8,74.6,1.3,42.04,82.5,8.33,1417.7,safflower,laterite soil
55.7,65.4,29.8,22.12,90.57,5.62,2409.4,ragi,laterite soil
38.9,42.8,35.8,25.26,58.58,7.09,666.7,groundnut,red soil
67.9,33.7,43.4,20.33,52.19,6.6,585.2,sunflower,alluvial soil
45.7,19.7,67.1,33.52,80.25,7.81,1131.3,lentil,red soil
67.8,34.8,39.6,22.5,52.35,7.8,681.3,sunflower,alluvial soil
57.7,26.3,44.3,20.92,49.17,7.76,630.4,safflower,red soil
87.1,42.0,2.9,44.74,80.1,6.07,2178.1,wheat,alluvial soil
63.9,47.4,47.5,16.16,56.14,7.36,481.8,wheat,black soil
19.3,8.0,50.1,39.25,31.48,5.11,2487.2,pomegranate,red soil
9.4,33.8,38.5,36.74,80.3,7.01,2186.4,onion,black soil
99.7,45.0,69.1,27.62,72.34,6.79,990.5,tomato,alluvial soil
16.7,29.7,27.4,27.78,67.72,7.47,764.9,greengram,black soil
94.3,51.7,46.6,24.35,60.24,7.2,804.5,maize,red soil
23.4,29.0,29.5,25.87,48.27,7.11,588.4,lentil,black soil
77.3,40.6,41.9,24.98,57.64,7.13,881.8,cotton,red soil
89.1,44.6,47.3,29.92,73.97,7.36,629.7,chilli,black soil
86.3,69.9,95.0,11.93,43.76,7.95,1465.8,bajra,laterite soil
44.3,27.4,25.3,28.13,55.11,7.15,495.2,bajra,red soil
112.1,66.8,91.2,23.72,59.18,6.91,786.5,grapes,black soil
44.8,33.9,34.0,34.1,51.64,7.05,509.1,bajra,alluvial soil
36.2,67.1,86.0,26.06,90.05,8.46,1492.3,pigeonpeas,black soil
94.8,59.2,68.9,28.18,61.91,6.34,638.7,tomato,red soil
52.0,47.6,49.6,27.15,50.32,7.59,590.3,sunflower,red soil
47.1,37.5,41.7,26.99,55.93,6.6,888.6,ragi,red soil
52.2,28.9,38.5,29.65,46.55,7.84,662.5,jowar,black soil
18.7,22.4,19.3,29.08,69.57,6.07,757.1,blackgram,black soil
16.2,29.9,22.6,18.28,58.19,6.42,404.4,lentil,black soil
126.7,2.4,8.5,40.28,43.33,7.86,591.3,jowar,black soil
52.9,38.1,41.9,22.08,52.6,7.09,956.9,ragi,red soil
42.8,25.8,30.0,29.1,54.9,6.49,435.1,bajra,red soil
129.7,54.4,87.1,26.67,60.55,6.55,1862.7,sugarcane,black soil
54.2,31.3,45.7,20.75,57.65,7.45,541.5,sunflower,black soil
48.6,32.2,32.2,25.05,46.03,6.58,513.0,jowar,red soil
79.6,33.5,40.5,36.01,30.81,8.28,2405.0,pigeonpeas,red soil
21.0,32.1,15.4,33.51,55.96,6.44,649.1,blackgram,black soil
32.3,25.9,30.1,21.61,44.76,6.35,429.0,chickpea,red soil
28.5,37.5,49.6,31.63,68.69,7.38,694.9,groundnut,red soil
88.1,49.6,51.7,22.52,63.94,7.47,969.5,onion,alluvial soil
20.8,34.0,28.7,18.36,62.39,6.12,422.9,lentil,black soil
128.4,63.9,70.1,27.95,71.09,7.17,1454.0,sugarcane,alluvial soil
23.0,36.0,27.4,26.48,50.78,7.28,603.4,chickpea,black soil
109.7,53.3,71.8,30.74,70.43,7.25,1754.3,sugarcane,black soil
42.0,5.9,62.8,41.53,71.61,7.62,679.5,sunflower,alluvial soil
41.8,43.6,26.4,23.89,63.38,7.14,730.9,soybean,alluvial soil
26.0,42.7,34.4,24.27,60.75,6.77,607.5,pigeonpeas,black soil
100.3,19.7,41.5,16.17,28.67,6.21,1724.0,tomato,laterite soil
117.7,35.2,28.5,10.49,89.47,7.17,2071.8,safflower,black soil
29.9,37.9,28.9,26.11,58.23,6.55,407.4,chickpea,black soil
37.8,67.7,47.4,43.34,85.64,4.91,1515.2,sunflower,alluvial soil
99.9,53.0,81.3,26.87,53.86,7.41,728.1,pomegranate,red soil
112.4,39.0,22.3,37.54,83.33,5.82,452.2,greengram,red soil
131.8,12.9,80.6,24.27,41.55,6.53,2023.8,maize,black soil
33.7,42.2,39.2,27.9,49.75,6.82,868.7,pigeonpeas,red soil
134.7,22.2,85.4,34.68,21.44,5.83,1680.7,lentil,alluvial soil
80.9,53.2,88.4,44.68,81.02,5.61,371.1,grapes,alluvial soil
38.5,32.6,44.6,30.4,53.25,6.88,562.5,groundnut,alluvial soil
75.1,45.3,42.8,17.37,51.61,7.23,574.2,wheat,alluvial soil
75.2,50.6,51.1,26.17,63.54,7.16,646.1,cotton,red soil
23.6,76.6,5.4,23.85,42.19,7.15,297.0,chilli,laterite soil
83.1,47.6,60.9,38.06,40.74,7.3,1128.1,lentil,laterite soil
126.4,51.6,71.0,42.04,45.44,4.81,951.3,greengram,alluvial soil
22.4,21.2,21.4,32.42,57.47,6.77,729.1,blackgram,black soil
32.1,1.5,87.8,20.0,65.42,6.37,296.2,greengram,laterite soil
103.5,46.5,68.4,25.6,62.15,6.19,833.5,onion,alluvial soil
84.6,49.0,57.2,23.38,64.99,6.45,776.7,maize,black soil
83.0,58.8,58.1,28.67,56.54,7.33,863.3,maize,black soil
89.6,58.8,64.7,26.31,55.18,6.53,644.6,pomegranate,red soil
106.2,57.5,57.0,23.11,67.45,6.88,816.6,tomato,red soil
49.7,32.2,29.4,33.06,50.32,7.32,625.9,bajra,red soil
111.6,53.9,62.0,28.95,64.52,6.7,692.9,tomato,alluvial soil
54.9,28.5,32.3,30.79,49.58,7.23,538.2,jowar,black soil
29.7,27.1,15.1,31.22,67.37,6.36,792.2,blackgram,red soil
16.2,26.1,28.0,30.01,69.15,7.42,719.5,greengram,alluvial soil
91.8,37.9,51.6,25.45,62.98,6.75,878.0,chilli,red soil
95.5,57.7,69.3,27.1,72.85,6.68,729.9,onion,red soil
72.5,40.1,53.1,28.01,57.0,5.86,959.9,maize,red soil
131.8,68.0,76.7,31.61,82.09,7.09,1431.5,sugarcane,alluvial soil
58.7,30.1,37.1,25.28,51.82,7.1,898.7,ragi,red soil
38.9,33.3,32.9,26.13,58.48,7.88,635.2,pigeonpeas,red soil
38.4,58.4,6.2,20.57,47.08,9.37,896.3,maize,red soil
20.3,34.9,23.7,18.32,51.25,7.06,557.6,lentil,alluvial soil
116.6,60.1,44.7,42.49,87.66,6.42,986.1,greengram,red soil
21.9,37.4,33.2,23.45,42.06,6.06,415.7,chickpea,black soil
93.6,53.1,56.1,26.3,57.81,6.8,883.1,onion,red soil
81.9,43.4,48.9,26.04,53.58,6.02,591.6,cotton,red soil
32.0,41.5,25.6,30.89,45.75,7.38,861.0,pigeonpeas,red soil
44.6,39.9,44.1,21.88,43.7,6.78,588.2,safflower,red soil
50.2,33.5,42.6,17.39,48.89,7.67,401.1,safflower,black soil
114.3,50.6,55.0,29.87,77.1,6.37,996.9,tomato,red soil
117.3,52.5,90.1,22.36,50.78,6.62,893.1,grapes,red soil
32.9,31.1,29.5,25.5,51.61,7.76,497.2,chickpea,black soil
59.7,33.3,38.3,25.05,51.83,8.29,503.4,jowar,black soil
59.0,10.5,21.7,32.48,85.39,9.31,767.0,tomato,alluvial soil
47.7,32.1,37.8,18.75,36.56,7.6,527.6,safflower,black soil
27.0,31.2,20.6,27.2,66.45,7.28,736.8,greengram,alluvial soil
9.4,34.2,43.7,24.78,55.98,6.97,1554.4,pigeonpeas,laterite soil
42.2,22.7,29.3,34.34,46.34,7.36,635.3,bajra,alluvial soil
101.1,33.1,9.0,41.14,77.87,5.63,1102.9,tomato,red soil
68.3,42.9,41.6,19.7,65.16,6.89,637.7,wheat,alluvial soil
27.3,36.3,29.8,33.37,62.48,7.87,861.8,pigeonpeas,red soil
52.9,34.9,30.3,34.79,50.22,6.42,410.9,bajra,red soil
93.3,52.0,61.0,22.54,77.76,6.09,726.1,tomato,red soil
99.8,35.2,52.2,31.29,60.14,6.45,769.2,chilli,black soil
52.6,38.5,30.6,31.07,48.72,6.67,494.1,jowar,black soil
92.8,37.4,51.8,28.34,67.72,6.17,733.6,chilli,red soil
119.0,65.4,84.8,41.64,30.12,4.89,846.6,chilli,black soil
102.6,58.2,61.7,20.39,76.6,6.54,752.5,tomato,red soil
71.1,63.9,19.4,30.09,90.6,6.45,539.8,chilli,black soil
33.4,33.9,32.2,25.75,47.21,6.72,442.9,chickpea,black soil
91.9,69.8,72.5,30.33,46.11,7.47,747.8,pomegranate,black soil
139.8,65.3,82.2,33.91,82.16,6.82,1708.2,sugarcane,black soil
22.8,36.0,26.8,24.56,47.04,7.28,486.9,chickpea,red soil
95.3,66.3,84.1,29.26,52.98,6.91,719.6,pomegranate,red soil
40.2,32.7,34.5,24.97,69.0,6.94,867.8,soybean,alluvial soil
53.4,39.6,77.3,16.52,23.22,7.15,1399.5,pomegranate,red soil
79.2,43.4,57.2,32.75,65.05,7.74,907.9,cotton,black soil
95.0,47.5,49.4,28.98,72.21,7.14,903.1,chilli,black soil
107.6,50.4,91.2,23.54,52.36,6.89,852.6,grapes,red soil
28.9,32.2,39.9,25.22,69.39,6.3,761.8,groundnut,alluvial soil
37.9,21.6,38.9,28.27,45.97,6.87,635.6,bajra,alluvial soil
132.6,66.9,19.5,11.55,86.34,4.79,2107.3,tomato,red soil
104.0,69.6,70.8,26.69,72.89,6.86,1948.3,sugarcane,alluvial soil
27.1,30.4,22.1,22.95,59.8,7.62,631.8,chickpea,red soil
73.1,47.2,50.0,19.77,61.82,6.94,619.6,wheat,alluvial soil
132.5,62.5,75.6,28.17,65.54,7.27,1948.3,sugarcane,alluvial soil
91.7,56.4,71.0,21.61,65.45,6.12,713.5,tomato,red soil
99.9,38.6,79.8,18.2,57.33,5.41,972.5,chilli,alluvial soil
37.7,47.2,41.7,23.6,79.06,7.03,872.5,soybean,black soil
20.6,33.7,23.6,30.61,59.26,6.77,773.3,blackgram,black soil
103.7,50.2,66.1,30.25,71.24,6.94,1691.8,sugarcane,black soil
120.0,13.9,10.4,18.01,60.65,4.64,2411.7,onion,black soil
24.9,20.5,20.7,33.35,65.52,7.45,576.9,greengram,alluvial soil
34.8,36.2,31.6,29.89,58.75,7.77,649.8,pigeonpeas,black soil
105.4,66.6,72.5,27.03,51.79,7.17,642.7,grapes,black soil
112.2,62.5,58.6,21.68,60.04,6.68,747.9,tomato,red soil
94.6,55.7,60.6,29.72,69.89,6.16,878.7,tomato,alluvial soil
129.4,3.2,50.7,23.49,45.24,6.39,2093.7,chickpea,black soil
113.8,36.9,14.9,41.23,36.61,7.1,2256.0,pomegranate,black soil
89.5,44.2,57.7,20.34,72.63,6.95,888.6,onion,alluvial soil
27.9,28.0,32.3,25.04,58.69,6.6,522.4,groundnut,alluvial soil
117.1,51.1,62.3,27.09,70.0,6.15,834.1,tomato,red soil
85.0,45.1,60.8,21.15,71.06,7.3,663.5,onion,alluvial soil
91.7,50.6,59.8,27.51,57.6,6.34,828.8,chilli,red soil
29.2,30.4,31.2,31.24,68.91,6.87,707.3,pigeonpeas,red soil
42.7,29.7,31.8,28.49,48.3,8.47,674.4,jowar,black soil
12.9,30.8,57.2,35.62,27.57,8.38,405.9,ragi,laterite soil
45.9,27.9,42.7,25.9,64.88,7.55,485.2,jowar,red soil
40.5,44.1,41.9,26.39,54.56,5.84,984.1,ragi,red soil
131.0,58.7,77.5,28.74,75.78,7.11,1757.3,sugarcane,alluvial soil
108.2,63.2,73.0,24.06,78.24,6.94,835.0,tomato,alluvial soil
76.5,42.7,56.2,28.31,74.86,7.41,779.7,maize,black soil
89.9,43.9,48.6,28.21,66.38,6.65,963.2,cotton,black soil
26.3,20.3,26.0,26.57,64.72,6.92,594.7,blackgram,red soil
72.8,36.0,59.5,30.7,65.04,7.03,653.2,cotton,black soil
16.7,61.6,73.3,29.44,67.78,5.55,1323.0,sunflower,black soil
126.0,61.5,76.4,33.08,82.08,7.33,1884.7,sugarcane,black soil
41.6,34.0,31.5,30.42,55.49,6.41,567.8,bajra,red soil
120.1,62.4,64.5,44.46,53.48,6.63,244.1,bajra,laterite soil
54.6,32.0,39.8,34.82,43.73,7.67,514.9,bajra,red soil
19.8,26.9,25.7,21.32,47.4,7.07,429.1,lentil,alluvial soil
107.7,50.4,68.5,18.34,65.75,6.22,776.8,onion,black soil
70.8,62.0,51.3,39.17,92.13,7.41,480.5,jowar,black soil
32.9,33.0,34.3,27.36,56.9,6.63,719.7,groundnut,alluvial soil
26.2,39.1,24.2,19.83,42.4,5.76,455.9,blackgram,laterite soil
75.2,36.4,47.2,26.57,61.06,7.3,661.9,cotton,red soil
120.1,36.1,86.5,25.18,69.84,7.43,1035.2,maize,laterite soil
57.5,44.8,45.7,27.46,65.05,6.95,987.9,ragi,laterite soil
61.3,43.1,52.7,28.73,47.59,7.22,573.3,sunflower,alluvial soil
43.0,26.5,34.3,23.21,39.75,7.34,407.9,safflower,black soil
87.6,51.6,52.8,24.42,58.5,6.87,881.1,chilli,black soil
104.4,73.1,47.7,10.01,63.56,8.71,2392.5,pomegranate,red soil
27.8,32.9,44.7,29.89,69.73,6.16,526.0,groundnut,alluvial soil
111.6,1.8,36.4,32.52,20.43,5.64,232.9,onion,alluvial soil
94.3,40.0,55.3,29.83,74.48,6.49,935.5,maize,red soil
92.5,50.5,71.2,23.42,69.33,6.38,634.3,tomato,red soil
37.3,29.3,26.8,31.49,50.54,6.9,625.0,bajra,red soil
63.7,33.4,62.2,28.43,66.57,8.86,1921.2,soybean,black soil
134.7,66.1,77.5,22.39,62.18,9.15,2331.0,pigeonpeas,black soil
27.9,33.7,28.8,30.52,61.28,7.24,782.6,blackgram,red soil
107.7,64.1,99.1,28.7,57.01,7.18,647.4,grapes,red soil
94.2,53.5,64.7,21.86,56.34,5.86,618.9,maize,alluvial soil
103.2,61.9,78.7,26.21,40.48,6.96,543.4,pomegranate,red soil
27.7,23.2,29.3,25.12,58.37,7.46,507.5,greengram,black soil
22.7,30.2,21.2,18.9,48.61,7.31,408.9,lentil,black soil
22.7,34.7,22.5,22.68,56.1,7.17,401.0,lentil,black soil
15.9,45.4,31.4,37.56,48.91,6.35,906.9,soybean,laterite soil
15.2,29.5,21.0,25.35,56.74,6.64,577.4,greengram,alluvial soil
37.8,34.4,30.2,28.31,75.75,6.13,895.5,soybean,alluvial soil
21.7,34.3,22.0,26.36,57.07,7.03,604.1,chickpea,black soil
22.1,38.9,37.5,27.79,65.62,6.27,675.2,groundnut,alluvial soil
67.5,27.9,24.6,32.33,92.36,9.39,1143.1,jowar,alluvial soil
48.9,43.5,44.0,22.06,76.54,6.58,994.1,soybean,alluvial soil
117.7,11.8,16.6,10.32,89.09,5.84,1043.1,soybean,laterite soil
103.0,56.9,95.5,29.27,52.99,7.21,683.3,grapes,black soil
64.9,33.0,42.2,44.24,25.66,6.94,1184.1,groundnut,laterite soil
47.7,32.5,40.6,29.1,51.99,7.58,467.8,jowar,black soil
80.6,54.0,68.5,34.39,41.81,6.87,556.1,pomegranate,black soil
52.0,26.7,38.8,25.01,48.65,6.61,631.7,jowar,black soil
81.9,42.0,40.3,32.25,69.14,7.98,963.7,cotton,red soil
63.3,45.3,53.1,23.82,48.45,6.63,779.6,sunflower,black soil
24.5,34.1,21.7,30.62,68.92,7.43,702.0,greengram,black soil
36.9,36.7,31.8,32.47,68.15,7.93,642.4,pigeonpeas,black soil
122.1,50.6,73.0,31.37,64.81,6.54,1329.8,sugarcane,alluvial soil
59.0,29.3,41.6,29.59,51.07,8.19,550.2,jowar,red soil
108.6,49.0,53.3,23.26,74.22,6.52,747.6,onion,red soil
75.5,51.9,58.2,33.09,59.11,7.81,971.8,cotton,black soil
114.3,8.5,50.3,36.84,81.64,5.16,2480.9,cotton,red soil
20.8,21.8,25.9,25.35,56.36,6.83,595.4,blackgram,red soil
47.6,27.2,31.7,20.18,37.64,7.35,628.0,safflower,black soil
87.9,49.6,66.1,21.05,57.17,6.47,697.1,onion,red soil
60.4,45.1,42.8,19.17,64.39,6.23,478.5,wheat,black soil
17.7,75.8,4.5,40.09,29.21,6.67,945.3,lentil,black soil
22.1,28.0,28.3,19.39,56.65,6.3,423.5,lentil,black soil
76.6,43.2,64.7,29.18,55.82,6.75,727.9,maize,red soil
56.8,33.4,51.7,28.07,55.48,7.85,665.4,sunflower,red soil
36.5,56.7,25.1,22.8,68.97,9.22,877.8,ragi,alluvial soil
16.2,26.8,26.8,25.95,54.37,6.52,497.9,lentil,black soil
91.7,47.6,66.9,20.37,62.91,6.95,609.1,onion,alluvial soil
71.8,43.9,46.3,22.31,53.02,7.11,589.8,wheat,black soil
81.1,43.4,60.7,27.86,71.5,7.35,881.7,chilli,black soil
106.5,61.8,63.9,26.8,62.34,6.36,914.8,tomato,alluvial soil
46.9,35.0,25.9,29.28,40.15,6.36,486.0,bajra,alluvial soil
57.3,40.4,49.3,27.38,56.94,7.45,984.8,ragi,laterite soil
82.9,50.9,55.5,18.6,65.05,6.18,656.4,onion,red soil
139.6,69.3,65.7,34.17,79.51,6.55,1841.2,sugarcane,black soil
12.6,18.5,2.9,40.17,73.74,6.49,2420.7,onion,red soil
51.3,39.7,52.0,25.83,59.34,6.55,648.2,sunflower,red soil
29.5,25.6,36.7,30.98,55.89,6.39,505.5,groundnut,alluvial soil
117.1,78.1,9.6,25.88,52.46,8.72,1415.3,soybean,alluvial soil
34.5,31.7,28.9,27.24,42.99,7.89,502.4,chickpea,black soil
95.0,50.5,61.6,28.48,72.16,6.41,892.5,tomato,alluvial soil
115.4,68.6,87.3,20.79,63.02,7.47,645.6,grapes,black soil
40.0,31.6,30.6,27.27,40.77,6.96,607.8,bajra,alluvial soil
33.2,8.7,19.8,17.93,85.8,9.01,1371.0,jowar,laterite soil
16.4,30.6,28.6,25.94,56.24,7.29,722.0,greengram,black soil
31.0,33.4,28.0,29.02,54.04,7.92,602.8,chickpea,black soil
69.5,26.1,8.8,22.86,30.31,5.1,708.7,greengram,red soil
88.4,44.1,51.3,18.45,57.05,6.14,880.1,onion,black soil
74.5,54.1,41.9,25.34,54.39,7.09,726.8,cotton,red soil
80.8,52.6,67.6,27.71,58.65,6.84,675.2,onion,black soil
114.5,57.4,73.8,24.66,57.56,6.61,654.9,grapes,red soil
27.5,33.7,34.4,24.72,67.05,7.86,815.6,pigeonpeas,red soil
95.6,50.1,72.7,30.83,51.24,6.84,783.5,pomegranate,red soil
69.3,74.2,88.6,18.4,40.46,6.7,320.5,chickpea,alluvial soil
80.0,77.6,39.1,35.0,46.12,7.14,240.6,bajra,alluvial soil
28.2,31.1,25.3,29.28,54.51,7.09,861.7,pigeonpeas,black soil
64.9,48.8,88.5,34.38,40.15,8.28,1137.4,cotton,laterite soil
86.8,36.4,57.8,25.22,74.2,7.14,763.2,chilli,black soil
48.0,39.1,27.3,22.97,62.97,6.59,743.4,soybean,alluvial soil
98.7,59.9,94.1,28.34,53.28,7.08,777.1,grapes,red soil
10.6,19.8,12.2,41.12,28.41,6.36,2058.9,pigeonpeas,laterite soil
45.7,32.0,47.6,23.19,61.07,6.9,898.0,ragi,laterite soil
85.7,46.8,62.8,24.33,62.09,5.56,912.3,maize,red soil
52.9,33.4,47.7,20.75,56.96,6.79,531.7,sunflower,black soil
38.3,31.6,14.6,19.55,34.82,6.23,1840.6,sugarcane,laterite soil
37.0,34.5,26.8,27.28,48.06,6.46,420.8,bajra,alluvial soil
55.2,39.6,38.4,19.29,35.29,6.99,444.0,safflower,red soil
76.8,45.9,46.6,28.01,73.12,7.32,801.5,maize,black soil
61.9,47.0,41.4,29.96,49.71,6.73,700.3,sunflower,black soil
118.5,43.3,95.0,22.0,87.84,7.74,202.6,blackgram,red soil
139.6,45.7,29.5,31.79,66.53,8.24,2131.7,pigeonpeas,laterite soil
52.3,37.2,36.1,18.56,45.47,6.87,631.3,safflower,black soil
99.8,40.7,47.7,27.33,60.73,5.79,729.7,maize,black soil
51.2,34.1,36.1,28.27,58.17,6.71,610.4,jowar,black soil
42.9,4.0,21.5,33.12,81.87,7.37,1842.4,blackgram,red soil
0.0,24.8,32.1,28.05,20.37,4.6,1539.9,grapes,laterite soil
48.8,44.1,45.3,21.85,66.21,6.22,912.0,ragi,laterite soil
89.9,75.0,7.7,44.8,25.58,5.74,2337.3,onion,laterite soil
22.3,32.4,28.7,27.39,62.27,7.43,612.1,greengram,alluvial soil
92.0,51.3,51.6,24.11,58.63,5.68,944.2,maize,alluvial soil
49.9,27.3,26.4,29.5,59.21,7.98,526.7,bajra,red soil
88.9,53.2,89.9,31.8,49.15,6.75,634.4,pomegranate,black soil
21.3,30.8,30.8,32.46,54.07,7.09,516.8,groundnut,alluvial soil
26.3,29.7,28.6,28.32,51.29,7.1,669.4,blackgram,red soil
21.6,28.6,43.3,28.83,55.96,7.47,646.7,groundnut,alluvial soil
120.6,52.4,66.7,16.08,68.1,5.66,1395.0,chilli,red soil
71.7,44.0,51.4,15.87,58.05,7.05,525.7,wheat,alluvial soil
77.6,48.1,52.4,28.27,59.36,7.36,662.9,chilli,red soil
59.5,22.7,45.3,19.82,84.84,5.29,274.1,ragi,laterite soil
24.9,25.3,80.0,24.3,84.7,8.77,1465.1,groundnut,alluvial soil
8.9,2.4,2.4,42.11,82.11,7.21,2223.9,soybean,black soil
18.7,5.0,43.6,24.66,46.81,9.14,1418.9,lentil,black soil
119.8,49.9,62.6,26.13,69.99,6.77,605.9,tomato,red soil
41.2,34.4,25.4,34.88,50.44,6.47,426.2,bajra,red soil
120.0,49.6,2.5,32.88,42.26,5.37,436.1,groundnut,laterite soil
63.6,46.7,46.1,21.19,58.91,7.24,540.6,wheat,black soil
99.4,56.5,57.7,27.32,67.96,6.09,940.4,tomato,red soil
39.4,35.2,94.0,14.76,91.45,5.42,876.5,sugarcane,black soil
86.1,45.2,58.5,31.61,54.14,7.97,542.0,cotton,black soil
13.7,72.5,40.1,34.35,64.64,8.67,1733.4,grapes,red soil
130.9,27.9,49.0,23.06,58.69,5.24,740.6,wheat,black soil
85.5,62.1,71.0,27.35,46.85,7.16,732.7,pomegranate,red soil
15.8,26.7,24.6,27.34,55.2,6.76,494.8,lentil,black soil
29.3,43.0,35.3,32.84,52.98,6.17,891.7,groundnut,red soil
72.9,13.9,24.1,32.29,82.88,8.47,1604.9,grapes,black soil
41.4,38.7,27.2,28.75,78.17,7.34,640.6,soybean,black soil
38.4,25.1,28.0,31.5,47.68,7.17,498.4,bajra,red soil
26.7,42.1,27.5,22.56,51.32,6.75,771.6,pigeonpeas,black soil
41.1,39.4,36.2,22.1,64.43,6.49,767.8,ragi,red soil
103.0,50.5,6.6,26.79,82.99,7.82,2264.2,maize,black soil
93.5,61.4,85.7,28.03,49.09,6.57,636.1,pomegranate,red soil
31.9,31.5,30.4,31.25,47.25,7.31,663.2,pigeonpeas,red soil
90.0,34.7,45.6,15.27,85.52,7.61,1617.2,grapes,alluvial soil
80.1,40.8,58.6,24.12,60.23,6.86,735.8,chilli,black soil
120.8,3.9,20.3,29.0,51.82,8.8,2060.7,pigeonpeas,alluvial soil
94.3,69.6,40.6,29.83,64.54,8.46,1257.6,cotton,alluvial soil
91.9,29.8,30.2,27.27,29.15,4.53,239.6,onion,alluvial soil
37.9,21.7,26.6,29.08,40.84,7.07,561.5,bajra,red soil
35.3,43.0,39.2,29.38,68.79,6.07,711.6,groundnut,alluvial soil
99.7,61.2,84.8,28.06,56.36,7.37,700.6,pomegranate,black soil
82.7,3.8,97.3,24.23,78.51,6.1,351.1,soybean,red soil
54.8,42.9,46.6,21.67,50.65,6.36,919.3,ragi,red soil
25.0,34.2,46.8,25.02,63.19,6.12,872.3,groundnut,red soil
21.0,22.6,16.3,31.78,62.83,7.46,763.4,blackgram,red soil
59.5,25.8,11.8,29.58,40.91,7.8,1187.4,cotton,laterite soil
54.9,31.4,43.8,27.34,58.14,8.4,543.3,jowar,black soil
70.0,47.3,52.8,21.89,48.83,6.84,785.6,sunflower,black soil
99.5,7.8,86.4,41.29,32.62,7.81,435.2,blackgram,alluvial soil
83.2,51.9,67.0,28.02,47.77,6.92,781.3,pomegranate,red soil
79.9,41.0,58.4,22.64,66.64,6.16,880.2,maize,black soil
45.6,32.6,30.3,31.54,40.76,7.58,469.0,bajra,alluvial soil
88.8,50.2,67.0,20.77,74.62,6.84,765.9,onion,red soil
16.5,20.6,29.9,30.32,61.99,7.33,755.9,greengram,alluvial soil
25.7,32.7,20.2,23.72,59.37,6.85,567.4,chickpea,black soil
7.9,43.5,48.6,33.91,47.86,6.57,1854.7,safflower,alluvial soil
40.2,49.7,26.9,24.07,78.78,6.61,979.3,soybean,alluvial soil
68.7,46.7,51.9,15.28,60.94,6.4,544.6,wheat,alluvial soil
38.8,35.2,39.2,22.79,57.06,7.79,718.5,pigeonpeas,black soil
104.2,69.0,74.9,30.88,74.14,7.12,1848.9,sugarcane,alluvial soil
35.6,75.8,83.2,10.09,22.33,5.11,1479.7,bajra,laterite soil
132.9,13.7,16.4,30.36,32.3,4.88,1727.3,chickpea,red soil
61.8,21.4,48.9,21.78,20.5,7.18,1204.7,chilli,black soil
96.6,49.0,69.5,24.66,60.71,6.83,683.0,tomato,alluvial soil
50.7,30.0,36.7,27.62,63.38,7.28,465.9,jowar,black soil
52.3,30.4,30.0,28.54,44.6,6.45,498.5,bajra,alluvial soil
5.1,49.1,55.5,30.71,85.41,4.77,1813.5,cotton,red soil
92.8,40.8,68.0,25.94,68.55,6.64,738.5,onion,black soil
31.7,40.0,27.3,25.62,64.4,7.71,662.0,pigeonpeas,black soil
45.5,31.3,26.1,33.83,40.26,7.92,614.2,bajra,alluvial soil
29.5,34.8,24.7,32.28,64.28,6.76,789.7,greengram,black soil
86.3,52.8,65.9,25.36,56.42,7.5,518.1,pomegranate,red soil
25.3,55.7,81.8,18.95,73.03,5.62,1672.8,chilli,red soil
61.7,47.0,38.9,20.54,51.31,7.8,729.5,sunflower,alluvial soil
81.7,51.4,59.3,21.73,74.28,6.13,836.8,onion,black soil
93.2,44.9,46.9,24.98,65.71,7.48,769.9,maize,alluvial soil
73.4,35.3,48.1,24.29,52.67,6.83,475.0,wheat,black soil
26.0,33.0,34.5,24.37,52.57,6.86,879.0,pigeonpeas,black soil
92.2,59.3,68.9,20.08,72.04,6.65,766.7,onion,alluvial soil
80.2,45.9,41.0,33.91,63.82,6.3,527.3,cotton,red soil
21.5,34.4,27.7,25.51,48.22,7.39,440.2,lentil,alluvial soil
27.7,34.7,34.5,34.48,66.49,6.94,788.6,pigeonpeas,red soil
29.8,36.7,37.6,29.75,46.01,7.02,647.4,pigeonpeas,black soil
123.7,74.2,4.1,23.41,40.57,5.21,2306.8,chilli,red soil
23.9,29.3,28.7,26.9,59.66,7.41,510.6,lentil,alluvial soil
51.2,31.8,84.3,13.94,35.23,4.9,963.8,jowar,black soil
13.1,68.7,93.5,19.07,51.53,8.94,1342.5,lentil,red soil
63.9,33.8,48.9,20.4,55.52,6.45,936.7,ragi,laterite soil
83.3,66.2,68.9,28.4,47.87,6.9,684.4,pomegranate,black soil
20.4,19.4,74.9,36.08,53.77,5.32,1185.9,tomato,laterite soil
139.3,59.0,65.3,33.07,64.06,6.98,1927.5,sugarcane,black soil
134.4,63.8,38.4,16.06,51.28,4.52,2090.8,sunflower,red soil
3.8,0.4,36.8,31.25,35.13,7.16,596.6,grapes,red soil
118.0,59.0,55.8,25.42,68.04,6.51,611.6,tomato,alluvial soil
32.6,27.8,25.4,22.73,54.43,7.5,423.0,chickpea,red soil
111.9,53.4,74.2,32.67,71.07,7.13,1622.8,sugarcane,black soil
73.4,75.6,77.2,32.3,62.04,7.91,1405.3,tomato,alluvial soil
68.7,44.4,36.4,21.76,41.9,7.44,664.8,sunflower,alluvial soil
14.3,11.5,36.6,17.07,75.55,7.91,1989.0,jowar,alluvial soil
122.9,67.1,68.4,26.72,68.81,6.57,1798.7,sugarcane,black soil
16.4,66.1,94.2,34.25,65.29,8.94,513.9,chickpea,laterite soil
22.5,28.7,32.2,26.68,60.97,6.2,642.8,groundnut,red soil
33.9,39.8,31.7,29.0,43.04,6.58,424.6,chickpea,red soil
25.3,30.8,22.2,26.12,64.26,6.42,614.2,blackgram,red soil
114.0,15.7,5.4,13.64,57.53,7.61,939.5,pomegranate,red soil
117.9,69.9,92.1,26.5,50.69,7.05,677.3,grapes,red soil
32.5,35.1,26.3,21.95,59.46,7.06,568.9,chickpea,red soil
98.4,31.6,30.3,19.43,77.73,7.97,2449.4,tomato,black soil
24.8,23.3,18.2,32.92,52.92,6.67,770.3,blackgram,red soil
64.2,42.5,38.2,20.01,47.22,7.92,700.9,sunflower,red soil
90.6,69.1,68.9,32.32,42.95,6.86,549.5,pomegranate,red soil
85.1,12.7,63.3,31.33,72.95,4.8,2240.9,pomegranate,alluvial soil
22.4,25.0,25.9,20.94,45.25,6.77,479.5,lentil,alluvial soil
20.0,52.5,64.6,17.99,75.35,8.44,2410.4,lentil,laterite soil
36.7,28.7,37.8,28.25,50.03,6.09,441.9,bajra,alluvial soil
83.2,53.9,61.3,28.28,72.7,6.45,925.4,chilli,red soil
139.9,21.0,66.3,37.18,74.35,7.7,2419.5,pomegranate,laterite soil
44.5,12.2,7.1,12.47,28.48,7.53,879.3,maize,laterite soil
20.8,28.9,25.7,26.32,50.49,7.88,469.2,chickpea,red soil
92.6,60.4,60.1,23.57,72.11,6.95,662.2,tomato,red soil
71.4,42.3,54.2,26.9,73.29,7.15,937.0,maize,red soil
59.7,35.1,32.4,20.64,46.64,7.08,435.1,safflower,red soil
59.2,44.4,40.4,21.46,64.45,6.09,761.6,ragi,red soil
66.7,78.3,35.7,34.72,24.59,6.7,223.0,wheat,alluvial soil
12.1,37.5,73.8,44.97,21.74,6.29,1111.3,grapes,laterite soil
83.1,8.1,82.8,20.61,65.76,4.93,721.5,ragi,laterite soil
27.8,22.7,20.3,28.77,65.97,6.23,642.5,blackgram,red soil
37.0,30.6,31.5,22.34,76.77,6.22,865.2,soybean,black soil
53.1,26.9,36.2,18.64,37.66,6.8,404.6,safflower,red soil
26.1,23.3,23.0,26.29,67.16,6.08,605.4,blackgram,black soil
20.0,27.1,27.3,24.43,55.15,6.05,504.2,lentil,alluvial soil
53.5,45.6,41.8,22.99,43.4,6.87,506.7,sunflower,red soil
74.0,49.9,45.7,28.12,53.73,7.07,681.0,cotton,red soil
90.7,48.2,65.1,24.82,62.18,6.59,836.7,tomato,alluvial soil
64.0,4.7,16.3,40.08,41.71,7.46,2426.9,soybean,alluvial soil
23.8,20.8,25.0,27.83,69.15,6.22,563.4,blackgram,black soil
13.4,76.9,63.7,34.36,50.25,5.35,428.7,bajra,red soil
71.9,7.8,90.1,15.64,82.07,6.83,1650.8,maize,alluvial soil
53.3,46.1,54.0,26.15,54.16,6.8,595.7,sunflower,red soil
23.2,26.4,23.2,22.58,62.93,6.16,581.7,lentil,alluvial soil
100.2,37.4,62.2,18.84,70.27,6.11,2084.9,onion,red soil
53.0,41.7,37.1,24.4,68.65,6.03,953.6,ragi,laterite soil
69.4,43.6,40.6,17.74,67.92,6.3,551.3,wheat,alluvial soil
82.9,40.5,28.8,22.96,83.81,4.65,783.0,bajra,laterite soil
52.7,38.2,52.6,22.43,40.19,7.87,718.7,sunflower,black soil
106.1,49.2,66.6,18.49,56.49,7.0,639.4,onion,alluvial soil
55.8,39.9,45.6,23.76,50.31,7.27,891.1,ragi,laterite soil
37.1,21.0,32.4,33.63,51.42,6.91,475.4,bajra,red soil
104.7,56.1,62.7,34.73,41.66,6.79,614.3,pomegranate,black soil
62.8,45.6,35.2,25.83,55.05,7.66,670.2,sunflower,alluvial soil
31.8,36.6,21.5,20.03,40.01,7.21,566.0,chickpea,black soil
92.9,44.5,68.6,21.57,74.3,7.21,689.6,onion,alluvial soil
88.9,21.5,8.9,39.47,63.02,8.75,1655.9,wheat,alluvial soil
32.6,39.1,27.0,27.33,77.54,6.79,915.3,soybean,alluvial soil
83.0,70.0,62.2,33.29,54.67,6.54,721.2,pomegranate,red soil
95.0,44.6,61.9,27.47,58.12,7.48,853.7,maize,alluvial soil
83.4,39.8,58.9,24.53,50.99,7.01,500.6,cotton,red soil
14.8,36.7,75.9,12.45,25.16,6.61,2431.3,maize,black soil
58.2,34.5,31.8,29.29,61.2,6.53,745.7,jowar,black soil
17.9,28.6,29.7,27.06,46.7,6.84,577.1,lentil,alluvial soil
70.8,57.2,55.2,26.12,57.34,6.12,736.5,maize,red soil
23.8,32.1,15.5,25.72,86.21,7.5,413.9,blackgram,alluvial soil
24.2,35.7,29.6,23.6,59.58,6.46,563.1,chickpea,red soil
108.3,72.4,34.2,35.07,49.69,5.32,1434.6,tomato,black soil
55.7,38.4,47.1,27.1,59.75,7.3,561.0,sunflower,red soil
99.1,64.4,89.0,29.97,56.96,6.74,729.3,pomegranate,red soil
117.4,78.4,92.9,31.49,68.74,9.25,494.1,lentil,alluvial soil
23.7,24.4,22.5,33.46,66.88,6.1,584.8,blackgram,red soil
116.5,57.2,69.9,21.43,62.25,6.58,852.0,tomato,alluvial soil
60.4,33.9,82.0,11.16,75.95,8.85,895.6,tomato,alluvial soil
29.3,32.5,47.2,32.84,56.09,7.33,735.3,groundnut,alluvial soil
45.8,35.2,27.4,26.34,60.67,6.45,757.2,soybean,alluvial soil
94.0,40.3,61.8,28.58,55.89,6.93,983.6,chilli,black soil
101.9,58.1,52.9,19.45,62.09,6.86,888.6,onion,alluvial soil
99.9,61.2,96.9,25.89,59.25,6.52,838.0,grapes,black soil
51.0,30.0,35.1,19.92,46.04,7.88,460.1,safflower,black soil
65.4,45.1,49.5,23.39,56.42,7.63,589.3,sunflower,black soil
101.7,57.2,64.5,28.69,60.72,6.28,959.0,tomato,alluvial soil
42.8,39.6,32.0,22.2,40.71,7.47,569.5,safflower,black soil
66.5,40.8,48.2,20.3,66.23,7.0,631.9,wheat,alluvial soil
99.4,41.9,48.1,24.55,70.09,6.02,699.7,chilli,black soil
108.4,59.9,62.2,27.53,79.78,6.88,945.0,tomato,alluvial soil
72.5,41.8,45.3,21.13,63.72,7.32,488.4,wheat,alluvial soil
90.1,62.3,0.6,32.42,27.59,8.04,2040.1,groundnut,black soil
62.2,9.3,41.7,44.32,51.28,4.52,1751.5,cotton,black soil
83.7,57.5,55.3,21.72,55.19,5.52,939.8,maize,alluvial soil
75.5,45.2,62.0,22.5,66.0,6.91,691.8,maize,alluvial soil
37.6,6.7,52.2,16.49,66.64,7.03,1767.1,grapes,black soil
68.7,41.7,45.6,21.13,66.69,6.4,560.5,wheat,alluvial soil
61.9,57.6,5.3,23.75,87.13,5.62,1593.2,lentil,laterite soil
62.8,34.4,45.9,22.48,59.71,7.37,786.6,sunflower,red soil
21.8,42.9,43.3,27.03,58.58,7.18,819.9,groundnut,alluvial soil
23.4,33.6,29.3,18.84,61.63,6.68,576.0,lentil,black soil
55.7,29.9,34.5,17.8,51.37,6.92,541.8,safflower,red soil
53.8,35.1,44.0,28.97,68.32,6.64,647.7,ragi,laterite soil
94.7,43.6,56.4,28.92,61.31,6.56,858.6,chilli,red soil
25.7,29.2,20.7,28.37,57.17,6.78,797.8,blackgram,red soil
95.9,68.8,85.9,28.79,42.12,7.22,549.9,pomegranate,black soil
136.0,64.2,71.6,13.86,59.47,8.36,2306.7,groundnut,laterite soil
20.7,20.3,24.4,27.45,56.5,7.43,504.3,greengram,black soil
0.3,79.5,2.2,15.11,27.55,7.44,1133.1,cotton,black soil
47.7,30.3,27.9,30.29,52.42,7.08,401.6,bajra,red soil
109.3,69.4,61.3,25.64,83.96,7.28,1982.3,sugarcane,alluvial soil
91.8,58.3,75.9,28.56,56.39,7.47,731.1,grapes,black soil
58.4,54.9,13.5,35.41,26.95,7.15,963.4,pomegranate,alluvial soil
85.1,67.1,84.6,33.61,60.0,7.22,666.6,pomegranate,red soil
35.1,26.7,40.7,25.85,55.82,6.3,688.5,groundnut,red soil
92.3,15.3,74.7,39.92,33.86,8.63,1262.6,blackgram,black soil
52.8,25.7,28.1,30.5,53.17,6.42,591.6,bajra,red soil
24.9,70.1,37.3,27.28,47.06,5.18,2317.3,soybean,laterite soil
55.2,31.5,31.6,22.17,35.75,6.71,581.0,safflower,black soil
96.2,50.0,62.0,24.86,56.3,6.71,795.2,onion,red soil
21.8,27.7,29.0,26.34,52.13,6.99,591.7,greengram,alluvial soil
107.7,55.8,58.4,28.98,78.91,6.15,633.7,tomato,alluvial soil
91.9,42.9,52.9,20.2,64.15,6.22,891.9,onion,red soil
19.2,26.6,24.9,24.67,56.1,6.88,472.2,lentil,alluvial soil
49.9,35.8,31.6,31.72,61.61,8.09,516.6,jowar,red soil
98.3,41.2,57.5,30.51,73.34,6.45,716.0,chilli,black soil
46.7,37.8,36.1,17.25,39.63,7.52,507.2,safflower,black soil
82.1,53.6,56.4,28.62,67.94,6.2,655.8,cotton,red soil
15.9,31.4,24.3,18.99,47.14,6.51,567.5,lentil,alluvial soil
62.6,38.2,53.6,32.85,52.58,7.7,838.5,cotton,red soil
72.0,35.8,43.1,22.93,60.84,6.88,547.7,wheat,black soil
119.6,51.2,82.6,27.87,60.75,7.25,716.5,grapes,red soil
124.3,61.0,85.3,30.62,63.24,6.88,1428.5,sugarcane,black soil
100.2,53.4,51.8,18.65,61.23,6.24,802.6,onion,alluvial soil
26.9,29.0,19.3,33.49,62.57,6.76,716.5,blackgram,red soil
19.8,29.6,19.2,27.5,58.38,7.5,672.3,blackgram,black soil
113.6,46.0,41.9,17.64,71.14,9.02,1160.0,sugarcane,laterite soil
133.4,65.6,11.6,39.32,67.39,7.15,2442.2,lentil,laterite soil
50.1,39.4,52.8,20.93,43.24,6.56,563.5,sunflower,alluvial soil
54.6,37.5,45.8,25.56,57.67,6.34,746.6,ragi,red soil
56.5,41.4,39.5,21.62,42.88,6.59,755.3,sunflower,alluvial soil
25.2,33.1,23.6,33.12,62.74,6.56,529.2,blackgram,black soil
46.2,32.3,33.1,31.63,47.54,7.59,722.1,jowar,black soil
23.1,26.0,21.1,25.56,61.83,6.94,555.5,lentil,alluvial soil
18.2,33.7,20.5,23.27,54.26,7.15,536.5,lentil,alluvial soil
10.5,40.9,42.3,43.42,35.64,5.55,2245.4,lentil,alluvial soil
59.1,37.9,49.9,23.74,55.2,7.57,665.9,sunflower,black soil
40.6,40.3,47.9,20.54,51.21,6.17,682.3,ragi,laterite soil
24.0,38.5,19.1,28.47,88.44,5.22,971.8,onion,red soil
25.3,38.7,28.7,27.85,57.06,7.98,563.7,chickpea,black soil
74.8,42.1,42.0,24.61,62.96,7.4,798.9,cotton,red soil
26.1,43.0,30.2,26.23,47.3,6.76,827.8,pigeonpeas,red soil
55.5,31.0,21.7,29.31,60.27,5.49,1120.9,greengram,laterite soil
22.6,33.5,17.0,34.61,65.99,7.12,658.0,blackgram,black soil
117.5,64.6,23.4,21.1,60.58,4.54,2328.8,cotton,alluvial soil
94.9,40.1,62.2,22.39,69.53,5.61,799.6,maize,alluvial soil
116.6,54.9,79.7,25.73,55.75,7.32,657.1,grapes,black soil
10.0,77.7,99.5,39.16,94.02,8.94,1919.4,onion,laterite soil
24.9,26.6,16.2,33.38,65.95,6.6,510.9,blackgram,red soil
17.7,29.9,23.1,23.84,54.68,6.43,472.6,lentil,black soil
43.7,32.5,29.4,32.91,50.86,6.13,636.9,bajra,alluvial soil
71.1,49.5,59.7,32.53,56.42,7.67,781.2,cotton,black soil
36.8,26.4,41.4,27.3,66.47,7.06,841.0,groundnut,alluvial soil
53.4,52.6,70.4,39.34,20.94,9.47,830.0,wheat,laterite soil
27.8,21.2,22.8,33.35,53.45,6.98,589.6,greengram,black soil
51.9,18.7,70.1,32.5,42.62,4.98,1477.3,sunflower,laterite soil
1.0,46.9,84.4,19.49,22.46,9.49,1386.1,ragi,alluvial soil
59.8,35.1,36.6,28.6,65.59,6.46,708.0,ragi,laterite soil
93.6,69.0,94.5,25.07,63.99,6.54,824.2,grapes,black soil
90.6,69.2,99.8,35.2,33.22,8.64,402.7,chickpea,black soil
48.2,32.3,35.2,26.92,59.61,6.82,595.0,bajra,red soil
6.1,1.4,54.5,39.8,91.83,5.68,250.0,chickpea,laterite soil
66.2,40.1,51.4,24.35,59.01,6.6,535.2,sunflower,black soil
38.3,34.8,28.6,32.14,46.37,7.91,633.4,bajra,alluvial soil
61.7,47.4,48.4,21.21,58.32,6.83,504.3,wheat,alluvial soil
51.5,33.0,37.3,21.09,54.99,6.56,467.0,safflower,black soil
56.4,30.5,39.5,20.82,56.43,6.41,863.0,ragi,red soil
21.0,33.1,17.3,31.92,50.86,7.05,676.3,blackgram,black soil
91.1,56.7,79.8,28.46,56.17,6.61,704.6,grapes,black soil
61.1,41.4,49.0,20.95,54.0,7.32,491.3,wheat,black soil
102.4,52.1,62.2,21.35,65.57,6.69,681.2,onion,red soil
137.4,67.8,28.4,40.96,65.34,9.08,1018.1,pigeonpeas,laterite soil
47.8,22.0,29.6,27.42,42.54,7.54,566.7,bajra,alluvial soil
130.4,50.5,68.5,29.59,62.97,6.81,1641.1,sugarcane,alluvial soil
98.1,46.1,49.5,22.84,67.92,6.55,716.3,maize,black soil
19.2,26.7,28.6,19.88,60.02,6.32,599.2,lentil,black soil
55.8,26.2,38.3,22.97,42.89,7.89,530.4,safflower,red soil
110.7,64.8,64.5,33.1,70.38,7.27,1912.0,sugarcane,alluvial soil
95.1,49.2,46.1,30.61,59.02,6.97,686.9,chilli,black soil
46.7,22.6,34.8,30.64,50.15,7.21,628.5,bajra,alluvial soil
59.5,39.8,39.5,26.86,49.54,7.62,700.0,sunflower,alluvial soil
84.5,65.3,82.6,28.5,50.0,6.57,579.9,pomegranate,red soil
51.0,39.6,38.2,24.62,38.79,6.58,436.4,safflower,black soil
22.2,38.8,36.2,25.72,67.52,6.34,500.8,groundnut,alluvial soil
1.6,37.7,75.3,12.33,64.45,4.98,2195.1,chickpea,red soil
29.6,14.3,62.5,43.59,49.45,6.32,419.0,maize,laterite soil
129.1,67.9,44.3,37.7,48.14,7.3,1836.8,lentil,laterite soil
22.1,25.8,39.9,32.73,66.19,7.17,728.4,groundnut,alluvial soil
24.1,23.0,28.1,28.16,66.8,6.31,516.2,blackgram,red soil
92.1,57.6,73.5,25.73,69.32,7.47,700.6,grapes,black soil
16.0,26.7,22.8,21.42,56.16,6.01,431.5,lentil,black soil
65.7,47.0,45.4,27.11,88.01,6.88,2467.0,greengram,black soil
53.6,37.4,40.9,23.0,37.92,7.64,413.0,safflower,red soil
21.0,28.7,30.1,29.94,49.97,6.77,502.4,chickpea,black soil
27.4,41.6,27.6,29.23,49.81,6.51,839.9,pigeonpeas,red soil
57.2,34.6,35.9,18.65,36.52,6.6,646.6,safflower,black soil
85.0,67.5,77.1,32.6,50.57,7.19,723.1,pomegranate,black soil
82.8,49.9,62.2,24.44,72.51,6.27,708.8,maize,black soil
46.9,30.2,40.1,18.9,54.16,6.55,529.7,safflower,black soil
28.8,24.9,15.1,32.78,51.42,7.0,508.2,blackgram,red soil
46.9,41.9,38.6,24.08,57.35,6.87,849.1,ragi,laterite soil
24.4,44.0,52.9,21.41,26.11,5.73,1220.2,safflower,laterite soil
24.5,4.5,80.5,13.81,57.45,9.42,1119.5,wheat,laterite soil
34.6,36.5,40.2,29.34,75.43,6.87,632.8,soybean,alluvial soil
58.0,49.3,48.2,21.62,46.45,7.71,614.4,sunflower,alluvial soil
34.0,45.7,38.3,25.1,62.18,6.69,827.7,soybean,black soil
34.5,32.3,30.2,20.36,44.42,7.2,613.2,chickpea,black soil
17.6,26.3,28.3,24.69,55.3,6.09,576.8,lentil,black soil
89.8,45.1,63.9,21.48,71.43,5.85,728.3,maize,black soil
57.9,41.6,42.2,20.43,62.19,5.97,926.0,ragi,laterite soil
32.1,38.7,34.4,29.85,50.94,6.04,491.4,chickpea,red soil
131.4,61.6,70.5,33.81,61.84,7.09,1798.7,sugarcane,alluvial soil
102.1,59.9,88.2,30.6,41.0,8.69,317.7,wheat,red soil
116.5,71.0,81.3,14.09,55.53,8.94,2235.6,onion,black soil
25.8,26.7,22.1,26.51,60.69,6.9,646.3,blackgram,black soil
71.9,45.4,60.6,28.17,74.24,6.51,637.7,chilli,red soil
3.2,70.1,12.6,22.55,59.17,7.96,1564.2,tomato,laterite soil
54.9,31.3,33.2,19.98,47.96,8.0,439.8,safflower,red soil
37.8,20.2,29.7,30.59,43.82,7.09,608.2,bajra,alluvial soil
75.0,48.2,46.4,30.87,65.16,7.2,789.7,cotton,red soil
95.7,50.9,49.1,25.66,55.33,6.13,893.0,chilli,black soil
25.1,21.7,28.3,29.68,65.06,6.58,584.8,greengram,black soil
32.8,39.5,35.8,28.34,54.48,6.47,723.4,groundnut,red soil
21.5,24.4,22.9,34.22,68.21,6.52,710.6,blackgram,black soil
59.1,39.7,31.0,30.65,54.94,6.99,631.9,jowar,black soil
51.8,30.3,39.0,23.32,55.76,7.43,604.3,sunflower,black soil
56.1,28.5,43.9,15.18,49.05,7.47,605.3,safflower,red soil
30.5,46.8,63.0,24.25,86.84,6.02,1120.0,pomegranate,red soil
103.8,3.9,6.1,31.73,88.55,7.66,1757.9,soybean,red soil
114.7,68.2,85.7,25.5,64.2,7.31,1463.9,sugarcane,black soil
108.8,57.8,70.7,31.78,63.95,7.39,1353.8,sugarcane,black soil
51.3,1.2,26.4,30.35,22.88,6.42,2469.4,maize,black soil
24.7,22.9,21.5,29.61,62.03,6.61,623.8,greengram,black soil
48.9,42.6,39.5,29.13,66.64,7.15,737.4,soybean,black soil
44.3,34.5,29.2,26.79,65.41,6.91,710.3,soybean,alluvial soil
29.1,45.4,72.7,35.21,72.82,7.74,297.6,onion,red soil
69.5,37.4,41.6,15.4,56.91,6.24,649.5,wheat,black soil
69.7,43.0,57.6,29.68,53.64,7.06,955.7,cotton,red soil
24.6,27.0,34.5,30.69,55.59,6.27,679.3,groundnut,red soil
76.0,35.1,46.3,24.91,64.62,7.42,514.5,wheat,black soil
66.0,43.4,43.9,18.83,55.19,6.65,479.3,wheat,black soil
32.1,29.2,34.6,27.14,57.05,7.48,679.6,groundnut,red soil
0.0,17.0,51.7,40.07,55.42,8.42,990.0,chilli,black soil
19.3,32.9,29.9,30.84,62.44,7.34,608.6,blackgram,red soil
22.4,30.0,24.5,19.75,60.74,6.21,581.3,lentil,alluvial soil
31.0,26.2,24.0,20.8,49.31,7.79,604.0,chickpea,red soil
49.4,25.3,32.2,28.18,49.47,7.38,400.7,bajra,alluvial soil
19.1,63.6,63.0,26.33,58.41,7.03,1367.9,groundnut,black soil
37.9,42.1,40.7,29.39,50.48,7.2,742.0,groundnut,alluvial soil
56.3,29.3,36.6,30.25,57.24,7.14,593.9,jowar,red soil
35.6,32.5,35.3,26.73,56.85,7.16,573.5,bajra,red soil
85.2,62.5,4.0,16.98,33.7,9.28,2495.3,jowar,red soil
109.1,2.2,31.6,23.95,42.61,5.75,523.8,chilli,laterite soil
56.4,39.2,43.8,25.08,55.74,6.79,651.7,jowar,red soil
5.6,59.1,25.3,39.3,31.96,8.05,791.6,chilli,laterite soil
112.0,53.4,73.3,25.87,55.38,6.95,794.0,grapes,red soil
115.1,76.3,64.2,28.06,71.64,9.37,1101.5,greengram,alluvial soil
113.6,44.0,84.4,36.36,59.51,5.89,1533.2,ragi,laterite soil
66.8,75.7,43.8,15.22,60.24,9.38,424.4,sugarcane,alluvial soil
81.0,43.9,56.8,26.62,63.14,7.05,683.4,maize,black soil
58.3,43.0,44.6,26.95,58.74,6.51,606.6,ragi,laterite soil
21.2,28.0,20.8,22.67,43.13,7.93,500.3,chickpea,black soil
46.9,39.3,44.0,29.73,76.6,6.38,930.0,soybean,black soil
24.3,24.4,24.1,32.29,67.18,6.06,604.0,blackgram,black soil
26.5,25.3,24.8,25.14,53.55,7.33,502.5,greengram,alluvial soil
78.2,54.2,57.2,29.98,71.34,6.25,614.7,chilli,red soil
91.0,46.5,56.2,22.3,60.77,6.27,842.0,tomato,alluvial soil
74.3,48.6,59.3,27.78,70.21,6.82,688.3,maize,red soil
65.5,38.5,43.4,26.63,43.34,6.63,671.1,sunflower,black soil
93.2,14.9,1.7,35.73,36.49,8.39,1009.5,jowar,laterite soil
53.4,46.7,46.7,27.99,41.43,7.16,548.3,sunflower,alluvial soil
16.2,33.5,28.9,25.61,52.24,6.34,505.3,lentil,alluvial soil
101.1,50.0,73.2,25.98,51.17,6.97,606.8,pomegranate,red soil
35.4,35.9,38.3,22.41,61.96,6.63,884.0,pigeonpeas,black soil
66.4,37.8,50.7,28.47,60.2,7.94,725.9,cotton,black soil
80.1,56.2,50.7,27.05,60.1,6.83,871.7,onion,red soil
101.6,54.6,78.2,29.06,58.12,7.4,861.8,grapes,black soil
92.5,42.5,54.8,22.06,59.39,7.21,954.8,maize,red soil
35.2,42.3,79.0,13.83,20.19,9.22,1258.8,wheat,alluvial soil
111.5,57.6,73.2,25.79,83.46,6.93,1706.5,sugarcane,alluvial soil
102.3,55.4,87.6,29.3,65.28,6.71,830.1,grapes,black soil
53.3,42.5,46.3,20.35,61.02,7.04,907.3,ragi,red soil
70.6,40.8,41.8,33.46,62.44,6.25,786.2,cotton,red soil
42.8,37.5,34.2,23.61,44.65,7.84,423.6,safflower,black soil
137.2,76.6,23.0,30.64,29.22,5.66,577.8,pigeonpeas,red soil
25.7,31.6,20.2,30.83,59.59,6.91,785.1,greengram,black soil
51.7,44.4,39.2,23.0,52.91,7.47,609.3,ragi,red soil
25.9,32.9,25.3,26.72,61.54,6.88,679.7,greengram,alluvial soil
46.3,26.9,30.3,30.47,56.55,6.99,708.2,jowar,black soil
41.8,33.9,45.8,27.08,66.38,7.28,891.5,ragi,red soil
47.4,42.4,26.0,22.78,74.54,6.86,964.8,soybean,black soil
41.4,40.2,36.5,27.08,74.55,7.24,904.0,soybean,alluvial soil
26.9,24.3,27.0,34.67,53.12,6.85,790.0,greengram,black soil
87.2,54.7,54.3,26.41,53.88,6.78,770.0,cotton,black soil
136.6,62.0,45.2,22.98,22.93,8.29,648.1,lentil,red soil
79.6,49.9,55.0,26.5,64.65,7.12,726.6,cotton,black soil
48.2,31.6,32.3,19.86,41.01,6.95,493.5,safflower,red soil
28.2,39.6,29.1,23.04,51.62,7.6,519.0,chickpea,black soil
70.3,58.4,28.2,15.84,52.78,7.37,1754.5,cotton,black soil
43.9,25.5,31.2,29.77,48.12,6.63,422.7,bajra,red soil
35.9,23.0,30.5,30.8,58.36,7.19,501.0,bajra,red soil
8.2,30.3,70.7,20.93,76.98,8.12,485.0,chilli,black soil
65.5,35.1,54.4,20.37,59.45,6.53,532.4,wheat,alluvial soil
53.3,75.3,2.2,35.33,84.64,8.98,1106.2,safflower,alluvial soil
92.9,42.1,15.5,44.33,32.57,5.09,582.2,tomato,black soil
101.0,49.8,55.3,21.02,60.08,6.85,962.3,onion,black soil
64.0,47.9,36.9,23.02,59.12,7.56,700.2,sunflower,alluvial soil
95.8,59.2,62.9,24.02,68.55,6.43,975.1,onion,black soil
27.8,31.7,33.3,24.61,49.56,7.49,863.9,pigeonpeas,red soil
76.0,43.5,54.1,32.86,67.4,7.37,987.3,cotton,red soil
33.8,34.1,43.3,28.02,72.23,7.43,844.7,soybean,black soil
96.4,36.5,52.8,31.32,56.43,6.64,687.7,chilli,red soil
108.4,58.9,93.7,29.85,69.7,7.2,788.1,grapes,red soil
97.4,57.9,72.8,26.56,56.71,6.98,765.3,pomegranate,black soil
23.0,34.3,25.8,23.37,48.59,6.81,536.8,chickpea,black soil
39.2,28.2,43.3,30.8,69.03,7.45,620.9,groundnut,red soil
45.8,33.3,33.6,15.81,36.19,7.53,490.0,safflower,red soil
104.5,41.8,56.9,23.17,57.01,6.51,957.6,onion,black soil
19.7,22.8,25.5,28.6,54.02,6.7,714.8,greengram,alluvial soil
58.3,39.0,49.9,28.27,56.99,7.54,779.5,sunflower,red soil
36.4,70.4,26.1,16.62,29.77,6.61,1798.5,pomegranate,black soil
21.2,36.1,36.0,28.53,53.48,6.82,708.9,groundnut,red soil
25.0,34.4,26.6,26.18,62.39,7.47,481.7,lentil,alluvial soil
15.9,28.3,21.2,23.15,64.94,6.81,456.2,lentil,black soil
36.9,45.7,31.4,29.4,79.2,7.44,851.4,soybean,black soil
94.4,63.2,73.4,22.95,71.44,6.55,700.8,tomato,alluvial soil
91.7,66.6,73.7,29.56,60.89,7.12,612.8,grapes,black soil
43.7,38.3,32.3,29.8,62.85,6.62,535.8,jowar,red soil
80.3,65.4,86.8,27.89,41.12,6.73,596.0,pomegranate,black soil
71.6,37.6,51.2,26.52,53.15,6.57,698.0,cotton,red soil
56.6,44.9,39.6,25.08,46.06,7.57,720.7,sunflower,black soil
73.4,41.4,59.8,26.87,64.62,5.88,997.8,maize,red soil
42.1,20.4,32.7,33.76,59.37,6.43,592.4,bajra,alluvial soil
119.9,52.4,81.0,28.81,77.47,6.75,1411.1,sugarcane,black soil
126.1,26.5,34.1,32.26,67.66,6.36,1198.7,onion,black soil
116.0,67.4,82.4,31.76,66.51,6.71,1934.5,sugarcane,alluvial soil
54.7,43.2,40.3,23.72,56.36,7.99,555.8,sunflower,black soil
30.2,37.5,47.1,31.67,65.39,6.17,703.9,groundnut,red soil
74.0,51.2,58.7,28.17,65.46,7.76,769.8,cotton,black soil
64.4,48.5,44.8,20.74,52.34,6.74,632.3,wheat,black soil
135.8,59.7,70.4,28.19,77.95,7.03,1862.7,sugarcane,black soil
43.9,33.1,34.2,26.48,56.95,7.64,580.7,bajra,alluvial soil
139.7,35.5,29.2,34.75,70.37,6.97,624.9,jowar,laterite soil
20.5,40.1,39.6,25.82,64.4,6.37,525.1,groundnut,red soil
66.4,35.8,49.7,31.88,59.39,6.11,879.9,cotton,black soil
94.7,52.9,50.7,25.27,58.09,6.21,605.2,onion,red soil
24.9,36.3,33.4,30.6,53.2,6.25,588.0,groundnut,alluvial soil
17.1,20.4,27.5,33.37,53.22,6.71,662.1,greengram,alluvial soil
36.9,37.2,36.3,27.5,58.19,6.9,853.4,groundnut,red soil
42.7,28.2,33.5,29.34,50.05,6.77,509.2,jowar,red soil
23.7,7.3,26.0,30.4,56.71,6.61,1200.9,wheat,black soil
69.2,38.2,48.1,22.75,50.3,7.21,509.7,wheat,black soil
84.5,59.2,52.0,22.97,73.3,7.1,843.1,onion,alluvial soil
48.3,33.3,28.8,32.13,43.71,6.64,559.9,bajra,red soil
29.5,30.3,24.3,30.28,65.94,7.19,744.6,blackgram,red soil
24.3,3.9,6.6,14.32,60.87,5.88,2354.2,chickpea,red soil
66.6,43.3,50.6,23.74,53.76,7.53,714.1,sunflower,alluvial soil
9.2,49.1,100.0,23.18,55.12,5.17,365.8,jowar,alluvial soil
26.1,26.5,28.2,29.85,55.54,7.68,554.4,chickpea,black soil
93.3,5.6,32.8,24.63,21.04,6.43,1959.6,jowar,laterite soil
130.5,57.2,73.7,30.82,81.68,7.11,1501.9,sugarcane,alluvial soil
43.5,34.0,37.3,21.59,54.93,6.76,664.6,ragi,red soil
104.3,69.9,91.8,25.36,60.99,7.5,617.5,grapes,red soil
99.6,59.6,49.3,29.99,66.46,5.79,704.5,maize,black soil
18.7,24.8,29.2,28.72,65.93,7.49,676.4,greengram,black soil
64.0,44.4,48.4,31.75,60.11,6.18,575.9,cotton,black soil
25.4,29.8,27.0,25.18,52.59,6.76,697.3,blackgram,red soil
107.3,52.0,63.7,30.25,57.56,6.51,667.7,pomegranate,black soil
96.0,49.3,62.7,23.68,55.71,7.2,705.1,chilli,black soil
18.1,20.8,25.4,34.35,55.49,7.41,653.7,greengram,alluvial soil
33.9,39.3,44.6,29.97,64.93,7.08,702.4,soybean,alluvial soil
69.4,47.6,46.4,22.16,52.81,6.61,547.1,wheat,black soil
31.8,42.4,30.3,31.63,50.7,7.04,804.9,groundnut,red soil
22.3,31.9,29.1,28.54,59.54,6.69,788.8,greengram,black soil
53.1,30.8,53.5,21.03,49.18,7.9,630.4,sunflower,alluvial soil
58.4,39.4,37.6,26.63,58.17,7.8,543.2,sunflower,red soil
75.6,40.9,47.5,27.36,68.34,6.37,933.9,chilli,black soil
55.6,36.8,42.5,30.62,48.31,8.34,546.7,jowar,red soil
98.6,44.3,63.6,22.64,63.4,6.12,610.9,chilli,black soil
26.7,23.0,24.6,26.8,69.84,6.96,718.7,blackgram,black soil
81.2,39.4,60.0,27.7,70.43,6.87,815.4,chilli,red soil
25.8,28.8,29.1,21.42,52.59,7.75,547.3,chickpea,red soil
121.8,69.0,78.5,29.29,72.84,6.54,1939.6,sugarcane,alluvial soil
98.6,53.4,86.7,24.2,67.13,6.77,787.9,grapes,red soil
60.1,46.1,41.5,17.34,60.75,7.12,582.0,wheat,alluvial soil
47.4,30.0,39.0,29.02,70.66,7.05,766.1,soybean,black soil
46.8,4.5,80.1,12.17,45.58,6.03,1779.8,cotton,laterite soil
63.0,50.9,42.4,34.23,63.78,7.22,623.1,cotton,red soil
94.8,52.3,58.4,30.11,61.12,7.42,752.1,chilli,black soil
109.2,57.4,63.7,32.45,42.28,6.82,727.7,pomegranate,red soil
115.6,54.0,95.5,23.51,51.46,7.29,721.9,grapes,red soil
78.3,53.9,58.2,24.82,54.06,6.47,830.2,cotton,black soil
49.1,29.7,41.5,31.8,45.28,7.06,501.9,jowar,red soil
107.7,52.1,87.4,25.2,45.83,6.72,583.7,pomegranate,black soil
45.5,36.7,31.5,18.09,47.6,7.03,543.0,safflower,red soil
84.9,62.9,66.4,30.0,55.82,7.28,549.5,pomegranate,red soil
59.1,28.5,33.7,28.14,50.91,8.28,701.3,jowar,red soil
106.1,63.3,68.0,34.95,42.17,6.72,574.3,pomegranate,black soil
31.1,18.1,30.7,31.16,45.75,8.69,1037.4,bajra,black soil
42.0,30.5,43.0,23.04,39.0,7.32,458.0,safflower,red soil
50.9,38.4,41.5,29.28,54.72,8.15,488.0,jowar,red soil
18.6,21.2,18.5,32.68,51.31,6.7,524.1,blackgram,black soil
106.1,53.9,66.9,25.1,71.77,7.23,753.3,onion,red soil
25.8,20.6,23.7,28.65,68.99,7.06,618.4,greengram,alluvial soil
48.8,36.4,40.3,27.27,63.13,6.77,538.8,jowar,red soil
64.7,49.2,47.8,18.12,57.51,6.54,500.0,wheat,black soil
85.3,56.4,56.3,24.8,64.43,6.85,733.9,onion,red soil
49.1,37.4,28.1,29.58,78.81,6.83,945.1,soybean,black soil
60.3,31.8,43.9,20.55,58.9,6.83,721.1,ragi,laterite soil
47.3,29.6,34.5,26.98,45.46,7.61,682.7,jowar,red soil
79.4,35.8,58.1,26.98,55.62,6.92,864.1,chilli,red soil
103.2,50.5,38.8,25.54,91.45,6.18,1387.5,greengram,laterite soil
53.7,29.0,43.6,23.44,35.22,7.13,461.3,safflower,black soil
93.9,24.2,45.8,26.22,47.19,9.32,994.2,bajra,red soil
55.5,31.6,36.3,29.97,51.79,7.44,671.0,sunflower,black soil
77.8,57.4,48.1,24.51,72.73,7.21,673.8,maize,red soil
80.0,33.1,76.4,41.72,35.37,8.56,254.5,sugarcane,alluvial soil
54.0,38.0,34.8,23.15,52.68,7.96,583.9,safflower,black soil
126.9,52.0,97.4,20.54,50.74,8.16,1319.9,chilli,black soil
101.4,49.4,50.3,21.1,57.14,8.51,389.6,onion,red soil
1.5,35.4,53.1,24.61,30.32,9.02,724.6,pomegranate,black soil
78.8,49.5,63.1,25.46,72.24,7.08,925.2,maize,black soil
8.2,12.1,61.4,25.2,85.2,6.52,724.5,lentil,alluvial soil
37.9,30.2,36.1,23.57,65.84,7.61,833.5,pigeonpeas,black soil
103.3,68.9,76.4,25.28,59.56,6.62,658.6,pomegranate,black soil
87.9,53.7,76.3,28.37,45.82,7.24,623.2,pomegranate,black soil
26.7,29.5,25.4,21.53,58.04,6.7,433.1,chickpea,red soil
58.0,34.4,38.2,29.45,47.96,6.77,631.2,sunflower,black soil
25.1,38.1,33.1,29.61,58.57,7.14,816.9,pigeonpeas,red soil
72.2,9.2,63.4,10.52,56.0,5.96,1975.3,sunflower,alluvial soil
32.4,34.6,42.7,31.97,54.13,7.12,745.1,groundnut,red soil
111.8,69.0,84.4,22.23,62.29,7.08,790.6,grapes,black soil
75.0,41.9,44.4,38.11,44.65,9.18,571.5,tomato,red soil
110.9,52.9,67.0,25.18,73.89,6.88,864.4,tomato,alluvial soil
46.8,36.0,35.5,22.44,53.56,6.32,882.5,ragi,red soil
101.0,60.9,76.9,29.64,80.02,7.1,1549.1,sugarcane,black soil
64.7,65.1,24.8,18.12,49.03,5.81,503.9,tomato,black soil
16.0,32.4,24.4,31.54,58.75,6.96,612.9,greengram,alluvial soil
63.8,39.5,52.2,24.96,56.89,7.37,790.5,sunflower,alluvial soil
55.7,25.9,44.8,30.72,45.47,7.72,665.7,jowar,red soil
54.5,79.3,53.6,15.18,75.81,6.99,200.6,ragi,alluvial soil
94.3,43.6,66.3,23.63,68.88,6.86,715.6,onion,alluvial soil
81.1,60.2,89.1,31.6,44.57,7.07,603.7,pomegranate,red soil
22.1,22.2,26.3,29.76,62.28,7.46,611.0,blackgram,black soil
33.7,28.0,27.8,26.14,51.53,7.09,424.6,chickpea,red soil
55.7,39.7,42.2,23.04,66.86,7.14,613.7,ragi,laterite soil
104.1,54.3,66.1,26.9,74.28,6.8,1453.9,sugarcane,black soil
91.9,39.9,52.2,31.82,73.93,7.14,929.0,chilli,red soil
34.4,44.8,35.0,28.73,79.72,6.63,945.4,soybean,alluvial soil
24.7,25.8,28.4,22.78,49.87,6.44,541.7,lentil,alluvial soil
54.0,33.0,39.2,27.19,56.03,6.91,679.1,jowar,black soil
44.5,35.2,30.2,22.0,50.41,7.65,588.8,safflower,red soil
21.5,34.6,25.0,27.13,43.32,6.53,629.5,chickpea,black soil
132.3,62.9,84.7,25.96,65.12,7.34,1550.6,sugarcane,alluvial soil
50.6,37.1,46.5,24.32,59.03,7.62,770.2,sunflower,alluvial soil
20.8,66.5,80.4,39.64,87.08,6.71,2460.7,chickpea,alluvial soil
119.7,50.4,68.6,21.9,74.23,6.62,901.0,tomato,alluvial soil
77.1,41.9,50.9,21.73,74.65,6.05,602.8,maize,alluvial soil
91.1,75.3,7.1,24.54,35.66,8.53,2133.7,lentil,red soil
89.6,49.3,59.2,20.67,71.25,6.09,743.8,onion,red soil
94.8,54.0,55.2,24.5,65.44,6.39,672.9,onion,alluvial soil
137.7,34.0,52.7,21.84,45.4,8.0,2442.9,wheat,black soil
80.4,57.7,59.7,23.55,62.92,7.03,730.4,maize,black soil
45.1,18.6,23.7,17.6,24.37,6.96,557.6,jowar,black soil
29.0,54.7,3.3,19.07,27.52,6.2,2183.7,safflower,black soil
34.3,35.6,35.0,22.83,75.78,7.13,827.9,soybean,alluvial soil
29.3,32.9,26.7,30.71,63.81,7.26,527.0,greengram,alluvial soil
112.1,68.7,79.0,24.16,53.67,6.66,898.6,grapes,red soil
15.2,21.7,24.1,30.77,59.48,6.86,654.6,blackgram,red soil
48.6,36.7,37.8,27.96,62.03,6.59,609.0,soybean,black soil
64.3,38.4,48.1,29.45,66.63,7.31,791.4,ragi,laterite soil
43.7,33.8,44.2,31.04,57.87,8.17,570.7,jowar,red soil
27.1,26.8,28.1,31.42,63.7,7.31,501.0,greengram,black soil
98.1,64.7,61.1,27.49,80.06,7.62,792.5,chickpea,black soil
68.0,49.9,36.2,16.84,31.99,6.62,598.7,chilli,red soil
54.5,34.8,31.6,31.81,59.25,8.39,548.9,jowar,black soil
104.3,45.5,55.0,25.31,64.93,6.23,917.3,onion,red soil
104.0,55.4,59.9,27.94,76.25,6.19,833.9,tomato,red soil
79.7,48.2,47.2,22.58,61.78,7.29,462.0,wheat,alluvial soil
96.0,68.3,7.9,23.66,35.91,4.93,1698.1,pigeonpeas,laterite soil
55.0,37.5,36.8,23.55,46.29,7.56,577.5,sunflower,red soil
18.6,37.9,93.4,35.7,48.88,5.02,1785.4,lentil,alluvial soil
48.1,30.5,31.9,23.64,44.24,7.39,595.9,safflower,red soil
20.7,28.6,23.4,22.4,59.46,6.73,484.6,lentil,black soil
43.6,28.8,25.7,27.65,55.96,7.96,460.6,bajra,red soil
69.0,45.9,45.6,23.63,66.63,7.29,476.3,wheat,black soil
50.2,35.7,37.0,29.9,55.91,7.63,530.4,jowar,red soil
113.7,12.1,48.0,29.58,33.2,7.91,1928.6,pomegranate,laterite soil
27.6,28.0,29.7,26.05,54.31,7.0,575.9,greengram,black soil
60.2,61.9,11.5,43.55,35.18,5.79,1326.5,sugarcane,laterite soil
73.0,7.0,86.2,41.29,77.84,7.12,2132.4,blackgram,laterite soil
93.4,39.0,46.3,22.63,58.51,6.92,656.1,chilli,black soil
15.7,23.3,16.7,29.99,56.73,6.43,764.7,blackgram,red soil
24.8,25.9,27.8,22.81,55.92,6.93,476.8,lentil,alluvial soil
20.7,34.2,27.9,22.78,61.77,6.36,531.9,lentil,alluvial soil
79.4,47.6,53.8,24.75,65.47,6.15,537.9,wheat,alluvial soil
20.6,34.9,20.0,29.16,42.94,7.3,555.0,chickpea,red soil
24.8,26.0,35.0,29.42,64.13,6.91,683.1,groundnut,red soil
49.7,33.9,12.3,30.44,54.69,6.31,498.6,grapes,alluvial soil
121.0,58.2,12.6,31.7,88.87,9.13,1931.3,onion,black soil
54.1,32.2,28.4,29.88,44.42,6.23,454.6,bajra,alluvial soil
53.5,27.8,37.2,16.4,46.34,7.53,416.2,safflower,red soil
7.6,55.7,41.0,18.94,73.21,4.56,1380.9,greengram,laterite soil
0.8,19.7,41.7,35.04,38.34,6.44,2302.5,ragi,black soil
125.5,36.7,22.6,44.79,88.61,4.85,479.2,grapes,alluvial soil
15.5,25.2,29.4,19.99,57.07,6.48,568.6,lentil,black soil
70.1,44.9,49.2,33.58,51.81,6.5,583.6,cotton,red soil
24.1,20.1,23.2,25.9,67.72,6.82,575.4,greengram,black soil
20.9,32.1,29.8,26.24,52.92,6.77,532.9,greengram,alluvial soil
93.9,56.0,80.5,34.43,54.95,7.09,676.3,pomegranate,black soil
112.2,29.3,97.7,24.51,55.85,7.63,818.9,blackgram,red soil
90.1,54.9,95.5,21.98,66.16,7.15,664.7,grapes,red soil
109.4,46.4,60.7,18.47,64.12,7.35,826.4,onion,red soil
86.1,19.0,20.0,18.54,22.66,9.31,290.1,chickpea,alluvial soil
109.6,54.5,82.2,30.21,45.24,6.69,573.2,pomegranate,black soil
40.1,34.2,32.9,29.52,53.86,6.13,646.2,bajra,alluvial soil
37.0,71.0,9.3,31.46,69.93,7.2,1199.3,soybean,black soil
103.3,56.4,55.8,18.58,55.25,7.11,725.5,onion,red soil
15.3,34.2,25.2,19.75,54.95,6.0,542.4,lentil,alluvial soil
33.1,38.1,39.9,23.75,77.57,6.43,891.0,soybean,alluvial soil
79.7,41.4,54.0,28.77,64.26,6.38,606.7,cotton,red soil
103.0,41.2,60.0,25.63,57.96,6.53,831.1,onion,red soil
4.6,13.7,4.5,37.84,80.82,9.44,912.8,lentil,laterite soil
74.9,40.1,42.6,19.01,56.17,6.61,470.4,wheat,black soil
127.6,22.1,44.9,44.63,91.16,9.33,230.5,grapes,laterite soil
23.7,26.0,26.7,19.01,46.29,7.22,413.9,lentil,alluvial soil
20.2,28.1,24.6,26.55,54.12,6.96,537.8,greengram,alluvial soil
15.9,26.8,28.0,31.79,66.78,6.99,677.9,greengram,black soil
102.8,50.2,80.5,25.96,52.84,7.11,733.9,grapes,black soil
58.5,30.3,40.3,20.49,51.26,6.73,598.8,sunflower,black soil
105.1,45.2,58.0,28.73,64.46,6.69,842.4,tomato,red soil
45.8,37.4,39.0,28.11,68.41,6.82,871.7,soybean,black soil
62.9,44.5,75.2,42.42,45.01,8.28,1254.6,pigeonpeas,alluvial soil
53.8,34.3,35.3,24.16,49.16,6.73,605.0,sunflower,alluvial soil
28.7,20.1,30.0,33.56,62.55,6.65,688.8,greengram,alluvial soil
87.0,5.8,99.0,42.59,91.08,5.77,2335.1,wheat,alluvial soil
43.3,30.7,44.1,27.17,79.49,6.7,808.9,soybean,alluvial soil
61.1,39.9,42.7,23.01,68.31,6.19,479.9,wheat,alluvial soil
34.7,44.0,38.4,23.91,57.76,6.65,808.5,pigeonpeas,red soil
105.8,50.6,59.1,25.61,65.33,6.53,958.0,tomato,alluvial soil
35.7,36.5,33.6,26.36,54.09,6.24,581.5,groundnut,red soil
98.2,58.3,72.6,34.5,49.2,7.21,554.4,pomegranate,black soil
24.6,34.2,22.7,22.81,49.29,6.48,582.3,lentil,black soil
52.5,32.3,33.0,29.59,50.59,7.44,529.6,bajra,alluvial soil
116.9,58.1,78.0,28.21,64.2,6.54,894.9,grapes,black soil
90.3,53.9,81.0,32.14,46.95,7.18,713.7,pomegranate,red soil
